N,P,K,Temperature,Humidity,Ph,Rain,Crop
19.74,61.94,31.4,23.35,22.27,6.34,87.72,Arhar (Tur/Red Gram)(Whole)
97.41,84.04,48.84,22.75,77.35,6.51,132.87,Banana
99.7,73.96,41.23,25.97,83.75,6.34,145.62,Banana
35.5,59.84,16.05,26.14,73.65,6.75,68.38,Green Gram (Moong)(Whole)
33.61,51.48,32.05,26.06,51.74,5.62,98.75,Mango
100.75,75.38,49.87,22.15,83.82,5.67,164.52,Banana
85.46,88.71,45.9,28.81,82.7,6.93,136.83,Banana
86.83,71.94,42.16,22.69,76.12,6.28,213.23,Banana
3.66,23.11,31.36,22.1,94.49,5.7,104.79,Pomegranate
10.73,20.57,34.08,18.14,85.39,6.16,116.04,Pomegranate
15.99,51.55,20.98,34.0,81.45,6.69,65.91,Green Gram (Moong)(Whole)
21.31,36.71,22.73,25.5,51.17,5.48,94.78,Mango
33.92,70.13,53.11,15.7,55.66,7.12,80.71,Black Gram (Urd Beans)(Whole)
20.52,62.88,76.34,25.52,39.7,7.06,129.51,Black Gram (Urd Beans)(Whole)
12.6,46.68,24.1,28.65,51.31,5.19,95.54,Mango
90.34,82.47,42.48,26.21,76.49,6.8,169.48,Banana
89.65,73.26,45.02,28.68,83.75,5.63,139.64,Banana
14.8,130.94,198.56,30.73,84.12,6.33,76.75,Grapes
35.63,54.62,26.46,32.74,57.01,6.42,80.3,Mango
30.99,45.34,25.48,28.63,57.85,6.22,84.79,Mango
87.72,64.55,49.24,21.15,84.75,7.03,220.91,Banana
11.58,52.01,27.95,25.49,45.62,5.94,89.9,Mango
11.1,29.26,38.6,19.76,91.47,5.9,106.54,Pomegranate
72.64,63.19,44.72,26.36,65.04,6.97,80.24,Bhindi(Ladies Finger)
18.36,69.04,29.61,19.95,38.61,5.74,133.1,Arhar (Tur/Red Gram)(Whole)
27.76,67.66,16.6,19.25,32.22,6.17,123.74,Arhar (Tur/Red Gram)(Whole)
27.95,59.74,18.75,33.07,61.27,6.8,52.95,Green Gram (Moong)(Whole)
25.21,70.16,26.71,21.85,61.21,6.11,90.67,Arhar (Tur/Red Gram)(Whole)
39.45,57.53,18.64,31.83,61.16,7.49,73.71,Green Gram (Moong)(Whole)
12.49,55.88,23.54,32.03,55.0,6.39,97.13,Mango
8.07,29.43,39.03,23.16,86.48,6.49,108.07,Pomegranate
8.51,55.3,28.99,34.58,47.88,5.82,81.74,Mango
7.83,17.97,32.78,24.73,87.25,5.95,113.8,Pomegranate
15.9,137.64,192.32,28.7,84.18,6.17,63.65,Grapes
26.87,122.86,196.11,29.51,77.62,6.49,70.02,Grapes
35.13,53.75,20.22,27.22,63.21,7.22,47.36,Green Gram (Moong)(Whole)
92.88,84.42,49.5,23.64,75.12,7.04,128.03,Banana
12.49,23.54,32.38,21.73,92.51,5.86,116.64,Pomegranate
71.6,48.31,44.82,26.4,89.9,6.81,283.79,Rice
97.07,74.63,46.99,26.84,81.15,6.58,155.58,Banana
77.25,43.86,28.56,23.81,63.06,5.67,92.05,Apple
70.44,55.77,35.9,26.3,70.77,6.34,104.25,Bhindi(Ladies Finger)
5.05,19.31,33.27,25.0,87.77,6.27,101.68,Pomegranate
38.49,74.54,38.25,16.48,21.4,7.48,75.81,Black Gram (Urd Beans)(Whole)
36.51,72.88,17.54,29.06,42.56,5.72,117.62,Arhar (Tur/Red Gram)(Whole)
97.42,58.08,23.75,23.84,55.38,6.76,71.9,Apple
95.3,89.73,48.65,25.61,78.31,6.51,135.73,Banana
15.42,55.73,17.54,28.55,78.38,6.65,54.93,Green Gram (Moong)(Whole)
12.85,121.11,196.18,31.03,77.1,6.3,69.63,Grapes
8.29,59.36,27.02,32.18,55.23,5.37,89.99,Mango
27.36,53.07,30.53,31.98,53.99,5.11,94.61,Mango
87.96,47.63,21.26,20.51,58.96,6.35,84.2,Apple
22.28,58.43,20.23,25.59,69.29,6.58,68.2,Green Gram (Moong)(Whole)
89.16,57.18,51.84,29.05,65.9,7.24,99.56,Bhindi(Ladies Finger)
76.05,49.98,45.52,28.76,79.19,7.22,99.24,Bhindi(Ladies Finger)
101.27,71.98,46.68,21.9,79.54,7.46,122.17,Banana
91.76,71.7,48.31,24.03,80.54,6.9,103.22,Banana
94.39,54.05,43.45,27.03,70.63,6.48,84.42,Bhindi(Ladies Finger)
39.67,60.61,39.85,17.34,61.58,5.67,104.29,Arhar (Tur/Red Gram)(Whole)
87.67,48.97,47.44,24.47,73.09,6.69,84.11,Bhindi(Ladies Finger)
94.75,59.21,46.26,28.99,77.76,6.67,183.86,Banana
25.53,73.0,51.9,23.08,22.17,7.0,101.26,Black Gram (Urd Beans)(Whole)
16.42,145.28,199.86,31.67,75.26,6.24,61.24,Grapes
5.86,50.03,33.42,30.36,47.52,5.43,80.79,Mango
9.87,21.81,39.01,17.38,92.88,6.05,116.99,Pomegranate
49.99,62.01,67.71,16.27,65.93,6.5,90.94,Black Gram (Urd Beans)(Whole)
77.64,39.81,40.59,26.06,88.24,6.75,228.6,Rice
77.72,52.65,45.41,29.24,71.42,7.09,94.73,Bhindi(Ladies Finger)
79.78,48.39,35.43,25.83,68.28,6.32,99.82,Bhindi(Ladies Finger)
27.57,64.89,26.22,28.56,25.07,5.76,80.93,Arhar (Tur/Red Gram)(Whole)
91.87,68.47,44.99,26.68,80.1,5.99,109.02,Banana
21.02,58.56,17.21,34.63,81.44,6.72,43.12,Green Gram (Moong)(Whole)
11.24,26.12,38.22,21.03,91.4,6.08,103.66,Pomegranate
14.5,67.87,28.4,20.48,33.5,6.22,110.77,Arhar (Tur/Red Gram)(Whole)
62.95,45.03,40.65,23.18,87.43,6.95,288.62,Rice
70.23,50.47,44.15,23.69,72.15,6.56,80.13,Bhindi(Ladies Finger)
57.04,61.32,79.13,25.18,64.63,7.4,86.5,Black Gram (Urd Beans)(Whole)
15.49,58.52,20.22,30.23,78.95,6.83,64.03,Green Gram (Moong)(Whole)
70.66,30.4,27.92,20.84,55.9,6.57,98.08,Apple
20.61,148.31,184.68,31.23,82.17,6.05,63.03,Grapes
90.22,55.27,44.24,23.89,73.45,7.13,107.96,Bhindi(Ladies Finger)
39.98,56.93,16.95,27.64,67.61,6.69,69.32,Green Gram (Moong)(Whole)
33.24,42.17,30.72,34.62,49.46,5.35,84.63,Mango
23.31,51.65,24.2,32.05,79.16,7.06,62.96,Green Gram (Moong)(Whole)
31.83,50.49,19.85,34.11,81.37,7.38,55.41,Green Gram (Moong)(Whole)
72.92,53.11,25.39,23.55,53.74,5.68,72.53,Apple
24.88,55.22,23.1,28.78,71.56,6.55,77.46,Green Gram (Moong)(Whole)
8.7,17.13,31.16,24.33,87.92,6.39,102.61,Pomegranate
99.99,54.43,34.74,20.41,65.13,5.55,66.78,Apple
16.67,57.94,23.64,30.61,84.11,7.41,71.42,Green Gram (Moong)(Whole)
71.46,41.5,43.62,20.42,81.27,6.02,289.11,Rice
62.88,52.11,42.52,23.24,85.86,6.62,216.9,Rice
63.19,40.99,43.16,26.92,89.49,6.85,235.55,Rice
39.99,22.6,30.26,33.22,51.83,5.67,87.82,Mango
94.11,52.32,29.01,21.25,61.46,5.58,68.42,Apple
11.4,23.14,37.99,24.94,94.83,5.51,102.72,Pomegranate
98.38,31.67,22.45,24.72,69.48,6.06,95.95,Apple
85.3,51.84,51.0,29.45,68.35,6.28,93.33,Bhindi(Ladies Finger)
100.77,59.87,47.76,26.75,76.55,7.07,117.55,Banana
18.31,147.97,187.67,31.27,81.9,6.08,76.15,Grapes
90.77,72.66,44.89,28.51,76.33,6.39,110.94,Banana
57.05,63.66,43.58,25.83,52.5,7.09,133.42,Black Gram (Urd Beans)(Whole)
74.13,48.29,47.07,22.97,79.07,7.37,94.54,Bhindi(Ladies Finger)
101.07,84.32,43.79,20.93,79.1,6.74,141.18,Banana
83.12,49.99,38.86,24.05,64.4,6.54,65.22,Apple
14.73,126.93,182.72,29.31,75.03,6.2,72.92,Grapes
7.29,21.17,38.34,20.4,91.36,5.56,106.14,Pomegranate
4.32,26.97,35.04,15.04,93.53,5.87,118.63,Pomegranate
12.86,59.63,16.72,29.34,67.66,6.79,58.63,Green Gram (Moong)(Whole)
12.18,51.45,21.69,30.32,80.43,6.89,73.06,Green Gram (Moong)(Whole)
10.5,47.05,20.79,28.76,51.49,5.75,83.54,Mango
83.11,53.18,34.62,23.07,57.99,5.78,68.8,Apple
89.36,56.75,38.87,23.23,61.19,6.94,98.28,Apple
87.63,40.5,35.58,20.29,58.34,6.5,96.05,Apple
60.98,35.43,43.09,24.82,87.57,7.46,265.12,Rice
20.75,63.72,34.14,17.52,20.22,6.04,125.03,Arhar (Tur/Red Gram)(Whole)
25.63,127.6,187.77,31.31,79.58,6.48,61.04,Grapes
5.53,29.01,39.45,18.18,93.71,6.39,119.18,Pomegranate
101.11,71.16,47.05,28.1,79.59,6.16,93.9,Banana
5.4,22.39,33.65,15.14,92.03,5.95,100.18,Pomegranate
12.31,18.21,36.81,19.18,85.75,6.22,100.0,Pomegranate
12.44,29.55,33.48,25.99,58.62,5.52,99.69,Mango
29.08,141.08,181.88,29.84,81.12,6.27,76.58,Grapes
16.4,141.87,203.0,29.08,81.13,6.49,66.77,Grapes
75.23,54.99,35.68,24.58,73.75,6.84,94.44,Bhindi(Ladies Finger)
8.35,23.09,30.49,15.43,92.26,5.86,103.22,Pomegranate
69.91,46.42,43.29,24.14,88.2,7.04,263.67,Rice
89.96,71.21,45.32,28.78,75.4,6.26,124.47,Banana
25.66,133.34,194.51,29.22,78.24,6.04,78.55,Grapes
81.14,35.67,36.96,21.19,58.48,6.35,94.85,Apple
54.63,73.37,35.43,22.23,43.05,7.14,67.64,Black Gram (Urd Beans)(Whole)
29.65,149.21,200.37,28.67,77.93,6.01,71.58,Grapes
39.16,40.66,21.93,30.16,50.89,5.28,87.72,Mango
35.98,50.38,27.08,29.43,51.6,5.92,89.92,Mango
26.45,52.47,16.54,32.28,73.81,6.84,74.4,Green Gram (Moong)(Whole)
26.59,70.89,30.63,18.61,56.28,5.73,139.62,Arhar (Tur/Red Gram)(Whole)
10.73,27.96,36.86,22.5,85.69,6.15,118.24,Pomegranate
29.29,61.66,36.74,21.16,64.69,5.93,109.41,Arhar (Tur/Red Gram)(Whole)
13.43,67.28,16.39,24.7,62.12,6.29,132.24,Arhar (Tur/Red Gram)(Whole)
41.19,72.4,72.24,27.09,35.33,7.5,114.51,Black Gram (Urd Beans)(Whole)
28.46,54.74,23.52,31.51,65.68,7.47,55.07,Green Gram (Moong)(Whole)
93.04,72.47,46.05,25.39,78.01,7.31,107.58,Banana
87.1,46.5,44.9,22.09,78.6,6.57,95.32,Bhindi(Ladies Finger)
74.51,55.58,48.85,27.54,72.42,6.69,85.53,Bhindi(Ladies Finger)
3.76,28.67,37.97,20.79,91.65,5.83,117.3,Pomegranate
35.04,29.88,33.84,32.49,57.08,5.8,86.72,Mango
13.11,26.93,37.09,22.92,91.8,5.91,118.15,Pomegranate
68.96,50.95,43.31,25.67,81.04,7.01,293.03,Rice
85.17,60.18,49.52,26.56,79.02,5.9,213.94,Banana
49.31,60.34,60.04,19.11,67.78,6.58,73.44,Black Gram (Urd Beans)(Whole)
17.36,34.1,32.18,30.59,55.94,5.71,88.2,Mango
71.74,50.68,40.68,24.38,85.15,6.4,277.9,Rice
76.85,50.41,44.4,26.12,71.09,7.03,92.83,Bhindi(Ladies Finger)
25.71,78.37,53.22,24.54,39.65,6.76,90.54,Black Gram (Urd Beans)(Whole)
62.25,48.7,41.49,22.43,86.15,7.26,230.7,Rice
65.53,37.9,44.96,21.3,82.03,6.44,245.59,Rice
69.96,54.14,44.23,21.02,89.08,7.47,293.83,Rice
46.23,74.63,34.18,16.42,65.25,6.75,78.08,Black Gram (Urd Beans)(Whole)
10.7,57.5,23.03,33.1,63.02,7.2,70.88,Green Gram (Moong)(Whole)
53.02,61.02,67.97,17.84,51.18,7.49,65.07,Black Gram (Urd Beans)(Whole)
23.46,67.13,21.79,28.21,28.44,6.4,107.71,Arhar (Tur/Red Gram)(Whole)
14.5,54.87,23.31,25.84,60.66,7.46,50.84,Green Gram (Moong)(Whole)
78.24,36.54,43.83,23.26,89.26,7.42,262.2,Rice
83.07,58.63,38.83,29.19,77.02,6.98,92.95,Bhindi(Ladies Finger)
32.48,59.16,19.13,34.79,77.79,7.3,52.62,Green Gram (Moong)(Whole)
24.25,65.03,28.37,29.39,55.2,6.35,95.15,Arhar (Tur/Red Gram)(Whole)
12.39,36.15,29.82,34.41,49.06,5.64,84.3,Mango
14.46,124.25,205.6,28.16,83.6,6.32,75.82,Grapes
84.09,59.16,40.15,24.34,70.05,6.23,97.49,Bhindi(Ladies Finger)
38.31,30.67,32.72,34.76,48.24,5.28,95.43,Mango
87.88,94.03,45.1,20.89,82.83,5.89,117.96,Banana
20.15,143.45,180.24,28.87,81.82,6.37,61.41,Grapes
38.27,63.43,20.38,15.18,46.08,7.07,144.07,Black Gram (Urd Beans)(Whole)
20.27,136.83,181.85,30.92,80.02,6.29,61.84,Grapes
14.26,22.98,30.49,17.34,86.74,5.85,111.97,Pomegranate
11.91,29.68,32.69,20.52,85.9,6.19,117.97,Pomegranate
84.56,38.74,23.47,20.31,54.82,5.97,66.06,Apple
103.91,72.53,43.74,22.66,84.49,5.87,184.3,Banana
86.22,69.23,41.48,28.22,84.33,5.68,223.61,Banana
39.77,66.69,35.61,16.21,32.49,5.81,125.01,Arhar (Tur/Red Gram)(Whole)
28.74,68.56,26.5,19.43,43.91,5.6,113.48,Arhar (Tur/Red Gram)(Whole)
89.74,62.42,49.36,27.07,80.72,6.78,148.03,Banana
29.01,30.41,20.07,27.51,57.22,4.55,98.11,Mango
13.03,55.45,21.7,32.68,70.36,7.21,49.95,Green Gram (Moong)(Whole)
28.74,133.16,189.65,30.52,77.64,6.21,66.46,Grapes
73.67,42.45,24.54,23.34,65.56,6.55,94.01,Apple
30.44,73.05,42.86,23.54,66.74,6.99,79.62,Black Gram (Urd Beans)(Whole)
9.04,25.17,30.53,17.2,89.19,5.56,117.82,Pomegranate
11.65,149.65,186.79,29.69,79.21,6.05,65.97,Grapes
15.14,64.11,33.14,23.91,50.38,6.45,136.5,Arhar (Tur/Red Gram)(Whole)
27.63,60.75,18.38,29.99,28.51,5.98,84.56,Arhar (Tur/Red Gram)(Whole)
92.13,94.35,44.29,20.12,83.02,7.09,113.66,Banana
4.38,26.89,33.5,17.84,91.3,6.34,117.64,Pomegranate
26.72,76.99,66.41,22.1,20.35,7.37,78.04,Black Gram (Urd Beans)(Whole)
29.15,52.34,25.71,32.9,48.41,5.62,92.64,Mango
24.98,142.33,187.12,30.55,77.67,6.02,79.81,Grapes
38.41,61.79,32.74,16.78,37.99,5.95,118.9,Arhar (Tur/Red Gram)(Whole)
76.76,37.86,43.42,26.38,81.7,6.28,287.95,Rice
76.56,46.77,44.65,25.74,84.01,7.09,238.56,Rice
12.06,25.81,39.05,18.3,88.57,6.4,111.61,Pomegranate
73.6,52.37,43.98,24.46,88.16,7.1,225.37,Rice
78.74,54.61,40.68,22.51,70.86,6.33,92.03,Bhindi(Ladies Finger)
26.6,121.9,205.55,28.85,78.85,6.19,76.01,Grapes
15.94,30.21,28.02,33.46,54.18,6.44,82.86,Mango
30.53,64.21,32.83,18.47,30.95,5.57,104.24,Arhar (Tur/Red Gram)(Whole)
88.3,90.14,48.27,21.93,79.28,5.9,151.19,Banana
10.7,25.41,34.94,20.89,91.59,5.59,118.28,Pomegranate
73.15,53.96,37.16,23.25,71.53,7.31,109.52,Bhindi(Ladies Finger)
2.66,17.27,32.07,18.56,88.37,5.58,113.93,Pomegranate
74.39,37.4,42.2,21.68,87.22,6.19,294.48,Rice
45.93,76.81,37.62,16.91,56.02,7.27,114.41,Black Gram (Urd Beans)(Whole)
74.2,49.52,44.24,28.27,79.93,7.34,80.29,Bhindi(Ladies Finger)
22.14,149.3,190.99,30.19,79.69,6.19,77.72,Grapes
11.96,26.93,39.71,20.55,88.05,5.81,106.66,Pomegranate
11.38,43.9,27.25,25.35,51.8,5.81,89.18,Mango
20.48,49.19,21.24,31.2,48.13,6.33,87.56,Mango
20.7,77.49,25.72,27.39,39.64,6.68,94.51,Black Gram (Urd Beans)(Whole)
33.25,56.97,15.67,29.86,73.57,7.34,77.12,Green Gram (Moong)(Whole)
27.23,43.84,27.82,30.52,54.01,5.3,91.49,Mango
102.53,61.6,43.02,26.96,77.89,6.04,226.93,Banana
74.68,45.74,53.02,24.42,66.15,7.19,96.15,Bhindi(Ladies Finger)
37.34,66.28,61.47,26.38,50.96,6.89,136.39,Black Gram (Urd Beans)(Whole)
91.54,38.65,30.8,21.09,65.36,6.95,71.18,Apple
64.14,35.38,41.6,26.78,85.66,6.52,253.51,Rice
79.7,54.4,39.05,28.21,66.02,6.1,80.51,Bhindi(Ladies Finger)
94.63,73.05,49.46,23.0,82.22,6.04,146.27,Banana
100.7,93.21,44.58,27.48,82.73,7.21,179.69,Banana
35.13,55.76,20.35,27.29,80.55,6.99,40.69,Green Gram (Moong)(Whole)
37.29,53.78,24.65,32.7,69.78,6.84,53.23,Green Gram (Moong)(Whole)
86.18,45.63,43.9,26.28,77.4,6.65,83.54,Bhindi(Ladies Finger)
28.26,59.78,16.87,29.0,64.57,7.07,77.87,Green Gram (Moong)(Whole)
20.1,57.54,22.92,34.82,83.61,6.67,68.66,Green Gram (Moong)(Whole)
101.15,70.72,41.73,26.11,81.67,6.19,115.44,Banana
22.56,68.22,17.83,27.64,45.91,6.17,99.93,Arhar (Tur/Red Gram)(Whole)
6.54,26.46,24.93,25.28,54.97,5.82,87.86,Mango
36.85,55.98,17.93,34.52,66.85,6.56,58.25,Green Gram (Moong)(Whole)
88.71,55.3,39.34,22.98,53.34,6.59,65.27,Apple
63.45,35.48,44.94,21.12,81.17,6.41,212.7,Rice
94.76,64.51,52.99,23.25,67.25,7.27,98.4,Bhindi(Ladies Finger)
38.03,51.93,16.1,25.91,79.52,6.82,48.38,Green Gram (Moong)(Whole)
32.38,54.29,20.86,28.58,80.67,7.29,49.37,Green Gram (Moong)(Whole)
64.2,53.1,44.56,21.57,88.28,6.24,217.49,Rice
13.24,18.04,34.12,15.83,89.26,5.61,107.15,Pomegranate
89.2,64.03,46.38,28.69,77.57,6.71,93.68,Bhindi(Ladies Finger)
27.52,32.51,34.3,25.81,51.59,6.03,95.84,Mango
92.93,48.94,45.33,29.04,77.13,6.75,98.75,Bhindi(Ladies Finger)
71.34,51.33,23.0,22.97,53.8,6.8,93.32,Apple
24.45,40.97,34.12,29.29,53.36,5.11,80.19,Mango
93.91,88.67,45.57,20.99,83.41,7.28,100.54,Banana
22.61,61.78,18.6,27.82,64.56,6.19,97.18,Arhar (Tur/Red Gram)(Whole)
104.6,86.23,46.51,20.62,75.72,6.58,108.1,Banana
14.92,25.84,30.53,24.73,90.99,6.28,119.44,Pomegranate
29.05,122.61,182.61,29.77,81.31,6.06,71.94,Grapes
29.43,31.62,34.18,30.34,55.58,5.46,99.92,Mango
14.21,19.53,38.85,16.97,88.69,5.74,101.8,Pomegranate
46.61,72.16,53.3,26.1,69.15,6.98,121.58,Black Gram (Urd Beans)(Whole)
79.62,61.0,53.59,23.8,69.84,6.2,92.9,Bhindi(Ladies Finger)
97.23,64.14,48.78,25.85,82.27,5.66,139.74,Banana
78.89,46.17,39.92,26.14,66.81,7.3,108.6,Bhindi(Ladies Finger)
18.46,34.58,24.6,30.15,52.28,6.35,84.6,Mango
98.44,59.95,27.39,20.27,58.04,6.83,93.17,Apple
13.45,25.74,34.3,18.35,92.53,5.71,100.42,Pomegranate
29.35,55.0,20.69,32.46,75.8,7.18,73.52,Green Gram (Moong)(Whole)
85.74,62.43,50.67,26.15,71.82,6.71,99.15,Bhindi(Ladies Finger)
74.44,48.86,25.24,22.1,59.13,6.7,87.08,Apple
11.52,24.08,20.9,26.26,45.93,4.58,87.65,Mango
66.14,37.52,43.81,25.3,81.33,6.46,259.25,Rice
102.68,74.0,42.21,29.24,81.84,7.01,134.99,Banana
95.63,92.38,48.92,27.36,80.97,6.28,217.36,Banana
64.19,52.91,41.18,20.8,87.79,7.0,227.51,Rice
11.84,62.36,24.53,18.88,48.65,5.97,102.01,Arhar (Tur/Red Gram)(Whole)
69.65,38.7,41.03,25.82,85.16,6.97,227.89,Rice
94.57,46.51,30.88,20.03,56.25,5.58,81.48,Apple
28.7,66.0,53.15,18.14,64.03,7.14,90.96,Black Gram (Urd Beans)(Whole)
34.77,55.12,23.03,26.23,83.15,6.56,47.91,Green Gram (Moong)(Whole)
83.25,58.68,25.13,20.4,65.42,5.83,85.21,Apple
92.0,65.49,46.8,25.67,81.24,7.44,219.23,Banana
88.51,46.42,50.49,24.63,68.34,6.84,102.23,Bhindi(Ladies Finger)
30.59,74.3,23.65,28.09,36.19,6.16,135.23,Arhar (Tur/Red Gram)(Whole)
11.21,62.11,17.28,20.24,45.11,5.6,137.28,Arhar (Tur/Red Gram)(Whole)
68.5,42.27,40.61,22.32,88.53,6.75,239.75,Rice
2.04,20.5,35.79,23.7,89.39,6.12,111.73,Pomegranate
100.38,59.01,47.97,28.34,81.83,6.96,163.95,Banana
22.84,148.31,193.7,31.78,77.57,6.21,78.71,Grapes
89.32,46.77,53.56,27.46,67.33,6.33,98.77,Bhindi(Ladies Finger)
11.02,143.5,185.89,30.4,80.65,6.14,66.15,Grapes
9.02,49.95,24.03,27.99,58.41,4.58,91.72,Mango
84.84,58.97,46.11,23.5,74.49,6.31,90.99,Bhindi(Ladies Finger)
60.07,47.65,43.65,24.72,88.06,7.21,208.9,Rice
7.38,21.9,31.65,18.33,88.94,5.54,103.89,Pomegranate
22.16,69.97,64.61,25.84,38.5,6.81,72.82,Black Gram (Urd Beans)(Whole)
16.95,74.04,16.86,17.42,53.96,6.2,100.39,Arhar (Tur/Red Gram)(Whole)
84.31,39.57,34.01,24.22,62.65,5.57,78.1,Apple
7.98,22.31,37.33,17.34,85.89,5.96,106.36,Pomegranate
22.22,66.67,15.22,25.62,40.54,6.45,136.11,Arhar (Tur/Red Gram)(Whole)
30.37,74.96,48.37,20.44,59.14,6.9,103.15,Black Gram (Urd Beans)(Whole)
28.75,61.25,69.85,21.31,68.43,6.85,71.14,Black Gram (Urd Beans)(Whole)
79.12,37.46,40.43,22.38,86.73,6.02,275.89,Rice
74.7,46.71,43.5,24.88,82.32,6.36,280.56,Rice
58.91,78.06,22.23,15.82,28.13,7.49,79.24,Black Gram (Urd Beans)(Whole)
79.36,49.05,38.33,20.38,54.8,5.5,78.03,Apple
56.18,62.97,32.31,17.08,21.67,6.61,149.41,Black Gram (Urd Beans)(Whole)
95.67,74.44,41.42,28.02,81.96,6.93,166.2,Banana
84.76,61.63,41.2,29.21,66.83,6.6,109.23,Bhindi(Ladies Finger)
10.38,145.55,184.36,28.19,79.44,6.25,64.66,Grapes
19.2,55.67,18.04,33.61,83.43,7.48,74.37,Green Gram (Moong)(Whole)
58.48,60.09,76.53,25.8,15.97,6.6,141.03,Black Gram (Urd Beans)(Whole)
97.36,91.51,48.32,28.37,76.16,6.92,178.35,Banana
88.21,48.46,30.8,23.57,53.92,5.66,62.77,Apple
12.42,15.45,31.99,20.03,93.52,6.18,119.4,Pomegranate
35.03,38.45,31.8,32.49,45.1,5.57,81.54,Mango
29.13,62.82,25.6,25.35,20.67,5.79,120.47,Arhar (Tur/Red Gram)(Whole)
33.47,71.26,39.28,26.14,26.22,5.67,101.18,Arhar (Tur/Red Gram)(Whole)
89.93,49.69,51.86,26.63,79.89,6.63,85.63,Bhindi(Ladies Finger)
27.42,72.64,29.44,21.0,25.22,5.86,97.4,Arhar (Tur/Red Gram)(Whole)
24.18,126.82,200.29,30.78,76.45,6.37,76.19,Grapes
94.23,52.79,44.03,23.57,70.35,6.18,98.92,Bhindi(Ladies Finger)
37.24,79.6,26.14,19.04,52.64,7.07,115.05,Black Gram (Urd Beans)(Whole)
74.38,52.71,40.11,22.09,88.79,7.22,210.24,Rice
11.16,28.03,39.71,18.09,87.35,6.0,111.12,Pomegranate
28.81,71.6,16.78,16.17,64.12,5.68,107.68,Arhar (Tur/Red Gram)(Whole)
3.2,15.3,33.09,18.62,86.2,6.13,109.81,Pomegranate
94.43,52.05,43.82,27.26,74.52,7.41,95.17,Bhindi(Ladies Finger)
35.27,26.04,29.46,32.19,46.37,5.54,91.48,Mango
34.88,51.81,15.37,29.94,60.05,7.09,61.66,Green Gram (Moong)(Whole)
73.92,38.85,40.03,22.55,89.24,6.49,224.0,Rice
33.34,54.89,15.5,30.24,60.62,7.34,66.31,Green Gram (Moong)(Whole)
77.01,35.55,36.74,24.59,63.17,6.51,96.6,Apple
75.76,49.01,35.84,29.49,79.0,6.61,102.51,Bhindi(Ladies Finger)
4.82,21.64,34.45,15.18,91.38,6.16,115.98,Pomegranate
93.81,72.63,48.6,21.79,76.63,6.36,133.28,Banana
19.98,56.19,24.3,32.37,75.38,6.84,58.29,Green Gram (Moong)(Whole)
27.53,149.65,193.09,29.21,84.12,6.35,64.84,Grapes
88.61,63.37,48.75,21.92,77.74,6.01,177.79,Banana
8.72,26.42,36.1,21.21,93.03,5.5,116.08,Pomegranate
4.68,27.58,36.82,18.03,88.03,6.3,118.97,Pomegranate
76.42,39.81,42.09,20.83,86.21,7.13,271.5,Rice
99.36,35.09,31.9,23.84,62.19,6.57,79.05,Apple
54.81,65.57,24.49,26.82,39.15,6.7,103.47,Black Gram (Urd Beans)(Whole)
89.9,64.78,45.66,27.99,71.4,6.99,89.32,Bhindi(Ladies Finger)
11.72,23.43,30.28,20.65,94.99,5.66,107.77,Pomegranate
95.59,85.22,48.88,26.45,80.22,6.4,167.86,Banana
87.86,94.52,41.76,23.56,77.0,5.74,164.49,Banana
23.66,79.64,63.72,24.2,46.13,7.25,94.35,Black Gram (Urd Beans)(Whole)
23.16,57.15,17.9,32.2,64.71,7.18,44.68,Green Gram (Moong)(Whole)
70.82,63.7,38.23,27.73,72.84,6.15,103.39,Bhindi(Ladies Finger)
70.27,42.15,42.81,22.42,81.66,7.25,297.26,Rice
86.26,40.84,36.53,24.47,69.69,6.33,60.91,Apple
84.29,60.68,38.29,27.59,76.09,6.19,92.53,Bhindi(Ladies Finger)
24.18,52.57,23.23,30.04,74.5,7.07,60.92,Green Gram (Moong)(Whole)
27.8,72.32,69.02,18.11,54.66,6.95,129.17,Black Gram (Urd Beans)(Whole)
91.8,62.43,43.47,29.54,69.31,6.03,90.04,Bhindi(Ladies Finger)
20.32,54.97,29.83,31.3,59.01,5.8,91.68,Mango
2.64,15.33,32.15,18.7,86.15,5.57,103.1,Pomegranate
29.28,27.06,22.67,25.63,47.66,5.61,92.32,Mango
8.33,42.68,34.72,32.6,58.75,4.69,82.2,Mango
75.79,35.71,44.31,26.46,89.82,7.04,250.49,Rice
73.35,54.27,40.44,24.98,81.32,7.16,263.98,Rice
77.91,54.85,31.92,21.32,57.36,6.66,94.08,Apple
67.57,41.04,41.91,25.4,88.74,6.89,252.0,Rice
93.6,46.05,27.19,23.35,62.09,6.12,96.11,Apple
14.58,47.08,25.74,25.57,58.25,6.48,92.04,Mango
79.77,42.22,31.89,23.2,60.79,6.18,67.11,Apple
90.99,67.14,47.52,23.23,83.33,7.31,219.87,Banana
27.87,67.84,37.57,26.23,15.62,6.78,121.15,Black Gram (Urd Beans)(Whole)
31.48,77.51,51.01,21.78,21.7,6.8,117.04,Black Gram (Urd Beans)(Whole)
38.71,73.46,66.29,15.49,33.57,6.9,93.8,Black Gram (Urd Beans)(Whole)
46.83,68.99,40.1,17.58,66.04,6.97,81.27,Black Gram (Urd Beans)(Whole)
50.85,67.34,56.07,23.78,16.82,6.94,65.63,Black Gram (Urd Beans)(Whole)
15.5,146.22,202.84,30.93,83.39,6.16,67.08,Grapes
17.27,55.45,22.24,33.16,80.81,7.48,61.33,Green Gram (Moong)(Whole)
29.0,52.37,16.97,31.61,66.38,6.51,76.71,Green Gram (Moong)(Whole)
67.48,49.75,40.07,26.48,81.2,7.18,299.5,Rice
67.54,47.18,44.54,24.19,85.19,7.34,258.22,Rice
79.25,41.49,40.41,24.93,80.13,6.22,293.11,Rice
94.62,43.82,31.6,22.03,69.82,5.67,97.84,Apple
13.37,15.05,38.9,21.99,93.09,6.05,103.39,Pomegranate
21.27,148.49,182.11,28.77,75.9,6.25,66.06,Grapes
31.11,57.8,24.79,26.56,49.41,5.9,99.45,Mango
11.22,65.94,22.25,27.04,64.03,6.41,92.14,Arhar (Tur/Red Gram)(Whole)
6.02,29.73,36.88,17.41,94.91,6.13,112.86,Pomegranate
83.64,43.14,33.48,20.55,52.92,6.02,72.17,Apple
89.48,63.07,35.65,24.56,66.18,6.08,87.55,Bhindi(Ladies Finger)
27.8,131.16,195.98,29.24,79.96,6.16,65.13,Grapes
41.58,61.91,16.95,29.11,43.93,6.26,128.23,Arhar (Tur/Red Gram)(Whole)
89.15,71.84,48.04,28.99,78.46,6.14,119.21,Banana
14.42,25.27,37.37,15.06,89.85,6.41,104.35,Pomegranate
80.49,37.73,32.08,22.51,67.97,6.47,84.33,Apple
91.99,42.2,35.04,20.89,66.96,6.93,87.52,Apple
28.93,74.74,36.6,23.17,26.15,6.23,86.69,Arhar (Tur/Red Gram)(Whole)
7.72,24.33,33.25,24.66,86.43,5.62,114.69,Pomegranate
14.85,56.4,18.38,29.55,83.53,6.85,43.56,Green Gram (Moong)(Whole)
23.69,64.1,17.97,26.06,64.03,6.0,108.33,Arhar (Tur/Red Gram)(Whole)
24.86,50.17,16.17,26.34,60.11,6.91,69.88,Green Gram (Moong)(Whole)
13.95,23.16,32.52,22.52,92.24,6.16,107.35,Pomegranate
15.05,67.51,26.16,20.84,31.45,5.61,125.27,Arhar (Tur/Red Gram)(Whole)
43.59,68.62,78.68,23.38,45.94,7.05,63.78,Black Gram (Urd Beans)(Whole)
95.74,78.7,47.19,20.19,77.13,7.22,173.94,Banana
84.95,56.64,37.21,24.13,76.82,7.16,89.77,Bhindi(Ladies Finger)
20.09,53.43,23.14,31.11,60.72,7.02,64.96,Green Gram (Moong)(Whole)
75.5,49.36,42.78,25.42,87.16,6.14,274.65,Rice
63.62,49.91,42.94,26.65,82.13,7.4,216.44,Rice
90.1,87.39,46.62,26.41,85.0,6.01,204.43,Banana
36.23,20.14,21.69,34.71,45.32,4.65,85.35,Mango
78.67,59.06,35.51,24.46,63.56,6.92,98.98,Apple
24.78,129.38,183.38,30.94,75.16,6.29,73.47,Grapes
10.07,17.25,36.57,20.42,87.98,6.24,119.55,Pomegranate
11.23,138.95,194.14,31.3,78.26,6.38,61.5,Grapes
20.97,64.18,32.54,25.01,44.83,7.34,120.61,Black Gram (Urd Beans)(Whole)
101.58,71.14,47.69,22.45,77.02,6.73,135.0,Banana
80.85,32.96,24.23,20.44,53.51,5.9,91.53,Apple
31.03,25.98,24.43,32.72,48.74,6.08,82.25,Mango
27.38,69.12,16.64,19.42,29.12,5.95,117.31,Arhar (Tur/Red Gram)(Whole)
32.51,33.28,24.75,31.0,58.34,4.53,100.0,Mango
24.39,71.38,62.2,27.86,67.26,6.8,119.1,Black Gram (Urd Beans)(Whole)
5.87,26.55,38.73,15.23,88.97,6.03,115.88,Pomegranate
21.18,142.12,208.73,28.48,75.77,6.07,60.29,Grapes
87.72,52.99,52.52,28.48,68.89,7.44,101.88,Bhindi(Ladies Finger)
48.22,61.59,79.87,16.06,32.84,6.68,60.65,Black Gram (Urd Beans)(Whole)
11.08,29.97,36.38,21.79,89.29,5.98,115.48,Pomegranate
3.51,26.57,39.32,16.03,88.54,6.15,103.57,Pomegranate
27.39,120.72,209.14,30.2,80.8,6.06,63.4,Grapes
83.33,54.5,22.12,20.7,50.2,6.41,68.36,Apple
40.3,63.2,20.44,27.28,33.56,7.14,83.54,Black Gram (Urd Beans)(Whole)
27.06,132.36,209.07,29.7,76.6,6.27,60.1,Grapes
90.95,63.84,53.88,23.14,65.23,6.04,109.97,Bhindi(Ladies Finger)
69.67,49.71,44.98,23.58,89.34,6.47,239.68,Rice
87.45,49.75,32.15,20.83,57.6,5.83,63.76,Apple
22.54,28.36,24.57,30.01,58.23,5.45,94.43,Mango
88.05,48.34,31.27,22.34,58.91,6.96,96.7,Apple
36.89,50.62,19.37,25.4,79.28,6.7,48.64,Green Gram (Moong)(Whole)
14.38,148.4,194.41,30.86,79.05,6.15,79.93,Grapes
72.98,31.12,20.4,20.17,51.1,6.42,81.83,Apple
4.04,22.61,36.12,17.64,85.34,6.28,115.9,Pomegranate
73.02,51.27,50.57,26.35,70.35,7.42,91.94,Bhindi(Ladies Finger)
14.83,29.36,37.77,16.38,88.99,5.89,111.32,Pomegranate
76.18,38.91,44.93,23.49,86.98,6.71,297.81,Rice
85.34,51.09,41.98,26.86,75.89,6.85,94.73,Bhindi(Ladies Finger)
35.53,66.15,20.89,18.96,38.82,6.44,112.39,Arhar (Tur/Red Gram)(Whole)
96.29,66.88,49.67,22.26,76.02,5.83,96.84,Banana
88.47,48.97,54.96,29.08,70.89,7.42,109.96,Bhindi(Ladies Finger)
38.5,55.51,24.88,26.42,84.9,6.92,50.53,Green Gram (Moong)(Whole)
29.85,74.38,38.93,27.58,19.42,6.42,109.6,Arhar (Tur/Red Gram)(Whole)
82.15,40.93,39.9,24.73,60.83,5.56,77.1,Apple
13.88,58.81,20.48,26.21,81.89,7.46,79.84,Green Gram (Moong)(Whole)
28.23,123.8,209.27,30.28,82.56,6.12,77.94,Grapes
41.91,65.01,28.12,27.66,53.92,6.08,101.36,Arhar (Tur/Red Gram)(Whole)
18.7,44.55,32.2,29.54,56.84,6.24,88.62,Mango
87.62,94.98,47.77,29.17,83.89,6.42,191.36,Banana
100.62,81.75,47.3,23.33,76.45,7.47,176.15,Banana
10.07,26.97,31.93,15.54,90.54,6.18,108.68,Pomegranate
76.37,55.9,34.15,24.93,60.56,5.63,76.8,Apple
7.67,55.7,33.27,30.06,59.98,5.31,84.16,Mango
26.64,35.03,32.27,29.05,45.33,6.1,81.37,Mango
60.26,38.46,42.22,24.34,86.83,7.17,210.66,Rice
73.06,30.11,26.46,22.7,60.91,6.25,84.94,Apple
39.23,54.42,17.2,32.5,74.32,6.87,41.17,Green Gram (Moong)(Whole)
75.86,36.95,34.91,21.81,61.6,5.89,78.39,Apple
85.16,93.14,46.78,27.35,82.15,7.33,188.59,Banana
25.13,62.16,31.34,17.38,57.94,5.72,119.98,Arhar (Tur/Red Gram)(Whole)
9.42,25.66,30.13,23.28,86.36,6.47,103.72,Pomegranate
64.37,39.47,43.0,26.18,81.44,6.68,255.33,Rice
98.45,65.38,43.69,20.43,77.13,5.58,159.68,Banana
39.56,69.66,31.27,25.54,21.08,5.97,124.1,Arhar (Tur/Red Gram)(Whole)
97.84,75.65,49.83,25.72,80.83,6.05,170.13,Banana
32.42,78.87,22.98,25.83,56.1,6.62,81.54,Black Gram (Urd Beans)(Whole)
77.32,53.65,47.94,23.25,72.83,6.85,94.22,Bhindi(Ladies Finger)
27.69,52.3,21.76,33.27,74.02,6.79,57.78,Green Gram (Moong)(Whole)
83.57,55.45,25.25,20.94,69.0,6.33,92.88,Apple
65.64,44.45,40.79,26.43,88.68,7.15,253.68,Rice
10.69,73.22,26.37,21.48,42.98,6.02,110.22,Arhar (Tur/Red Gram)(Whole)
38.91,23.65,21.68,29.64,49.95,5.42,92.32,Mango
27.09,67.76,25.52,18.72,28.66,5.66,94.2,Arhar (Tur/Red Gram)(Whole)
23.5,60.49,52.34,27.03,33.88,7.4,74.15,Black Gram (Urd Beans)(Whole)
14.08,26.14,39.89,20.53,87.55,5.95,103.6,Pomegranate
18.15,45.25,25.61,34.46,58.93,4.92,98.64,Mango
17.19,63.04,24.01,16.54,49.82,5.69,98.74,Arhar (Tur/Red Gram)(Whole)
14.52,139.66,182.42,30.11,75.81,6.39,79.76,Grapes
84.53,54.01,20.27,23.64,53.29,5.74,95.89,Apple
87.81,59.65,44.04,27.24,79.28,5.76,124.74,Banana
29.64,51.85,16.76,26.96,64.86,7.17,67.04,Green Gram (Moong)(Whole)
94.25,59.61,48.02,29.21,80.35,7.11,229.57,Banana
27.55,54.39,24.1,27.44,72.01,6.88,54.91,Green Gram (Moong)(Whole)
27.28,77.75,45.16,20.83,16.8,6.84,88.59,Black Gram (Urd Beans)(Whole)
7.51,25.4,38.35,16.62,94.34,6.43,105.95,Pomegranate
78.82,30.15,32.54,21.1,66.01,6.49,72.86,Apple
90.4,31.8,34.39,23.04,58.66,6.02,80.24,Apple
25.76,62.32,15.51,26.59,30.23,6.45,130.04,Arhar (Tur/Red Gram)(Whole)
98.66,34.43,39.16,22.04,65.89,6.74,69.97,Apple
28.91,134.1,208.91,31.01,82.27,6.11,77.74,Grapes
25.61,129.84,193.04,28.24,84.8,6.49,75.64,Grapes
22.73,43.72,22.76,29.22,49.93,5.78,99.39,Mango
79.35,52.52,40.65,25.07,81.74,6.7,278.26,Rice
13.09,142.85,198.75,30.81,76.37,6.05,77.28,Grapes
69.54,40.67,44.01,21.68,84.51,6.92,269.08,Rice
69.48,44.21,44.47,26.76,89.94,6.01,228.92,Rice
17.44,125.04,197.57,30.54,83.26,6.02,60.78,Grapes
37.02,63.49,71.64,15.67,24.3,6.66,137.04,Black Gram (Urd Beans)(Whole)
21.27,59.03,21.0,33.46,62.41,6.65,54.84,Green Gram (Moong)(Whole)
96.03,39.57,37.74,21.15,63.33,6.16,93.66,Apple
75.18,36.02,33.32,23.06,51.26,6.38,63.78,Apple
95.4,93.95,44.88,27.07,77.3,7.37,168.82,Banana
52.64,60.79,52.56,15.31,37.6,7.4,107.52,Black Gram (Urd Beans)(Whole)
2.31,23.64,31.96,29.23,53.05,5.16,97.03,Mango
18.0,63.98,22.03,23.38,36.92,6.04,115.96,Arhar (Tur/Red Gram)(Whole)
64.24,49.85,42.15,22.88,83.02,6.17,284.1,Rice
31.04,70.27,43.48,23.99,40.34,6.76,61.17,Black Gram (Urd Beans)(Whole)
101.34,77.15,41.6,27.38,75.59,7.21,150.12,Banana
22.45,60.31,30.55,16.82,53.75,6.16,120.65,Arhar (Tur/Red Gram)(Whole)
75.32,35.18,40.02,21.76,85.56,6.5,229.51,Rice
71.85,49.5,25.34,22.73,52.77,6.43,87.4,Apple
15.44,63.92,31.95,27.14,49.67,5.91,131.07,Arhar (Tur/Red Gram)(Whole)
29.64,120.55,182.96,31.44,77.8,6.05,60.03,Grapes
27.98,22.76,32.54,28.41,50.72,5.75,97.58,Mango
29.86,139.19,188.31,30.94,75.78,6.1,65.45,Grapes
83.21,61.74,44.96,26.46,78.79,7.18,93.51,Bhindi(Ladies Finger)
89.9,58.3,39.74,24.73,78.62,6.97,81.37,Bhindi(Ladies Finger)
20.44,50.51,24.93,31.64,64.36,7.28,44.18,Green Gram (Moong)(Whole)
32.71,68.95,17.79,22.39,64.8,6.13,107.65,Arhar (Tur/Red Gram)(Whole)
25.3,140.81,190.42,30.26,80.55,6.1,78.85,Grapes
14.33,74.17,21.03,24.97,15.11,5.71,139.36,Arhar (Tur/Red Gram)(Whole)
93.59,53.91,23.97,24.27,50.48,6.98,91.5,Apple
13.29,19.03,39.65,16.58,85.9,5.68,100.13,Pomegranate
77.93,52.25,41.76,22.52,82.71,6.08,266.55,Rice
3.86,29.83,36.02,23.82,94.46,5.84,106.19,Pomegranate
21.52,142.16,203.88,28.48,81.24,6.29,65.65,Grapes
38.99,30.62,27.27,29.49,47.8,4.97,91.49,Mango
25.34,59.48,29.57,27.95,56.27,6.0,90.75,Mango
34.53,76.55,47.58,27.84,21.76,7.4,76.63,Black Gram (Urd Beans)(Whole)
24.44,64.97,37.48,27.91,41.74,7.19,137.92,Black Gram (Urd Beans)(Whole)
38.73,64.5,54.51,27.29,44.05,7.29,128.67,Black Gram (Urd Beans)(Whole)
39.23,53.81,24.03,26.0,77.84,7.14,63.06,Green Gram (Moong)(Whole)
32.99,52.01,15.84,34.1,83.88,6.77,67.02,Green Gram (Moong)(Whole)
41.72,60.79,31.96,17.17,50.75,6.26,110.11,Arhar (Tur/Red Gram)(Whole)
98.96,38.02,37.14,23.05,59.37,6.56,84.97,Apple
13.25,21.12,37.68,24.68,85.44,5.85,107.49,Pomegranate
20.07,121.29,205.63,29.61,83.92,6.49,74.45,Grapes
94.59,72.63,43.05,21.3,83.1,6.13,169.35,Banana
32.21,58.61,19.34,34.33,78.55,7.45,69.82,Green Gram (Moong)(Whole)
93.48,65.68,41.74,21.76,83.94,6.14,204.84,Banana
79.32,50.55,51.27,26.31,72.85,6.63,84.47,Bhindi(Ladies Finger)
10.99,132.35,209.78,29.84,81.71,6.39,76.74,Grapes
90.65,45.75,40.32,29.34,75.63,7.23,93.35,Bhindi(Ladies Finger)
71.39,47.05,32.83,22.62,56.69,5.51,71.0,Apple
102.36,79.11,45.93,29.95,76.17,7.39,199.76,Banana
64.48,42.5,41.41,20.22,81.67,6.51,240.5,Rice
31.53,72.69,38.72,25.11,59.4,6.22,98.62,Arhar (Tur/Red Gram)(Whole)
92.36,55.17,38.14,27.42,74.73,7.45,105.11,Bhindi(Ladies Finger)
98.51,67.93,47.81,23.15,83.36,6.8,194.68,Banana
13.0,17.74,34.23,24.82,94.11,5.83,111.7,Pomegranate
70.86,52.57,42.98,25.36,83.95,7.08,235.01,Rice
96.92,41.96,38.86,22.61,51.5,6.06,83.01,Apple
15.0,72.42,16.34,22.75,41.72,5.67,129.64,Arhar (Tur/Red Gram)(Whole)
69.63,50.38,42.51,25.51,87.53,6.73,291.35,Rice
91.06,85.86,47.58,20.57,78.12,5.57,221.79,Banana
18.7,46.87,26.39,34.98,50.15,5.06,93.94,Mango
43.73,66.73,45.23,23.12,31.96,7.12,116.34,Black Gram (Urd Beans)(Whole)
42.14,74.62,17.19,24.8,32.64,6.45,92.45,Arhar (Tur/Red Gram)(Whole)
25.68,68.52,18.95,15.78,45.65,6.03,120.43,Arhar (Tur/Red Gram)(Whole)
101.03,91.6,41.4,27.37,78.53,7.19,181.0,Banana
4.77,23.57,32.44,15.6,88.54,5.64,100.86,Pomegranate
16.71,44.7,23.35,25.79,49.74,6.07,93.88,Mango
25.46,62.64,41.03,18.02,51.5,7.16,76.36,Black Gram (Urd Beans)(Whole)
17.08,41.95,26.28,28.34,58.09,4.63,85.84,Mango
27.36,51.58,22.13,27.59,83.76,7.17,46.82,Green Gram (Moong)(Whole)
26.07,64.58,15.73,18.53,30.56,6.38,121.39,Arhar (Tur/Red Gram)(Whole)
18.51,22.97,22.13,32.81,57.01,4.54,80.13,Mango
13.6,26.04,39.14,24.26,92.38,6.33,100.2,Pomegranate
5.17,40.84,25.93,28.18,51.78,5.26,97.37,Mango
19.97,139.78,201.76,31.36,83.53,6.3,73.85,Grapes
17.96,45.16,30.05,25.19,50.38,5.52,90.59,Mango
27.61,137.84,189.26,28.1,80.56,6.17,64.61,Grapes
21.68,42.94,27.01,30.92,51.84,5.91,81.32,Mango
86.59,61.38,50.15,28.97,70.9,6.18,93.09,Bhindi(Ladies Finger)
76.16,54.85,44.48,24.79,80.08,7.19,288.27,Rice
20.62,76.66,45.42,24.51,42.25,7.24,148.45,Black Gram (Urd Beans)(Whole)
40.82,66.06,23.36,15.68,63.49,6.14,83.81,Arhar (Tur/Red Gram)(Whole)
11.44,20.24,36.31,15.44,91.7,5.67,116.52,Pomegranate
25.12,51.62,22.53,26.0,83.55,7.24,49.59,Green Gram (Moong)(Whole)
76.94,59.09,27.97,22.7,53.62,6.77,73.66,Apple
37.8,58.72,16.97,28.86,83.61,6.69,59.02,Green Gram (Moong)(Whole)
28.38,53.62,18.12,27.82,77.68,6.6,74.4,Green Gram (Moong)(Whole)
10.5,24.26,38.12,18.22,86.64,6.25,103.95,Pomegranate
77.35,59.83,50.15,28.18,73.08,6.99,83.39,Bhindi(Ladies Finger)
13.7,47.76,34.86,34.09,48.46,6.33,94.48,Mango
67.97,42.48,44.03,26.76,83.63,7.12,214.43,Rice
68.57,53.07,42.95,23.11,83.81,6.68,233.82,Rice
20.95,121.05,203.39,28.17,75.69,6.47,69.33,Grapes
89.96,64.47,37.55,22.06,73.19,6.9,83.92,Bhindi(Ladies Finger)
97.19,79.4,44.26,22.27,84.95,6.91,228.89,Banana
104.56,93.69,48.02,22.98,78.95,6.69,224.92,Banana
33.1,66.66,38.77,24.1,54.7,7.17,109.28,Black Gram (Urd Beans)(Whole)
93.77,79.97,46.41,26.95,78.8,6.07,151.99,Banana
27.85,72.38,46.78,27.25,37.01,7.14,110.73,Black Gram (Urd Beans)(Whole)
20.34,58.91,22.68,32.87,83.78,6.85,45.29,Green Gram (Moong)(Whole)
16.29,50.01,22.86,29.0,68.49,7.28,59.86,Green Gram (Moong)(Whole)
75.45,49.08,54.06,22.37,68.02,6.77,93.92,Bhindi(Ladies Finger)
15.3,123.98,209.92,31.49,80.39,6.34,66.06,Grapes
37.23,58.4,30.8,34.45,57.36,5.86,85.56,Mango
83.38,52.58,44.82,24.93,71.56,6.44,98.97,Bhindi(Ladies Finger)
101.73,60.01,43.83,24.65,78.73,5.61,118.87,Banana
72.0,49.4,39.51,22.11,67.26,6.16,89.73,Bhindi(Ladies Finger)
92.49,49.86,39.72,27.42,65.68,6.48,91.04,Bhindi(Ladies Finger)
15.59,64.44,26.69,28.82,43.79,5.53,133.95,Arhar (Tur/Red Gram)(Whole)
76.7,52.84,29.27,23.93,64.08,6.88,73.26,Apple
99.86,46.23,22.86,24.11,62.77,5.66,74.62,Apple
33.95,62.26,33.12,26.34,50.17,6.28,101.84,Arhar (Tur/Red Gram)(Whole)
34.27,56.16,33.07,28.44,46.98,5.12,89.74,Mango
14.18,68.84,23.32,27.34,33.06,5.9,119.88,Arhar (Tur/Red Gram)(Whole)
10.43,55.69,20.0,25.27,62.25,7.19,57.36,Green Gram (Moong)(Whole)
73.44,53.01,43.41,25.43,83.28,6.32,224.91,Rice
98.16,70.16,42.22,23.65,76.2,7.41,208.12,Banana
87.35,72.85,42.63,29.18,81.64,7.19,181.88,Banana
74.08,39.87,43.12,26.82,87.77,6.29,229.35,Rice
8.69,26.77,30.6,25.27,54.17,5.17,82.35,Mango
14.55,27.81,36.99,22.31,87.53,6.14,108.92,Pomegranate
25.42,72.92,42.99,25.1,55.14,7.2,143.33,Black Gram (Urd Beans)(Whole)
5.71,23.1,34.95,18.04,86.31,5.85,100.33,Pomegranate
24.26,61.43,17.62,20.83,23.96,5.61,87.72,Arhar (Tur/Red Gram)(Whole)
39.11,60.34,47.49,27.71,55.71,6.75,98.61,Black Gram (Urd Beans)(Whole)
41.9,61.26,68.72,19.96,24.83,6.97,105.45,Black Gram (Urd Beans)(Whole)
15.15,62.2,39.35,25.31,51.61,6.35,114.52,Arhar (Tur/Red Gram)(Whole)
99.36,92.94,41.57,25.27,82.76,7.08,175.84,Banana
27.58,63.85,23.31,18.74,20.7,5.69,101.23,Arhar (Tur/Red Gram)(Whole)
14.47,139.03,184.86,31.76,76.48,6.05,69.23,Grapes
87.2,53.91,34.9,20.26,66.34,6.77,94.02,Apple
26.62,62.0,69.06,21.98,47.22,7.39,122.69,Black Gram (Urd Beans)(Whole)
67.0,46.63,44.45,23.69,86.43,6.01,290.73,Rice
24.52,51.95,15.74,30.71,61.55,7.11,51.57,Green Gram (Moong)(Whole)
33.03,59.37,23.29,31.54,71.69,6.55,42.99,Green Gram (Moong)(Whole)
81.06,56.75,42.45,29.9,65.6,7.4,103.13,Bhindi(Ladies Finger)
89.14,47.67,36.37,26.83,65.52,6.65,107.85,Bhindi(Ladies Finger)
12.4,26.01,38.11,18.38,86.61,6.23,119.95,Pomegranate
87.93,38.69,38.45,22.21,52.69,6.88,82.16,Apple
76.9,55.98,44.43,29.84,72.75,6.01,88.09,Bhindi(Ladies Finger)
11.28,15.65,34.83,19.96,87.5,5.63,100.12,Pomegranate
10.59,55.8,20.92,28.06,66.12,7.09,66.29,Green Gram (Moong)(Whole)
23.12,63.43,77.94,25.33,60.35,6.63,76.52,Black Gram (Urd Beans)(Whole)
79.99,34.71,32.33,22.79,58.0,6.01,79.69,Apple
69.22,38.04,44.08,25.12,85.8,7.13,216.54,Rice
36.53,54.54,23.0,28.15,67.66,7.31,54.39,Green Gram (Moong)(Whole)
11.9,15.34,31.84,19.5,90.78,5.82,117.4,Pomegranate
52.55,61.62,45.94,26.05,48.51,6.78,107.86,Black Gram (Urd Beans)(Whole)
49.64,64.1,77.16,23.77,38.6,7.16,81.29,Black Gram (Urd Beans)(Whole)
41.1,62.01,32.32,17.1,49.96,6.93,75.05,Black Gram (Urd Beans)(Whole)
42.39,70.94,16.39,15.2,21.59,6.23,133.87,Arhar (Tur/Red Gram)(Whole)
11.59,129.3,181.83,31.55,83.62,6.07,74.74,Grapes
17.83,73.72,20.74,23.08,51.13,6.3,123.16,Arhar (Tur/Red Gram)(Whole)
87.71,63.46,47.37,29.54,73.27,7.39,108.62,Bhindi(Ladies Finger)
35.88,57.18,17.63,29.51,70.56,7.44,70.39,Green Gram (Moong)(Whole)
56.39,66.53,64.33,23.52,62.88,6.76,87.93,Black Gram (Urd Beans)(Whole)
24.5,77.63,77.08,19.77,47.57,6.95,74.43,Black Gram (Urd Beans)(Whole)
8.05,25.16,31.19,24.09,94.2,6.39,118.32,Pomegranate
81.53,33.19,27.4,21.14,59.15,6.62,67.99,Apple
27.59,149.87,193.11,28.31,83.8,6.25,78.37,Grapes
22.07,145.69,201.3,30.29,83.01,6.38,75.78,Grapes
35.75,65.1,32.23,29.6,50.16,5.93,113.54,Arhar (Tur/Red Gram)(Whole)
74.5,57.67,34.28,23.4,51.98,6.75,64.0,Apple
71.17,59.21,38.06,28.85,71.44,6.92,92.69,Bhindi(Ladies Finger)
9.26,18.57,33.75,16.01,86.07,6.02,100.44,Pomegranate
12.73,70.45,33.9,18.05,27.53,6.09,95.42,Arhar (Tur/Red Gram)(Whole)
23.69,52.94,19.93,25.22,68.76,7.22,71.04,Green Gram (Moong)(Whole)
30.28,68.36,35.02,27.56,24.98,5.85,112.35,Arhar (Tur/Red Gram)(Whole)
12.27,137.17,193.99,28.43,78.79,6.14,78.08,Grapes
90.28,61.03,45.13,29.41,65.04,6.85,92.38,Bhindi(Ladies Finger)
69.62,39.39,43.02,22.53,82.54,6.64,284.51,Rice
16.48,55.92,23.51,27.6,80.73,7.26,70.03,Green Gram (Moong)(Whole)
92.4,49.34,42.95,26.16,65.06,7.44,83.91,Bhindi(Ladies Finger)
62.63,40.75,44.92,25.14,83.73,6.05,224.52,Rice
25.11,73.91,33.01,24.07,23.19,5.53,119.67,Arhar (Tur/Red Gram)(Whole)
21.35,57.9,19.42,34.28,61.11,6.68,70.64,Green Gram (Moong)(Whole)
45.32,78.89,72.59,21.99,64.6,7.4,90.96,Black Gram (Urd Beans)(Whole)
20.93,74.11,37.97,17.39,46.84,6.02,94.16,Arhar (Tur/Red Gram)(Whole)
89.1,62.3,45.5,23.86,79.08,6.82,106.83,Banana
13.57,58.74,15.89,30.96,62.83,6.8,53.31,Green Gram (Moong)(Whole)
95.52,53.3,27.47,23.33,65.72,5.98,81.96,Apple
30.03,43.76,33.1,34.96,57.49,6.43,85.28,Mango
97.52,31.28,37.15,20.27,68.14,6.18,62.81,Apple
36.79,57.4,28.32,33.89,45.64,4.56,99.98,Mango
65.1,45.04,41.78,24.23,85.23,6.5,286.8,Rice
12.61,54.83,23.92,30.2,80.97,7.08,53.65,Green Gram (Moong)(Whole)
23.1,29.23,20.62,25.84,47.0,5.6,98.17,Mango
27.04,50.14,15.41,26.6,80.14,6.89,55.45,Green Gram (Moong)(Whole)
43.31,72.38,38.07,23.46,55.98,5.6,103.37,Arhar (Tur/Red Gram)(Whole)
20.5,54.15,31.55,26.18,59.68,5.02,82.67,Mango
27.28,50.5,33.43,28.09,52.71,4.9,83.23,Mango
46.15,72.81,63.77,24.5,54.0,6.86,84.18,Black Gram (Urd Beans)(Whole)
3.55,24.21,34.01,18.83,94.46,5.86,116.04,Pomegranate
28.62,120.98,202.83,28.77,84.65,6.28,65.04,Grapes
90.89,38.03,26.51,20.15,54.48,6.36,92.67,Apple
11.16,135.28,194.38,28.43,83.03,6.13,76.65,Grapes
78.01,35.8,40.81,21.63,83.05,7.0,248.58,Rice
13.97,35.64,30.8,32.89,52.22,5.58,86.43,Mango
6.29,29.78,37.3,21.42,94.41,6.38,100.26,Pomegranate
7.07,20.25,36.65,19.77,88.28,5.94,101.86,Pomegranate
77.21,53.98,40.48,20.95,81.83,6.09,299.84,Rice
89.17,42.96,29.12,23.14,52.99,6.86,65.77,Apple
85.98,57.48,39.74,24.62,69.8,6.94,97.96,Bhindi(Ladies Finger)
24.74,130.55,198.78,30.67,80.11,6.03,60.7,Grapes
35.7,72.18,53.44,27.35,40.04,6.79,130.27,Black Gram (Urd Beans)(Whole)
13.47,55.01,23.61,32.58,60.75,7.01,52.3,Green Gram (Moong)(Whole)
73.09,52.24,40.16,24.52,70.31,6.92,105.93,Bhindi(Ladies Finger)
15.06,132.03,192.39,29.07,84.8,6.19,61.75,Grapes
8.17,25.76,38.53,21.56,93.0,5.75,109.71,Pomegranate
66.48,49.77,40.14,24.44,80.55,7.49,225.05,Rice
85.95,47.41,35.11,26.39,73.12,6.55,87.56,Bhindi(Ladies Finger)
96.92,48.05,25.73,20.05,58.02,6.23,76.77,Apple
11.36,27.54,37.55,20.34,94.4,5.95,103.29,Pomegranate
4.58,24.4,30.43,32.14,51.76,6.15,80.52,Mango
31.8,78.99,49.21,15.57,63.41,7.07,60.98,Black Gram (Urd Beans)(Whole)
20.29,35.11,23.5,25.58,50.98,6.02,87.94,Mango
93.51,61.71,42.96,28.48,81.48,6.04,137.42,Banana
57.06,69.16,71.21,19.53,19.19,6.98,95.08,Black Gram (Urd Beans)(Whole)
36.37,77.85,70.17,19.14,64.59,7.19,149.89,Black Gram (Urd Beans)(Whole)
71.24,44.08,40.16,24.92,89.02,6.91,268.49,Rice
2.46,22.87,34.72,20.8,88.55,6.16,118.59,Pomegranate
20.71,74.11,25.51,22.23,35.57,7.13,79.62,Black Gram (Urd Beans)(Whole)
5.17,51.87,31.43,29.76,58.36,5.4,87.17,Mango
55.75,65.94,70.8,22.89,25.53,6.87,73.18,Black Gram (Urd Beans)(Whole)
27.33,65.75,35.07,21.46,15.19,6.2,132.68,Arhar (Tur/Red Gram)(Whole)
86.55,61.34,38.16,23.98,72.0,6.92,83.51,Bhindi(Ladies Finger)
34.07,53.5,16.28,31.91,74.64,7.04,78.67,Green Gram (Moong)(Whole)
30.17,66.61,63.32,15.66,64.19,7.36,96.2,Black Gram (Urd Beans)(Whole)
18.9,132.99,180.86,31.37,83.11,6.47,61.52,Grapes
36.06,60.3,67.74,18.02,34.18,6.86,68.34,Black Gram (Urd Beans)(Whole)
31.56,52.62,31.46,29.12,55.72,4.6,98.78,Mango
10.71,74.9,18.64,16.06,59.41,5.82,121.88,Arhar (Tur/Red Gram)(Whole)
12.53,20.28,29.44,29.17,59.1,5.4,84.26,Mango
8.94,21.58,34.02,21.19,89.63,6.39,117.49,Pomegranate
52.51,79.76,63.72,18.83,16.56,7.11,138.79,Black Gram (Urd Beans)(Whole)
42.08,66.74,32.09,21.04,38.98,5.94,85.32,Arhar (Tur/Red Gram)(Whole)
11.74,34.89,30.86,30.37,51.1,6.25,80.94,Mango
31.16,39.41,28.89,29.84,56.71,6.34,88.49,Mango
103.92,69.85,49.08,21.81,81.13,6.64,155.85,Banana
102.8,89.48,49.25,22.09,83.01,6.35,139.21,Banana
23.19,64.08,33.71,24.37,16.17,6.05,117.5,Arhar (Tur/Red Gram)(Whole)
30.3,66.29,28.23,23.12,45.82,6.81,127.84,Black Gram (Urd Beans)(Whole)
3.65,20.56,33.74,24.69,93.06,5.64,103.47,Pomegranate
28.76,21.31,20.41,25.46,54.62,5.9,86.92,Mango
23.78,72.57,39.7,23.38,60.02,6.18,127.88,Arhar (Tur/Red Gram)(Whole)
13.68,24.13,32.37,23.07,85.58,5.57,103.3,Pomegranate
34.6,73.64,51.78,18.92,32.98,7.49,121.79,Black Gram (Urd Beans)(Whole)
36.05,74.48,36.59,29.82,42.29,6.37,84.48,Arhar (Tur/Red Gram)(Whole)
21.57,144.67,205.8,30.48,77.37,6.4,62.42,Grapes
67.4,37.34,40.93,21.18,81.91,6.39,264.99,Rice
70.77,46.96,33.4,21.73,61.46,5.88,69.71,Apple
93.47,59.23,54.77,25.66,69.33,6.9,103.93,Bhindi(Ladies Finger)
75.39,60.52,37.37,23.76,75.57,6.94,102.65,Bhindi(Ladies Finger)
64.71,41.45,40.08,21.56,81.95,7.03,208.03,Rice
37.55,22.28,25.57,30.1,58.43,5.45,97.35,Mango
11.81,21.17,35.9,17.68,91.05,5.69,108.98,Pomegranate
21.73,128.76,204.15,31.76,79.03,6.07,71.83,Grapes
20.2,69.1,51.9,27.92,44.02,7.02,128.75,Black Gram (Urd Beans)(Whole)
89.53,51.49,53.4,29.13,76.95,7.35,84.5,Bhindi(Ladies Finger)
18.1,72.52,29.85,18.39,51.95,6.14,108.33,Arhar (Tur/Red Gram)(Whole)
14.08,15.43,35.27,17.77,90.15,5.63,119.29,Pomegranate
74.47,54.76,44.99,25.85,89.53,7.33,285.33,Rice
80.23,46.26,43.18,22.75,78.08,6.38,96.39,Bhindi(Ladies Finger)
33.08,69.02,37.55,20.29,47.14,6.1,138.92,Arhar (Tur/Red Gram)(Whole)
89.38,45.97,21.53,20.46,55.92,6.96,74.44,Apple
37.27,40.76,20.55,28.94,48.07,4.63,84.89,Mango
82.34,45.61,46.47,24.08,77.17,7.04,105.59,Bhindi(Ladies Finger)
26.9,55.85,32.84,29.33,54.91,4.83,93.51,Mango
17.26,132.31,195.16,31.83,75.93,6.27,68.27,Grapes
96.39,90.52,42.85,28.5,80.2,6.0,196.53,Banana
98.8,57.42,20.29,24.13,60.14,6.32,82.66,Apple
6.25,19.23,39.81,20.35,87.52,5.51,117.23,Pomegranate
6.07,51.69,28.6,26.95,58.76,5.25,92.9,Mango
94.87,57.71,30.99,24.61,62.95,6.85,66.87,Apple
76.53,55.04,47.61,27.75,66.63,6.58,109.82,Bhindi(Ladies Finger)
96.52,68.18,48.64,26.41,75.56,6.52,109.72,Banana
38.06,65.71,33.38,20.12,43.85,6.24,112.51,Arhar (Tur/Red Gram)(Whole)
85.3,44.6,31.54,20.4,63.4,6.07,91.47,Apple
70.91,38.71,44.25,20.23,83.41,6.75,202.26,Rice
72.99,39.67,43.06,25.36,89.12,6.26,206.78,Rice
17.79,129.36,205.54,28.08,76.87,6.48,71.11,Grapes
61.93,42.0,43.22,22.92,89.57,7.22,222.07,Rice
76.95,55.24,43.15,24.93,66.71,7.18,82.57,Bhindi(Ladies Finger)
33.75,47.68,31.75,26.85,47.19,6.14,90.63,Mango
25.89,57.85,20.13,28.6,53.29,5.33,98.48,Mango
8.66,27.03,30.26,28.86,49.34,5.79,97.67,Mango
71.06,48.75,41.75,23.79,83.35,6.2,263.58,Rice
21.17,57.58,24.15,25.28,65.09,6.78,41.33,Green Gram (Moong)(Whole)
71.75,50.33,40.29,22.27,84.6,6.84,266.28,Rice
38.2,68.18,30.15,20.22,54.64,5.61,131.79,Arhar (Tur/Red Gram)(Whole)
11.03,46.42,26.46,33.95,59.22,5.54,93.54,Mango
15.12,146.66,204.26,29.07,80.5,6.32,71.68,Grapes
84.07,64.11,45.02,24.2,69.99,6.54,103.06,Bhindi(Ladies Finger)
89.49,40.69,35.53,22.52,68.26,6.57,91.78,Apple
33.32,40.43,23.11,27.07,59.86,5.26,87.72,Mango
99.56,50.07,24.87,23.89,58.39,6.99,83.12,Apple
12.35,15.08,39.34,23.47,91.04,6.01,114.2,Pomegranate
86.4,63.38,52.94,22.71,66.21,6.61,94.34,Bhindi(Ladies Finger)
11.94,17.86,34.36,17.26,90.26,6.33,103.6,Pomegranate
5.27,28.52,31.8,18.76,85.4,6.36,103.02,Pomegranate
88.11,62.6,46.71,29.16,80.87,6.7,199.68,Banana
2.52,27.73,36.43,21.88,90.8,5.68,106.69,Pomegranate
18.76,145.35,203.7,30.0,76.26,6.14,68.11,Grapes
4.62,15.79,38.79,15.6,94.77,5.72,110.97,Pomegranate
74.47,35.9,42.91,20.64,84.59,6.9,264.1,Rice
5.4,20.84,35.34,23.38,87.03,5.63,101.17,Pomegranate
10.04,134.53,205.23,29.7,81.65,6.45,70.03,Grapes
96.52,67.73,46.75,27.06,83.45,6.41,132.04,Banana
10.74,149.17,194.14,30.9,78.28,6.16,64.88,Grapes
71.02,47.61,32.27,23.52,68.37,5.75,92.53,Apple
77.71,54.29,30.69,22.62,62.54,6.98,77.76,Apple
14.35,27.42,30.86,17.29,90.41,6.47,116.28,Pomegranate
18.16,32.12,21.95,33.12,51.22,6.23,98.93,Mango
3.49,56.35,32.04,29.84,52.28,5.36,98.34,Mango
35.07,53.54,23.61,27.75,70.53,7.47,66.45,Green Gram (Moong)(Whole)
70.06,33.64,39.84,23.07,63.69,6.18,68.8,Apple
14.49,58.95,23.14,32.63,78.69,7.28,74.81,Green Gram (Moong)(Whole)
17.78,32.23,22.09,29.08,50.57,5.54,98.86,Mango
4.75,24.1,40.0,21.75,94.68,6.22,114.46,Pomegranate
79.14,57.84,41.27,23.4,65.05,6.03,107.15,Bhindi(Ladies Finger)
73.18,52.89,45.62,25.62,79.2,7.05,97.02,Bhindi(Ladies Finger)
30.28,58.32,21.94,30.43,71.91,6.63,53.51,Green Gram (Moong)(Whole)
76.76,46.15,38.24,26.8,74.97,6.23,94.11,Bhindi(Ladies Finger)
76.77,47.62,53.41,28.71,70.49,6.49,91.08,Bhindi(Ladies Finger)
10.84,50.19,17.8,25.83,67.4,6.62,69.76,Green Gram (Moong)(Whole)
80.04,53.6,36.36,22.58,72.82,6.47,89.93,Bhindi(Ladies Finger)
25.67,62.99,61.63,25.41,46.79,7.28,67.43,Black Gram (Urd Beans)(Whole)
79.87,51.97,40.62,22.24,88.74,6.53,281.96,Rice
15.24,131.64,201.0,29.23,79.87,6.39,62.79,Grapes
62.26,52.39,42.15,23.65,83.66,6.24,254.15,Rice
34.78,56.37,16.62,33.53,65.82,6.59,60.15,Green Gram (Moong)(Whole)
35.98,56.89,20.22,33.12,78.56,6.78,49.37,Green Gram (Moong)(Whole)
39.93,61.4,52.96,24.91,20.15,7.0,122.11,Black Gram (Urd Beans)(Whole)
53.48,66.75,34.37,15.9,51.82,6.62,133.42,Black Gram (Urd Beans)(Whole)
16.09,65.21,34.42,23.54,58.14,5.71,88.45,Arhar (Tur/Red Gram)(Whole)
82.86,58.29,42.21,28.57,73.81,6.7,84.63,Bhindi(Ladies Finger)
7.14,17.96,32.66,15.14,87.35,6.38,104.29,Pomegranate
97.7,52.64,22.58,22.93,69.4,5.79,68.96,Apple
88.19,32.1,24.42,20.38,66.97,5.76,70.56,Apple
95.45,85.51,48.72,29.87,80.11,5.92,128.66,Banana
32.49,72.17,25.78,26.14,40.25,7.1,148.53,Black Gram (Urd Beans)(Whole)
5.29,16.76,34.58,20.6,92.37,6.36,117.28,Pomegranate
9.47,17.35,35.59,18.21,94.84,5.81,117.08,Pomegranate
23.48,146.21,204.25,28.78,80.24,6.46,78.32,Grapes
101.98,91.03,42.26,21.39,79.66,6.39,124.38,Banana
8.69,27.64,32.11,21.02,92.08,6.09,115.87,Pomegranate
37.09,67.1,23.69,29.86,41.68,6.12,129.06,Arhar (Tur/Red Gram)(Whole)
64.11,43.81,42.44,24.92,88.82,7.5,273.5,Rice
8.32,28.87,32.06,15.01,85.86,5.9,117.29,Pomegranate
83.25,59.73,51.45,24.67,67.15,6.86,90.43,Bhindi(Ladies Finger)
25.06,63.78,25.52,27.63,30.47,6.36,139.63,Arhar (Tur/Red Gram)(Whole)
95.94,39.42,39.1,20.32,62.03,6.22,64.49,Apple
17.12,58.85,28.36,26.67,53.14,6.2,91.25,Mango
17.37,72.17,27.47,25.03,17.86,6.29,111.77,Arhar (Tur/Red Gram)(Whole)
19.99,53.48,16.3,27.68,61.94,6.66,78.7,Green Gram (Moong)(Whole)
16.55,58.95,19.1,31.14,62.49,6.78,70.13,Green Gram (Moong)(Whole)
72.51,36.9,28.22,24.52,64.54,6.9,92.06,Apple
99.31,66.04,49.0,23.48,82.01,5.81,164.94,Banana
88.87,49.73,47.81,29.71,71.56,6.77,99.31,Bhindi(Ladies Finger)
69.89,53.34,41.11,20.5,88.52,6.48,292.82,Rice
26.16,56.2,17.11,26.1,68.62,7.44,66.15,Green Gram (Moong)(Whole)
91.54,46.51,47.97,23.18,69.89,7.4,101.87,Bhindi(Ladies Finger)
48.79,65.71,72.31,27.02,60.04,7.11,96.47,Black Gram (Urd Beans)(Whole)
7.93,25.29,37.51,18.21,89.74,5.89,106.57,Pomegranate
28.72,32.24,20.08,33.26,47.35,5.01,87.85,Mango
37.65,25.45,32.87,32.98,56.53,5.39,85.25,Mango
49.68,63.34,28.59,27.75,38.45,6.58,143.33,Black Gram (Urd Beans)(Whole)
69.06,46.43,43.1,24.95,81.04,6.06,292.0,Rice
39.02,62.22,32.24,24.28,37.25,5.84,92.41,Arhar (Tur/Red Gram)(Whole)
32.89,58.98,19.76,27.12,81.04,7.28,68.25,Green Gram (Moong)(Whole)
32.34,61.59,30.64,26.56,46.46,7.4,72.97,Black Gram (Urd Beans)(Whole)
74.61,47.92,25.57,24.18,68.14,5.51,76.2,Apple
82.76,34.29,32.53,21.15,56.99,6.28,78.58,Apple
3.26,36.88,26.64,26.97,58.68,5.42,92.24,Mango
62.35,51.34,41.88,22.22,81.75,6.0,288.86,Rice
12.3,15.17,33.8,15.28,89.02,6.3,111.07,Pomegranate
72.51,57.78,51.73,24.43,76.71,6.64,83.17,Bhindi(Ladies Finger)
10.85,130.26,187.64,31.56,83.27,6.09,72.85,Grapes
13.45,27.25,20.61,27.39,53.37,4.69,97.81,Mango
8.74,26.54,21.95,25.89,54.9,5.77,93.44,Mango
36.5,53.18,27.77,31.9,55.2,6.48,95.37,Mango
23.55,57.69,29.08,30.56,51.66,5.82,99.02,Mango
11.83,20.2,35.3,20.19,86.21,5.76,113.51,Pomegranate
87.57,79.32,44.73,25.13,80.86,6.02,139.65,Banana
12.46,51.41,19.65,27.73,66.49,7.05,61.27,Green Gram (Moong)(Whole)
100.98,77.52,48.44,28.03,77.52,6.76,159.95,Banana
78.25,50.67,40.07,22.18,83.15,6.13,233.26,Rice
42.05,74.8,34.23,20.86,61.52,5.9,133.61,Arhar (Tur/Red Gram)(Whole)
90.29,61.65,45.98,20.18,77.62,5.98,149.04,Banana
19.51,138.29,184.03,29.44,83.25,6.25,74.02,Grapes
6.76,29.09,36.4,21.09,89.3,5.59,112.1,Pomegranate
37.13,64.82,21.35,22.02,21.1,5.68,101.14,Arhar (Tur/Red Gram)(Whole)
18.43,131.51,209.25,30.04,84.7,6.45,68.35,Grapes
22.22,60.29,20.56,20.33,17.52,6.07,108.45,Arhar (Tur/Red Gram)(Whole)
4.72,46.44,21.91,31.05,56.06,6.07,91.92,Mango
17.22,51.21,18.74,33.13,81.86,6.51,45.97,Green Gram (Moong)(Whole)
75.11,61.3,46.05,25.46,66.72,6.79,103.49,Bhindi(Ladies Finger)
101.62,83.33,43.02,27.83,77.2,6.95,124.34,Banana
76.44,62.31,50.55,24.8,69.5,6.83,93.51,Bhindi(Ladies Finger)
28.77,74.48,37.68,19.41,25.61,6.24,86.09,Arhar (Tur/Red Gram)(Whole)
87.11,70.11,43.19,26.12,84.54,6.3,219.37,Banana
27.57,71.73,75.32,26.86,42.04,7.48,68.42,Black Gram (Urd Beans)(Whole)
6.62,18.08,31.81,17.64,92.73,5.7,116.81,Pomegranate
8.89,59.12,27.54,31.64,45.31,5.14,80.22,Mango
62.8,49.34,42.37,24.34,80.7,7.41,229.5,Rice
73.51,56.57,43.53,24.44,68.4,6.49,86.73,Bhindi(Ladies Finger)
13.51,19.51,39.05,15.49,94.77,6.33,115.51,Pomegranate
24.14,125.18,192.52,29.55,80.44,6.3,73.25,Grapes
99.25,31.16,25.21,21.25,52.44,6.19,84.79,Apple
72.37,47.81,40.17,26.35,80.15,6.67,285.32,Rice
49.59,77.41,31.69,25.24,64.76,6.88,130.79,Black Gram (Urd Beans)(Whole)
18.78,56.41,17.4,28.48,64.96,6.79,60.69,Green Gram (Moong)(Whole)
18.3,58.02,21.56,33.73,70.96,7.16,50.19,Green Gram (Moong)(Whole)
30.97,52.93,21.17,32.07,62.24,7.08,63.62,Green Gram (Moong)(Whole)
90.69,37.98,27.19,24.58,65.83,6.64,91.67,Apple
2.8,27.0,39.34,23.5,86.48,6.38,110.13,Pomegranate
93.98,40.6,24.19,21.49,50.52,5.77,73.38,Apple
61.42,52.33,41.72,25.42,84.19,6.53,229.14,Rice
29.69,52.93,19.46,26.81,79.77,7.36,59.43,Green Gram (Moong)(Whole)
41.58,72.41,27.13,20.99,23.58,6.6,125.39,Black Gram (Urd Beans)(Whole)
27.39,128.09,202.33,29.72,81.61,6.4,67.65,Grapes
2.69,26.41,34.79,20.03,92.25,6.17,113.04,Pomegranate
23.6,57.72,33.64,30.23,53.59,4.75,95.34,Mango
12.12,17.76,30.28,19.33,92.51,6.31,110.09,Pomegranate
5.12,23.14,34.01,15.36,87.92,6.34,114.06,Pomegranate
34.9,53.44,21.89,31.73,74.71,7.29,74.87,Green Gram (Moong)(Whole)
17.38,59.79,25.01,25.16,59.02,4.69,91.82,Mango
12.98,134.61,182.83,28.92,82.14,6.15,78.1,Grapes
103.76,59.02,48.87,22.26,80.04,6.39,222.48,Banana
88.98,55.05,35.4,24.93,67.65,7.0,76.65,Apple
84.6,64.59,51.18,22.44,75.17,7.43,105.8,Bhindi(Ladies Finger)
48.23,72.01,76.06,15.17,52.73,7.13,100.83,Black Gram (Urd Beans)(Whole)
26.77,45.47,32.34,33.48,49.04,4.97,85.01,Mango
14.59,22.03,35.74,23.21,88.63,5.7,109.37,Pomegranate
7.48,22.09,38.67,20.52,89.98,6.46,104.61,Pomegranate
72.32,33.11,24.71,21.41,69.91,5.99,74.04,Apple
47.88,62.5,29.47,24.88,26.43,7.11,65.06,Black Gram (Urd Beans)(Whole)
29.37,24.02,27.2,26.98,56.48,5.74,83.65,Mango
6.26,27.71,39.51,17.11,85.65,5.73,117.48,Pomegranate
27.95,142.68,202.13,31.17,80.13,6.28,70.37,Grapes
71.0,37.0,24.92,21.7,56.29,6.68,69.97,Apple
17.12,133.21,196.02,31.18,81.12,6.15,79.19,Grapes
77.0,51.03,47.46,29.62,66.55,7.15,99.29,Bhindi(Ladies Finger)
7.41,23.31,36.53,15.78,86.39,5.61,108.29,Pomegranate
63.12,47.5,41.06,26.93,89.65,7.09,260.66,Rice
93.99,51.81,40.66,26.13,72.8,6.54,101.38,Bhindi(Ladies Finger)
86.12,50.32,37.62,24.1,77.68,6.83,109.5,Bhindi(Ladies Finger)
12.51,24.89,37.8,24.36,88.22,5.88,102.9,Pomegranate
21.97,64.23,20.88,28.66,16.67,5.98,136.0,Arhar (Tur/Red Gram)(Whole)
69.98,53.83,43.74,24.15,82.03,6.73,251.52,Rice
14.08,64.79,26.62,22.92,55.57,6.12,81.68,Arhar (Tur/Red Gram)(Whole)
91.78,55.86,24.83,22.2,54.84,5.84,83.35,Apple
27.45,61.19,40.58,26.91,35.89,7.07,149.54,Black Gram (Urd Beans)(Whole)
100.33,93.89,49.22,29.27,83.19,6.43,177.21,Banana
14.55,57.93,20.68,32.41,76.4,7.35,65.31,Green Gram (Moong)(Whole)
34.56,31.14,20.12,29.24,46.16,5.02,91.52,Mango
96.61,85.98,41.51,27.38,80.35,6.03,136.05,Banana
15.44,37.18,24.71,29.33,54.65,4.75,96.42,Mango
18.92,70.08,18.97,15.64,63.67,5.96,119.42,Arhar (Tur/Red Gram)(Whole)
14.92,26.7,31.37,15.02,91.6,6.17,113.48,Pomegranate
12.57,27.57,35.27,16.43,94.93,6.3,104.93,Pomegranate
11.98,64.52,18.76,21.62,27.07,5.55,122.99,Arhar (Tur/Red Gram)(Whole)
62.7,37.3,41.06,20.1,83.33,7.07,262.19,Rice
20.85,57.08,23.71,26.05,72.6,7.06,68.74,Green Gram (Moong)(Whole)
23.07,52.38,18.44,25.28,81.07,7.21,56.87,Green Gram (Moong)(Whole)
31.39,72.34,33.77,20.98,18.21,5.97,136.09,Arhar (Tur/Red Gram)(Whole)
12.61,15.08,30.56,20.68,92.62,5.84,102.79,Pomegranate
46.5,63.95,50.49,19.33,27.88,6.72,129.69,Black Gram (Urd Beans)(Whole)
84.75,57.68,30.03,21.03,57.57,5.66,81.51,Apple
84.61,52.97,38.06,21.14,56.55,5.66,84.68,Apple
100.26,62.14,46.07,28.89,81.82,6.63,185.99,Banana
79.83,53.8,20.59,20.47,62.67,6.49,75.87,Apple
6.02,26.81,23.16,32.77,56.58,4.52,88.99,Mango
23.97,63.77,15.43,26.77,39.16,5.94,133.85,Arhar (Tur/Red Gram)(Whole)
13.89,16.78,30.94,17.79,85.43,6.38,100.5,Pomegranate
60.67,44.32,42.74,22.75,89.29,6.23,242.16,Rice
21.44,54.66,21.47,28.68,68.65,6.9,53.18,Green Gram (Moong)(Whole)
12.01,23.9,36.31,18.24,93.6,6.19,101.43,Pomegranate
21.32,53.8,19.57,30.88,66.94,6.86,44.99,Green Gram (Moong)(Whole)
41.53,72.79,36.14,27.08,21.07,6.92,144.48,Black Gram (Urd Beans)(Whole)
14.37,28.39,33.47,16.5,94.61,5.89,100.25,Pomegranate
95.72,58.55,43.79,25.23,79.27,5.87,131.47,Banana
11.35,18.33,35.29,22.03,88.53,6.14,109.54,Pomegranate
47.2,71.78,51.4,16.79,17.67,6.93,148.07,Black Gram (Urd Beans)(Whole)
78.61,55.66,51.59,29.13,75.66,7.32,87.71,Bhindi(Ladies Finger)
95.44,84.43,46.13,23.75,79.63,5.65,117.05,Banana
70.58,60.0,39.62,28.45,78.96,6.44,102.91,Bhindi(Ladies Finger)
68.88,38.68,41.87,22.06,80.92,7.13,294.58,Rice
2.48,28.15,34.79,22.38,91.84,6.36,111.17,Pomegranate
104.54,61.0,46.55,26.42,77.9,6.4,102.22,Banana
37.73,53.47,20.01,26.2,75.42,6.98,75.46,Green Gram (Moong)(Whole)
12.42,24.14,33.38,24.78,94.26,5.78,111.63,Pomegranate
73.59,49.28,40.1,21.31,84.67,6.86,250.86,Rice
12.46,17.93,36.72,24.11,86.06,6.33,104.52,Pomegranate
32.08,52.62,19.03,29.99,80.55,7.18,52.35,Green Gram (Moong)(Whole)
73.34,36.17,38.49,22.74,57.78,5.61,85.55,Apple
17.37,128.64,190.89,30.11,80.61,6.32,77.09,Grapes
14.52,74.16,30.58,19.62,64.58,6.24,88.99,Arhar (Tur/Red Gram)(Whole)
20.49,62.79,36.01,24.78,58.49,7.2,146.2,Black Gram (Urd Beans)(Whole)
7.25,27.79,38.16,15.17,93.53,6.32,100.01,Pomegranate
63.9,50.83,43.62,26.43,80.06,6.01,272.94,Rice
97.25,89.55,43.49,22.46,82.44,7.35,171.31,Banana
2.88,20.88,33.4,17.82,89.67,5.91,118.11,Pomegranate
55.12,63.53,67.78,21.27,50.5,7.0,137.44,Black Gram (Urd Beans)(Whole)
14.14,21.35,33.8,15.12,86.9,6.01,106.94,Pomegranate
71.01,60.04,47.88,28.62,65.99,6.2,103.37,Bhindi(Ladies Finger)
25.71,73.54,33.85,28.23,21.97,5.9,139.31,Arhar (Tur/Red Gram)(Whole)
89.31,84.19,41.96,28.89,84.75,6.87,215.11,Banana
18.58,136.55,208.78,30.74,79.24,6.28,66.24,Grapes
15.71,72.96,34.41,23.69,15.6,6.22,129.62,Arhar (Tur/Red Gram)(Whole)
97.53,77.04,42.29,26.38,77.43,6.28,190.16,Banana
47.36,65.2,47.94,24.35,30.11,7.3,84.87,Black Gram (Urd Beans)(Whole)
19.1,52.71,23.95,25.12,52.1,5.25,95.26,Mango
94.4,50.46,47.12,26.34,66.39,6.75,109.56,Bhindi(Ladies Finger)
68.89,48.89,41.67,25.63,82.54,7.47,288.01,Rice
16.58,144.62,197.58,31.72,81.37,6.04,70.8,Grapes
11.1,139.77,187.21,30.73,76.35,6.19,61.37,Grapes
21.26,56.01,21.04,29.68,68.03,6.9,43.65,Green Gram (Moong)(Whole)
95.24,83.49,44.63,22.46,82.77,6.47,131.53,Banana
20.61,51.44,17.03,27.01,75.75,7.09,54.46,Green Gram (Moong)(Whole)
83.4,49.54,35.42,27.45,79.43,6.27,108.45,Bhindi(Ladies Finger)
34.26,75.81,74.76,19.61,31.62,6.98,147.45,Black Gram (Urd Beans)(Whole)
41.75,65.05,47.55,23.86,68.21,7.01,95.77,Black Gram (Urd Beans)(Whole)
87.4,47.57,29.12,22.04,61.89,6.58,89.24,Apple
55.53,60.9,43.54,24.35,57.58,7.04,105.62,Black Gram (Urd Beans)(Whole)
14.11,149.76,203.83,31.54,83.43,6.49,71.68,Grapes
31.64,72.68,48.47,21.57,15.24,7.07,107.9,Black Gram (Urd Beans)(Whole)
19.78,136.21,191.47,28.55,75.22,6.39,74.87,Grapes
72.38,43.38,42.88,22.5,88.67,7.2,284.51,Rice
16.66,137.12,180.87,29.39,78.32,6.28,63.6,Grapes
28.23,129.84,183.08,31.55,82.75,6.17,61.38,Grapes
86.48,92.98,49.23,29.45,76.72,6.75,181.64,Banana
42.58,62.04,63.11,27.32,64.03,6.62,149.29,Black Gram (Urd Beans)(Whole)
12.89,50.89,18.72,28.82,70.99,6.78,56.27,Green Gram (Moong)(Whole)
92.26,58.98,41.74,29.78,78.39,7.45,102.24,Bhindi(Ladies Finger)
91.02,53.09,42.57,28.93,70.74,7.15,101.49,Bhindi(Ladies Finger)
38.91,73.26,35.54,20.51,48.69,5.61,93.24,Arhar (Tur/Red Gram)(Whole)
85.65,69.98,44.7,25.68,84.84,5.54,183.72,Banana
7.59,23.74,37.71,20.63,85.49,6.49,108.88,Pomegranate
73.03,36.33,42.56,23.18,86.48,7.28,283.36,Rice
76.59,54.73,46.22,23.88,78.81,6.37,81.28,Bhindi(Ladies Finger)
27.39,57.67,24.02,29.4,64.98,6.98,58.11,Green Gram (Moong)(Whole)
29.08,54.6,15.27,32.87,81.65,6.86,46.13,Green Gram (Moong)(Whole)
9.39,18.9,39.8,16.31,85.41,6.16,101.22,Pomegranate
37.58,75.95,25.19,27.92,46.3,6.69,145.5,Black Gram (Urd Beans)(Whole)
33.86,30.93,30.85,31.85,59.52,4.91,90.97,Mango
89.6,73.77,43.91,25.81,76.25,7.14,101.8,Banana
79.96,45.2,28.14,22.74,66.62,5.71,73.35,Apple
11.75,25.19,39.89,16.91,89.44,6.17,117.04,Pomegranate
83.06,57.65,37.27,22.01,53.87,6.82,91.79,Apple
11.97,29.66,34.06,15.0,85.44,6.21,100.47,Pomegranate
12.67,16.07,35.61,19.51,86.88,5.61,117.9,Pomegranate
11.06,25.99,34.4,17.4,86.52,5.69,106.33,Pomegranate
42.65,68.97,35.37,23.3,61.17,5.53,114.24,Arhar (Tur/Red Gram)(Whole)
44.84,75.96,74.03,17.74,69.24,6.58,137.51,Black Gram (Urd Beans)(Whole)
29.83,148.45,191.13,30.01,75.73,6.1,74.28,Grapes
49.21,63.9,47.92,22.39,69.58,6.85,97.96,Black Gram (Urd Beans)(Whole)
17.07,53.42,15.93,28.25,69.3,7.37,49.03,Green Gram (Moong)(Whole)
29.34,51.32,32.18,26.45,51.95,5.44,83.92,Mango
91.29,37.37,28.12,20.11,62.13,6.38,60.98,Apple
73.7,64.28,53.6,26.27,78.58,6.4,96.98,Bhindi(Ladies Finger)
90.92,64.77,38.97,29.91,79.32,6.17,88.75,Bhindi(Ladies Finger)
33.34,64.26,34.38,21.9,60.38,5.92,128.19,Arhar (Tur/Red Gram)(Whole)
4.8,27.44,35.17,16.31,87.24,5.54,106.19,Pomegranate
25.13,127.93,190.94,30.05,84.37,6.3,64.38,Grapes
89.44,80.11,48.06,28.05,82.62,5.77,99.42,Banana
79.59,54.22,40.41,20.83,86.09,6.47,210.97,Rice
95.76,32.15,32.82,21.88,68.57,5.66,93.13,Apple
43.31,72.36,25.14,21.29,56.41,6.29,98.28,Arhar (Tur/Red Gram)(Whole)
77.29,60.89,53.26,23.05,69.79,6.75,93.94,Bhindi(Ladies Finger)
35.16,59.12,18.18,33.07,67.96,6.63,64.88,Green Gram (Moong)(Whole)
20.06,50.43,23.52,30.75,65.42,7.35,69.67,Green Gram (Moong)(Whole)
93.99,61.31,45.11,27.98,79.34,6.37,221.69,Banana
26.14,120.53,187.8,31.51,82.55,6.05,63.72,Grapes
21.06,65.15,19.97,15.53,17.24,6.49,129.87,Arhar (Tur/Red Gram)(Whole)
28.86,134.97,207.88,29.08,82.45,6.05,70.89,Grapes
73.25,56.91,42.89,26.12,79.23,6.36,107.91,Bhindi(Ladies Finger)
24.45,79.21,48.31,19.96,60.43,7.39,111.63,Black Gram (Urd Beans)(Whole)
44.83,61.76,46.04,25.45,34.22,6.74,62.32,Black Gram (Urd Beans)(Whole)
44.48,61.89,23.41,28.6,26.39,5.72,123.73,Arhar (Tur/Red Gram)(Whole)
9.85,15.74,31.36,21.28,88.05,5.54,114.88,Pomegranate
75.68,50.23,44.64,22.88,88.23,6.19,259.81,Rice
13.94,50.56,18.13,27.13,66.68,7.48,41.82,Green Gram (Moong)(Whole)
14.48,19.0,37.66,15.69,87.93,6.16,104.86,Pomegranate
88.35,32.76,26.15,23.83,57.32,5.54,81.43,Apple
9.86,18.56,35.62,18.12,94.14,5.56,114.8,Pomegranate
19.88,55.45,21.81,27.3,76.93,6.9,72.38,Green Gram (Moong)(Whole)
71.97,35.81,30.59,23.22,63.97,5.76,72.09,Apple
84.16,42.93,29.28,24.96,61.93,6.98,87.05,Apple
6.22,27.81,32.73,20.22,92.43,5.72,114.06,Pomegranate
79.95,58.42,48.78,27.27,68.17,6.91,91.55,Bhindi(Ladies Finger)
30.67,61.33,22.55,28.26,18.36,6.36,94.39,Arhar (Tur/Red Gram)(Whole)
99.9,89.9,48.75,21.7,83.05,7.24,225.32,Banana
92.68,58.53,44.31,22.88,76.97,5.66,116.56,Banana
2.67,54.3,32.75,28.69,47.72,6.42,80.95,Mango
11.02,15.78,33.83,15.94,88.31,5.65,101.14,Pomegranate
67.46,42.62,44.37,25.12,88.05,6.43,299.92,Rice
44.3,74.69,34.33,28.1,37.22,5.64,105.45,Arhar (Tur/Red Gram)(Whole)
12.92,22.59,33.76,16.95,87.68,5.55,115.84,Pomegranate
97.43,56.45,24.71,24.34,56.79,6.09,91.1,Apple
18.89,64.85,34.85,24.73,47.18,6.24,134.18,Arhar (Tur/Red Gram)(Whole)
40.47,65.88,64.41,24.17,50.89,6.58,94.75,Black Gram (Urd Beans)(Whole)
31.29,62.03,24.47,20.1,22.29,6.5,71.24,Black Gram (Urd Beans)(Whole)
8.8,23.78,31.84,16.0,91.15,5.82,100.7,Pomegranate
89.17,62.05,44.03,28.02,82.32,5.94,136.83,Banana
104.83,69.12,42.26,29.66,84.78,6.57,213.21,Banana
40.91,71.22,38.99,29.9,54.26,5.59,130.19,Arhar (Tur/Red Gram)(Whole)
64.24,51.93,44.94,21.97,80.02,7.34,267.83,Rice
81.31,52.84,53.22,28.81,73.24,6.93,96.59,Bhindi(Ladies Finger)
20.57,57.0,20.95,29.53,57.96,4.79,83.03,Mango
66.77,48.93,41.08,21.63,89.82,7.0,277.95,Rice
38.04,52.84,15.49,34.44,67.1,7.39,74.8,Green Gram (Moong)(Whole)
3.0,27.39,36.9,23.77,92.02,6.16,111.66,Pomegranate
83.92,52.36,53.69,26.34,72.83,6.51,83.18,Bhindi(Ladies Finger)
13.75,140.45,208.65,31.65,82.62,6.4,69.09,Grapes
19.44,54.51,28.09,28.07,46.4,6.18,85.42,Mango
24.4,71.56,28.08,16.14,24.24,5.61,91.02,Arhar (Tur/Red Gram)(Whole)
79.16,39.28,40.99,22.72,83.66,7.31,256.81,Rice
84.2,58.15,49.22,22.03,69.94,7.42,108.4,Bhindi(Ladies Finger)
21.99,136.32,190.89,29.74,84.65,6.44,74.1,Grapes
37.86,52.71,20.61,32.97,61.26,6.98,61.45,Green Gram (Moong)(Whole)
72.05,36.69,40.19,23.38,85.71,6.19,274.78,Rice
91.51,89.42,41.26,29.01,80.97,6.57,175.29,Banana
37.08,52.7,22.63,33.77,81.74,7.44,62.27,Green Gram (Moong)(Whole)
72.08,56.67,23.23,24.48,60.83,6.63,88.45,Apple
93.96,52.99,36.79,23.63,60.04,6.89,82.95,Apple
61.34,45.65,42.14,20.55,89.3,6.46,236.48,Rice
75.14,54.37,43.99,26.96,83.42,6.04,240.94,Rice
39.51,60.73,24.44,24.37,22.51,5.95,85.65,Arhar (Tur/Red Gram)(Whole)
3.83,23.23,39.67,19.13,85.28,6.28,112.2,Pomegranate
104.91,71.02,44.47,23.66,83.07,6.72,196.04,Banana
23.22,51.89,22.8,32.0,71.67,6.61,75.49,Green Gram (Moong)(Whole)
39.19,58.55,17.22,29.55,68.56,6.67,61.43,Green Gram (Moong)(Whole)
78.99,45.61,37.91,23.0,77.36,6.6,107.58,Bhindi(Ladies Finger)
17.69,20.17,25.61,25.21,55.06,6.48,82.13,Mango
15.38,71.06,29.83,29.46,42.03,5.64,100.48,Arhar (Tur/Red Gram)(Whole)
6.67,21.41,32.96,19.5,89.72,5.62,111.29,Pomegranate
70.4,39.2,42.26,25.15,86.65,6.14,224.3,Rice
24.32,50.94,22.32,28.94,79.98,6.66,45.4,Green Gram (Moong)(Whole)
5.63,20.54,37.4,19.74,88.23,5.54,116.61,Pomegranate
19.19,64.66,21.91,15.08,19.02,6.06,128.78,Arhar (Tur/Red Gram)(Whole)
29.87,70.82,27.09,25.21,42.05,6.43,124.27,Arhar (Tur/Red Gram)(Whole)
30.77,60.67,37.71,20.42,54.96,5.89,102.88,Arhar (Tur/Red Gram)(Whole)
91.43,38.46,24.36,24.58,66.13,6.64,96.47,Apple
12.96,126.55,192.07,28.75,81.84,6.39,76.48,Grapes
104.21,74.17,46.03,22.48,84.86,7.0,184.09,Banana
40.34,68.92,31.07,24.04,22.05,6.22,112.54,Arhar (Tur/Red Gram)(Whole)
74.76,54.2,40.39,25.02,82.7,6.19,299.4,Rice
103.8,75.36,49.45,20.82,77.56,6.59,107.28,Banana
17.24,47.94,33.63,32.27,55.78,5.75,87.74,Mango
81.2,56.14,20.17,20.2,64.34,6.03,75.51,Apple
13.53,32.68,29.59,31.86,59.39,6.2,80.78,Mango
72.18,47.89,43.28,23.95,82.41,6.89,293.87,Rice
12.38,21.93,29.79,27.67,51.53,5.67,81.23,Mango
27.72,57.25,33.61,31.86,56.58,5.03,91.26,Mango
32.49,63.78,35.88,23.37,36.42,5.91,122.9,Arhar (Tur/Red Gram)(Whole)
35.14,62.92,29.96,18.2,16.21,6.37,93.27,Arhar (Tur/Red Gram)(Whole)
10.37,26.75,35.83,16.63,89.97,5.51,109.89,Pomegranate
26.66,31.42,26.11,25.48,52.46,5.7,81.54,Mango
55.72,73.74,72.21,17.21,67.37,7.39,100.71,Black Gram (Urd Beans)(Whole)
21.71,78.27,79.38,20.61,40.01,6.96,106.21,Black Gram (Urd Beans)(Whole)
72.6,44.32,44.97,25.45,88.18,6.8,245.64,Rice
31.18,57.47,17.65,31.84,83.81,6.51,58.64,Green Gram (Moong)(Whole)
74.42,52.83,25.36,23.19,58.32,6.68,87.16,Apple
33.98,70.53,52.5,20.33,55.28,7.21,148.79,Black Gram (Urd Beans)(Whole)
2.52,21.42,38.05,16.75,93.91,6.0,119.21,Pomegranate
75.16,43.41,40.84,22.23,82.46,6.52,272.8,Rice
28.15,137.22,195.55,29.07,79.66,6.31,66.78,Grapes
13.86,71.45,23.21,20.64,42.72,5.79,110.15,Arhar (Tur/Red Gram)(Whole)
98.19,84.17,44.5,28.54,80.97,6.88,190.83,Banana
79.87,59.13,53.34,25.3,66.3,6.52,88.27,Bhindi(Ladies Finger)
14.24,42.73,34.64,31.91,58.13,5.53,92.47,Mango
99.89,54.08,32.02,23.59,54.73,6.49,90.95,Apple
91.57,85.25,42.48,25.65,82.13,6.17,137.2,Banana
27.71,124.69,206.36,28.29,83.02,6.34,71.8,Grapes
25.19,53.1,16.72,33.59,83.26,6.86,61.53,Green Gram (Moong)(Whole)
13.6,74.3,35.84,21.83,59.42,6.1,84.41,Arhar (Tur/Red Gram)(Whole)
2.19,19.85,30.22,24.88,94.22,5.69,108.84,Pomegranate
86.76,71.53,48.0,23.11,83.14,7.37,93.23,Banana
64.84,47.98,44.82,25.13,89.08,7.09,248.28,Rice
37.07,38.53,30.66,27.77,45.26,5.82,99.23,Mango
85.83,62.41,43.84,25.65,67.05,6.22,91.55,Bhindi(Ladies Finger)
29.7,26.39,29.13,30.05,49.78,6.48,86.29,Mango
3.51,22.49,30.32,17.86,91.01,6.33,111.29,Pomegranate
33.71,72.34,46.83,19.66,31.52,7.08,62.84,Black Gram (Urd Beans)(Whole)
37.26,52.79,15.35,31.29,72.88,7.3,49.17,Green Gram (Moong)(Whole)
12.93,23.76,36.9,23.15,87.28,5.51,115.45,Pomegranate
11.73,24.36,31.15,18.12,85.04,6.34,114.73,Pomegranate
33.74,50.57,27.09,33.02,48.84,5.31,90.25,Mango
32.96,51.49,23.97,27.86,75.03,6.9,74.02,Green Gram (Moong)(Whole)
18.9,51.62,18.41,28.66,68.65,6.52,59.59,Green Gram (Moong)(Whole)
97.26,73.24,42.23,22.67,82.41,7.31,120.45,Banana
33.91,52.31,21.55,33.09,70.82,6.93,74.02,Green Gram (Moong)(Whole)
89.56,41.7,30.65,23.61,55.61,5.73,90.0,Apple
25.14,146.41,187.79,28.49,78.33,6.09,68.86,Grapes
30.68,52.87,22.09,33.63,65.81,7.05,47.25,Green Gram (Moong)(Whole)
13.87,56.06,15.43,30.59,66.89,7.14,45.11,Green Gram (Moong)(Whole)
41.83,76.19,21.74,23.26,18.86,7.05,79.29,Black Gram (Urd Beans)(Whole)
97.87,84.5,48.56,28.79,81.6,5.99,125.97,Banana
28.96,129.98,195.18,29.45,79.64,6.12,70.51,Grapes
89.96,57.9,52.9,24.41,69.85,6.93,99.78,Bhindi(Ladies Finger)
54.69,77.45,22.74,26.79,46.77,7.36,66.04,Black Gram (Urd Beans)(Whole)
29.41,55.42,15.62,34.04,60.91,6.64,61.45,Green Gram (Moong)(Whole)
42.88,67.44,32.22,15.08,61.79,6.49,107.97,Arhar (Tur/Red Gram)(Whole)
80.99,45.63,38.96,24.48,58.69,6.57,62.15,Apple
73.57,50.89,44.53,26.8,87.52,7.46,282.18,Rice
13.05,71.34,37.82,23.7,19.94,6.22,127.43,Arhar (Tur/Red Gram)(Whole)
70.69,35.75,40.23,26.36,88.63,6.19,209.53,Rice
25.01,59.04,23.39,28.14,60.53,6.5,68.22,Green Gram (Moong)(Whole)
89.45,49.4,21.62,24.5,58.81,6.49,70.33,Apple
30.33,71.26,39.52,16.76,23.2,5.84,101.47,Arhar (Tur/Red Gram)(Whole)
2.12,22.96,32.74,24.01,85.39,6.03,104.19,Pomegranate
104.32,63.19,43.77,25.62,77.58,6.81,104.59,Banana
41.52,68.75,48.71,24.02,25.55,7.1,147.35,Black Gram (Urd Beans)(Whole)
98.22,70.28,43.78,22.36,83.75,6.03,193.14,Banana
84.14,60.11,41.68,24.82,77.77,7.48,105.85,Bhindi(Ladies Finger)
32.89,50.74,21.98,28.05,61.41,7.01,73.46,Green Gram (Moong)(Whole)
15.55,25.74,26.03,32.19,47.25,5.04,97.84,Mango
63.83,35.24,42.78,21.29,88.39,7.35,283.18,Rice
79.93,47.29,35.77,23.51,50.92,5.95,60.04,Apple
21.01,71.74,29.9,20.15,31.1,5.9,119.13,Arhar (Tur/Red Gram)(Whole)
8.13,15.37,30.1,24.29,94.98,6.11,114.77,Pomegranate
31.89,52.68,18.42,28.06,66.15,6.63,71.05,Green Gram (Moong)(Whole)
71.78,45.55,43.58,20.84,86.03,7.23,235.14,Rice
92.85,46.71,27.64,23.93,68.71,6.22,67.51,Apple
39.09,60.53,31.67,16.72,49.81,5.91,81.61,Arhar (Tur/Red Gram)(Whole)
63.79,39.71,40.35,24.09,87.54,6.8,279.32,Rice
79.52,53.18,35.43,24.46,61.62,5.57,98.78,Apple
87.32,60.84,36.42,25.64,70.58,6.12,102.61,Bhindi(Ladies Finger)
31.52,66.55,68.08,27.1,62.69,6.99,123.02,Black Gram (Urd Beans)(Whole)
88.46,93.32,41.08,23.71,75.36,5.97,136.66,Banana
88.05,54.46,42.65,27.74,74.69,6.15,100.95,Bhindi(Ladies Finger)
78.94,43.89,29.49,22.15,61.25,6.75,73.03,Apple
99.18,93.0,49.67,21.89,82.48,6.9,131.67,Banana
101.12,83.55,49.64,21.46,78.94,6.14,112.04,Banana
38.5,53.94,21.94,30.67,61.75,6.89,64.88,Green Gram (Moong)(Whole)
28.27,60.44,32.86,15.55,42.66,6.08,116.09,Arhar (Tur/Red Gram)(Whole)
16.05,74.98,36.63,16.3,46.99,5.78,129.8,Arhar (Tur/Red Gram)(Whole)
13.78,145.77,193.96,31.18,83.55,6.16,70.63,Grapes
13.02,21.55,30.44,19.39,91.35,5.91,119.06,Pomegranate
81.0,42.49,38.51,24.8,60.46,6.98,89.77,Apple
39.27,70.48,18.37,20.78,60.57,5.61,133.38,Arhar (Tur/Red Gram)(Whole)
13.45,70.24,37.74,20.87,51.1,6.12,120.54,Arhar (Tur/Red Gram)(Whole)
93.54,56.09,51.4,28.0,70.58,6.43,101.98,Bhindi(Ladies Finger)
79.83,42.32,43.34,21.58,84.91,6.9,237.52,Rice
28.86,144.49,207.85,31.35,78.49,6.14,62.3,Grapes
88.91,49.2,24.2,21.87,63.5,6.63,66.85,Apple
83.37,55.79,40.57,26.45,72.94,7.38,108.28,Bhindi(Ladies Finger)
5.0,27.21,33.5,17.43,90.45,5.72,116.72,Pomegranate
98.5,78.67,42.47,26.52,79.59,7.18,227.39,Banana
5.72,23.32,36.34,17.29,89.85,6.24,119.09,Pomegranate
2.38,22.38,31.26,19.83,89.31,6.39,113.41,Pomegranate
74.9,43.14,42.47,20.84,87.34,7.45,223.77,Rice
68.77,40.58,42.04,22.65,81.29,6.58,297.64,Rice
92.8,46.42,54.51,22.56,76.57,6.29,86.88,Bhindi(Ladies Finger)
95.43,58.64,25.56,23.53,54.88,5.51,71.34,Apple
9.88,21.75,37.04,17.23,89.39,6.22,112.76,Pomegranate
20.86,53.37,22.95,26.78,75.98,6.91,45.6,Green Gram (Moong)(Whole)
101.84,59.76,42.3,20.9,81.48,7.17,129.71,Banana
78.42,63.02,41.66,23.64,66.95,6.1,103.35,Bhindi(Ladies Finger)
76.09,58.91,53.87,28.18,69.56,7.14,107.76,Bhindi(Ladies Finger)
78.94,41.29,25.9,20.61,58.07,5.65,93.67,Apple
27.66,59.7,17.83,33.9,63.76,7.03,57.38,Green Gram (Moong)(Whole)
37.19,58.84,21.79,31.69,82.35,7.09,46.66,Green Gram (Moong)(Whole)
32.57,69.53,38.01,16.31,36.3,5.66,138.17,Arhar (Tur/Red Gram)(Whole)
90.28,70.14,45.58,26.76,79.53,6.31,114.32,Banana
84.58,61.5,42.08,22.97,68.68,6.29,93.08,Bhindi(Ladies Finger)
14.87,37.85,29.52,33.68,51.16,5.78,87.68,Mango
41.51,60.58,18.13,18.94,40.6,6.43,91.62,Arhar (Tur/Red Gram)(Whole)
4.95,48.16,25.83,30.2,51.04,6.1,91.88,Mango
28.22,64.66,39.98,15.84,27.23,5.95,125.52,Arhar (Tur/Red Gram)(Whole)
22.11,72.48,24.37,28.69,23.03,6.47,106.06,Arhar (Tur/Red Gram)(Whole)
75.58,52.06,37.82,28.26,76.6,6.24,86.33,Bhindi(Ladies Finger)
29.62,52.83,22.98,28.82,74.68,7.21,46.22,Green Gram (Moong)(Whole)
91.53,64.96,51.31,25.9,70.93,7.19,107.93,Bhindi(Ladies Finger)
97.48,71.82,41.61,24.26,84.47,7.42,195.69,Banana
74.97,64.13,54.09,22.26,77.05,6.94,96.98,Bhindi(Ladies Finger)
85.01,51.25,33.65,23.16,58.07,6.48,88.32,Apple
73.2,53.95,31.74,24.75,64.46,6.62,90.97,Apple
87.38,50.87,48.39,26.71,72.81,7.3,107.37,Bhindi(Ladies Finger)
35.77,51.83,24.16,34.85,58.02,4.58,97.7,Mango
14.78,65.28,15.33,27.75,62.64,5.52,108.6,Arhar (Tur/Red Gram)(Whole)
5.63,25.48,38.85,22.65,85.09,6.4,103.21,Pomegranate
85.47,70.53,48.97,27.41,83.55,6.76,168.0,Banana
61.57,47.37,42.82,23.69,86.4,6.78,217.2,Rice
6.6,49.3,33.66,32.79,53.22,5.5,86.54,Mango
88.61,41.21,37.34,21.44,55.51,6.39,91.23,Apple
30.13,75.73,52.28,16.91,30.96,7.03,99.52,Black Gram (Urd Beans)(Whole)
37.77,61.22,32.19,21.34,60.36,5.8,97.31,Arhar (Tur/Red Gram)(Whole)
9.09,29.76,31.77,15.92,86.46,5.57,105.11,Pomegranate
12.02,15.64,33.78,21.82,90.43,5.72,115.43,Pomegranate
2.29,36.49,23.37,32.58,53.66,5.56,90.36,Mango
22.33,71.4,53.13,22.62,49.8,6.51,82.72,Black Gram (Urd Beans)(Whole)
74.8,33.41,23.3,24.31,61.2,6.01,73.31,Apple
75.4,38.79,40.95,25.77,89.0,7.0,245.37,Rice
29.86,135.44,185.59,30.95,78.47,6.01,64.72,Grapes
103.15,85.7,42.46,22.24,82.04,5.84,150.52,Banana
81.52,56.56,43.43,29.72,67.11,7.11,108.49,Bhindi(Ladies Finger)
10.68,51.99,17.4,34.84,74.15,6.95,74.6,Green Gram (Moong)(Whole)
79.26,63.0,54.67,28.01,73.47,7.09,108.63,Bhindi(Ladies Finger)
40.84,73.0,16.75,21.61,55.49,5.67,114.66,Arhar (Tur/Red Gram)(Whole)
99.09,58.04,44.66,23.13,79.25,5.94,161.07,Banana
8.21,42.85,26.93,28.57,48.66,6.01,91.91,Mango
36.06,28.93,27.18,27.85,47.27,4.82,93.92,Mango
13.23,17.59,37.02,17.43,93.53,6.14,111.11,Pomegranate
4.09,59.1,31.71,30.75,58.16,6.08,86.9,Mango
86.61,37.88,37.1,21.39,63.33,6.75,74.21,Apple
87.9,63.33,47.53,27.29,69.05,6.9,88.35,Bhindi(Ladies Finger)
3.6,15.85,35.16,15.69,94.66,5.91,112.82,Pomegranate
17.45,58.79,21.16,28.45,69.39,7.31,49.32,Green Gram (Moong)(Whole)
28.61,141.2,209.52,29.82,81.19,6.47,64.98,Grapes
76.62,51.96,40.49,20.7,82.88,6.73,297.64,Rice
75.67,46.52,41.69,22.03,85.8,6.89,213.13,Rice
69.43,49.48,41.05,22.95,85.33,6.07,227.38,Rice
88.28,57.63,45.38,26.59,75.53,7.11,97.12,Bhindi(Ladies Finger)
90.86,48.7,24.57,23.97,67.1,5.84,95.23,Apple
12.95,124.64,202.65,30.77,77.12,6.37,63.53,Grapes
2.36,25.22,32.39,26.51,52.19,4.6,86.78,Mango
24.81,64.45,39.75,22.92,60.49,5.74,88.67,Arhar (Tur/Red Gram)(Whole)
74.73,49.14,40.11,21.59,80.43,6.79,268.5,Rice
62.1,53.18,44.97,24.35,83.48,6.17,277.58,Rice
98.41,36.2,25.63,22.89,63.47,5.57,63.05,Apple
39.05,64.09,38.07,18.24,21.12,5.8,101.77,Arhar (Tur/Red Gram)(Whole)
76.38,51.59,22.48,24.02,50.85,6.62,92.63,Apple
68.71,40.08,43.21,25.42,87.93,7.4,217.05,Rice
15.5,47.71,29.67,25.48,57.65,4.93,93.97,Mango
41.25,63.23,24.85,28.3,48.15,6.07,122.31,Arhar (Tur/Red Gram)(Whole)
26.89,123.28,187.53,29.19,77.12,6.17,73.21,Grapes
86.4,62.98,44.53,22.67,76.18,5.69,100.24,Banana
75.61,39.28,41.26,24.14,84.31,6.49,294.78,Rice
9.4,45.98,33.63,31.05,49.11,5.0,92.74,Mango
87.41,89.19,49.31,26.2,84.28,6.58,138.96,Banana
88.37,42.68,26.94,21.75,55.85,6.47,65.19,Apple
6.52,28.67,37.28,17.83,86.09,6.28,101.39,Pomegranate
12.42,26.54,33.56,20.38,93.18,5.9,111.63,Pomegranate
88.58,82.29,48.92,29.47,75.88,6.99,158.11,Banana
6.74,24.87,21.72,30.63,46.48,6.31,91.19,Mango
64.22,46.72,42.66,23.52,86.21,6.44,253.92,Rice
18.09,142.64,206.91,31.87,80.96,6.4,74.12,Grapes
16.78,37.57,21.26,25.22,48.08,5.49,97.6,Mango
79.52,55.42,38.91,23.33,66.38,6.51,64.6,Apple
38.62,71.23,33.57,28.3,39.49,5.7,137.09,Arhar (Tur/Red Gram)(Whole)
21.33,125.27,181.53,30.25,81.9,6.28,75.83,Grapes
22.11,123.95,192.9,31.25,79.03,6.02,70.43,Grapes
19.22,74.88,21.35,20.8,39.65,5.69,134.43,Arhar (Tur/Red Gram)(Whole)
62.78,48.65,40.05,23.73,88.38,6.45,286.68,Rice
89.16,54.11,48.67,24.95,74.84,6.82,103.67,Bhindi(Ladies Finger)
13.33,142.69,189.54,28.82,75.11,6.19,75.88,Grapes
20.69,58.45,32.51,26.6,53.49,5.74,97.4,Mango
11.24,127.89,201.97,30.94,75.64,6.35,66.36,Grapes
13.07,19.67,39.66,16.9,92.89,5.96,100.45,Pomegranate
65.4,39.48,44.27,22.4,88.18,7.35,202.46,Rice
74.25,51.37,37.52,24.14,65.07,7.46,100.82,Bhindi(Ladies Finger)
3.53,26.56,35.81,23.02,92.06,6.18,107.36,Pomegranate
89.66,48.36,22.19,22.3,54.99,5.93,65.58,Apple
77.24,39.39,40.96,22.07,87.67,6.28,221.23,Rice
40.9,64.92,25.39,22.79,22.54,6.32,116.79,Arhar (Tur/Red Gram)(Whole)
48.42,60.94,29.46,18.04,45.34,6.63,111.52,Black Gram (Urd Beans)(Whole)
34.29,51.68,23.3,30.75,53.94,5.82,89.32,Mango
8.82,28.13,37.06,20.62,89.72,5.65,118.09,Pomegranate
97.56,83.74,43.95,27.79,81.09,7.34,163.36,Banana
100.45,83.19,41.84,28.05,84.6,6.18,128.08,Banana
73.99,36.34,41.87,23.64,87.32,7.2,215.37,Rice
63.81,50.96,41.05,26.79,81.56,6.7,201.17,Rice
13.07,124.79,190.87,31.83,78.38,6.12,69.49,Grapes
71.6,45.15,53.07,28.9,66.55,6.06,81.04,Bhindi(Ladies Finger)
66.28,40.77,42.08,26.39,85.36,7.1,267.18,Rice
24.18,53.55,21.96,34.02,45.09,5.23,91.31,Mango
65.3,36.39,43.62,26.24,82.66,7.44,275.97,Rice
85.5,48.19,20.34,23.44,60.0,6.09,77.83,Apple
83.16,62.56,36.46,25.88,67.38,6.95,80.01,Bhindi(Ladies Finger)
10.16,143.95,199.68,30.81,79.36,6.11,77.01,Grapes
30.64,73.71,15.1,21.11,26.16,6.12,94.93,Arhar (Tur/Red Gram)(Whole)
26.55,58.46,24.36,33.08,52.42,4.94,85.56,Mango
93.86,34.13,30.75,20.36,66.79,6.23,63.83,Apple
19.87,130.2,181.83,31.31,84.31,6.29,73.56,Grapes
89.74,83.42,43.43,21.3,84.68,5.79,105.21,Banana
25.32,123.34,184.68,29.68,75.2,6.43,70.54,Grapes
101.51,63.07,43.09,25.13,77.7,5.62,120.62,Banana
16.27,70.2,36.5,29.17,21.68,5.72,132.25,Arhar (Tur/Red Gram)(Whole)
36.48,38.78,28.51,32.64,45.25,5.67,95.1,Mango
28.34,127.61,199.79,29.73,84.54,6.39,68.07,Grapes
14.34,31.47,23.02,25.92,49.76,5.93,88.93,Mango
23.53,50.39,22.63,25.2,66.36,6.89,78.15,Green Gram (Moong)(Whole)
13.02,27.2,37.75,18.93,94.39,6.32,111.82,Pomegranate
82.14,58.41,27.78,22.36,60.95,5.51,97.61,Apple
89.94,65.49,44.12,24.53,79.4,7.36,144.05,Banana
48.75,78.65,64.78,19.68,69.22,6.69,131.98,Black Gram (Urd Beans)(Whole)
14.99,19.47,30.77,21.92,87.17,6.49,117.24,Pomegranate
24.79,143.18,196.34,28.45,84.22,6.46,74.84,Grapes
74.58,30.7,23.02,24.34,65.26,6.68,71.8,Apple
12.07,122.54,197.81,29.72,78.11,6.01,79.39,Grapes
26.25,59.6,17.77,31.87,78.74,7.39,58.3,Green Gram (Moong)(Whole)
15.93,55.64,16.29,29.71,74.31,6.66,65.89,Green Gram (Moong)(Whole)
97.49,51.85,38.03,20.51,57.02,6.87,92.07,Apple
37.89,58.32,23.2,29.74,66.69,6.89,64.18,Green Gram (Moong)(Whole)
65.12,44.44,40.21,20.67,89.53,7.05,212.5,Rice
93.39,56.91,35.96,24.15,75.33,7.32,93.73,Bhindi(Ladies Finger)
88.5,33.41,32.44,20.66,64.39,5.7,75.38,Apple
90.66,59.24,43.07,23.82,74.88,7.49,109.82,Bhindi(Ladies Finger)
91.55,79.49,43.42,29.66,82.4,6.8,122.41,Banana
79.83,49.4,43.11,24.44,84.49,7.49,284.63,Rice
48.17,72.89,25.23,26.14,29.74,6.85,116.65,Black Gram (Urd Beans)(Whole)
80.99,51.11,48.29,24.33,72.44,6.66,100.83,Bhindi(Ladies Finger)
6.21,37.54,34.96,25.24,49.35,5.42,97.75,Mango
100.34,61.86,45.94,28.59,80.13,7.4,147.31,Banana
56.3,79.76,42.02,20.43,41.46,7.14,116.51,Black Gram (Urd Beans)(Whole)
88.25,86.79,47.79,25.74,75.8,7.33,217.01,Banana
87.82,62.13,49.08,23.78,82.72,6.98,216.08,Banana
74.66,53.94,44.27,21.98,80.56,6.93,272.68,Rice
79.83,50.13,36.19,25.62,77.4,6.26,107.01,Bhindi(Ladies Finger)
79.85,44.16,42.83,22.68,89.3,6.88,285.47,Rice
75.31,47.51,44.07,20.15,84.94,6.13,208.42,Rice
25.29,58.28,23.51,33.03,81.3,6.75,73.52,Green Gram (Moong)(Whole)
103.06,64.91,41.91,28.94,84.56,6.07,139.33,Banana
10.55,19.94,39.54,19.51,91.31,5.67,107.52,Pomegranate
26.41,124.85,180.7,29.66,76.73,6.06,77.0,Grapes
34.0,59.4,23.01,28.13,64.59,7.05,40.35,Green Gram (Moong)(Whole)
4.9,17.32,36.9,21.43,87.54,5.88,111.13,Pomegranate
10.46,21.05,34.15,24.17,93.05,5.73,106.54,Pomegranate
85.03,43.29,30.91,23.85,63.4,6.62,80.96,Apple
11.3,19.1,35.13,22.74,85.01,6.4,113.84,Pomegranate
74.88,48.91,35.04,24.02,69.89,6.48,91.93,Bhindi(Ladies Finger)
13.17,19.71,31.51,23.11,94.87,5.71,115.35,Pomegranate
31.16,62.5,70.62,27.89,66.1,6.77,115.55,Black Gram (Urd Beans)(Whole)
27.49,70.55,17.26,26.41,16.74,6.41,138.11,Arhar (Tur/Red Gram)(Whole)
35.38,58.0,29.39,31.2,46.93,5.45,87.84,Mango
91.09,88.97,49.08,23.62,83.44,6.73,114.26,Banana
28.96,131.88,198.63,30.86,76.41,6.27,64.09,Grapes
18.62,126.82,199.93,28.68,77.8,6.46,75.53,Grapes
13.35,26.18,34.32,16.91,94.04,5.74,110.35,Pomegranate
15.99,33.72,34.27,33.74,48.72,5.39,87.86,Mango
25.47,147.2,200.19,29.34,78.88,6.44,72.56,Grapes
87.3,89.38,46.35,28.29,77.86,6.33,177.07,Banana
85.97,92.31,47.71,29.73,81.5,5.9,100.35,Banana
3.29,21.17,32.02,18.98,93.89,6.35,109.38,Pomegranate
25.3,140.25,208.4,31.95,76.61,6.22,73.7,Grapes
28.34,65.86,30.01,19.24,42.49,5.61,124.35,Arhar (Tur/Red Gram)(Whole)
54.33,75.16,57.75,16.06,64.41,6.68,75.64,Black Gram (Urd Beans)(Whole)
28.22,134.06,186.88,31.4,79.18,6.04,73.34,Grapes
72.0,57.61,47.31,24.27,69.26,7.29,104.18,Bhindi(Ladies Finger)
90.22,56.37,45.35,25.04,66.11,6.55,96.86,Bhindi(Ladies Finger)
91.96,69.35,49.88,27.14,79.15,5.5,119.07,Banana
2.48,26.14,36.94,23.74,87.34,5.82,106.5,Pomegranate
85.81,65.9,44.5,22.14,82.92,5.62,175.62,Banana
99.43,39.37,28.85,21.26,66.63,6.82,81.94,Apple
12.1,15.66,38.58,23.37,87.62,6.24,106.82,Pomegranate
28.93,33.04,26.39,30.46,47.62,5.25,85.27,Mango
91.27,88.86,48.59,29.81,75.0,7.38,160.38,Banana
91.04,38.46,30.46,23.62,57.23,5.52,67.57,Apple
98.69,72.45,41.34,28.49,80.9,6.09,129.77,Banana
22.96,126.66,187.56,30.5,82.65,6.36,68.37,Grapes
57.14,60.6,65.87,24.13,28.09,6.9,77.17,Black Gram (Urd Beans)(Whole)
92.83,58.67,35.86,22.12,55.37,6.37,77.9,Apple
88.18,41.25,33.45,21.77,67.88,6.33,94.97,Apple
75.11,50.33,29.2,20.86,58.99,6.69,89.14,Apple
88.06,45.34,38.7,27.88,76.04,6.72,94.72,Bhindi(Ladies Finger)
103.61,82.44,44.03,29.89,78.65,6.72,133.83,Banana
84.31,49.94,32.93,22.96,53.03,6.09,89.95,Apple
77.91,60.4,35.08,28.48,74.9,6.08,102.16,Bhindi(Ladies Finger)
87.86,59.88,51.71,23.61,70.08,6.66,108.23,Bhindi(Ladies Finger)
11.5,121.52,195.14,29.47,83.38,6.25,79.18,Grapes
38.13,27.94,28.36,26.24,48.17,5.66,96.2,Mango
13.8,52.84,22.23,26.19,82.54,7.06,67.24,Green Gram (Moong)(Whole)
38.66,59.68,15.92,31.62,81.51,6.56,65.73,Green Gram (Moong)(Whole)
30.53,64.81,72.02,17.76,65.18,6.6,92.61,Black Gram (Urd Beans)(Whole)
20.88,47.77,20.77,31.1,57.18,5.73,80.05,Mango
71.9,30.24,38.44,21.28,51.79,5.65,91.99,Apple
24.41,146.76,204.35,28.53,82.92,6.49,70.73,Grapes
75.96,50.39,41.37,24.45,85.85,7.16,252.33,Rice
24.63,50.84,20.47,27.3,72.36,6.66,50.59,Green Gram (Moong)(Whole)
40.8,64.84,37.58,22.34,52.8,7.08,92.13,Black Gram (Urd Beans)(Whole)
17.29,148.46,183.8,31.81,76.29,6.03,68.06,Grapes
33.68,29.32,23.04,28.46,46.87,5.44,93.68,Mango
25.61,50.7,16.34,28.73,62.59,6.81,57.22,Green Gram (Moong)(Whole)
73.86,64.08,49.98,26.7,76.98,6.77,85.55,Bhindi(Ladies Finger)
9.07,19.79,31.42,17.43,87.5,6.4,119.45,Pomegranate
75.08,55.99,51.25,26.02,75.1,6.04,104.29,Bhindi(Ladies Finger)
83.98,50.65,23.5,20.28,68.29,6.0,84.12,Apple
11.31,53.27,21.47,28.24,62.84,7.28,54.37,Green Gram (Moong)(Whole)
2.12,28.68,30.77,18.62,93.21,5.67,110.49,Pomegranate
70.62,53.37,44.62,26.05,89.78,7.0,298.15,Rice
34.36,55.52,18.98,34.33,77.79,6.78,77.29,Green Gram (Moong)(Whole)
69.7,37.92,42.29,23.59,87.39,7.44,258.12,Rice
87.27,79.0,46.41,25.12,82.8,6.63,166.38,Banana
9.93,28.7,34.62,33.9,57.95,4.51,88.26,Mango
61.48,52.2,42.97,25.97,88.28,6.22,273.44,Rice
4.71,15.71,37.16,20.4,91.48,5.95,115.37,Pomegranate
22.51,54.96,17.07,30.06,82.96,7.47,48.34,Green Gram (Moong)(Whole)
12.89,35.17,34.26,27.05,46.54,6.09,93.44,Mango
75.4,42.59,44.64,23.15,88.29,6.45,240.28,Rice
33.14,69.44,18.41,16.47,47.13,5.7,88.96,Arhar (Tur/Red Gram)(Whole)
92.82,46.24,47.91,27.36,73.62,7.34,86.28,Bhindi(Ladies Finger)
78.78,41.47,40.88,22.02,80.07,7.47,287.91,Rice
9.8,48.17,21.61,33.53,55.49,5.73,99.92,Mango
15.2,136.17,197.49,31.81,84.12,6.27,61.62,Grapes
33.74,72.85,36.13,15.73,53.78,5.55,123.05,Arhar (Tur/Red Gram)(Whole)
88.41,76.89,42.13,22.78,79.96,6.8,131.16,Banana
36.02,67.31,23.04,28.05,33.43,5.54,104.14,Arhar (Tur/Red Gram)(Whole)
10.93,61.45,29.64,19.82,19.41,6.38,137.19,Arhar (Tur/Red Gram)(Whole)
94.6,38.37,34.04,22.96,63.89,6.52,75.69,Apple
77.67,56.4,51.67,22.24,70.63,6.92,102.87,Bhindi(Ladies Finger)
28.29,144.04,186.97,29.52,83.48,6.38,67.29,Grapes
31.49,64.92,21.04,21.99,48.93,5.88,80.67,Arhar (Tur/Red Gram)(Whole)
13.9,52.75,22.6,28.81,51.4,6.45,87.62,Mango
12.63,134.16,186.23,29.06,81.34,6.11,66.02,Grapes
5.8,18.41,30.28,17.93,85.13,6.05,117.59,Pomegranate
86.05,59.04,43.65,24.66,72.81,7.06,107.79,Bhindi(Ladies Finger)
93.81,59.25,46.1,28.94,71.75,6.62,86.83,Bhindi(Ladies Finger)
93.1,81.86,46.81,20.06,77.68,6.22,99.56,Banana
21.06,39.26,24.97,25.28,53.7,6.5,97.07,Mango
4.82,29.96,31.68,26.78,59.18,6.01,81.43,Mango
10.43,58.29,23.82,33.16,46.4,5.39,82.57,Mango
44.18,68.47,32.91,29.23,43.39,6.19,99.15,Arhar (Tur/Red Gram)(Whole)
70.26,50.8,49.95,22.37,73.18,6.61,90.95,Bhindi(Ladies Finger)
23.37,131.77,198.0,29.45,78.93,6.3,63.12,Grapes
74.9,48.85,42.79,22.74,76.04,6.48,103.35,Bhindi(Ladies Finger)
10.91,74.72,16.72,28.65,25.26,6.1,128.85,Arhar (Tur/Red Gram)(Whole)
76.82,52.3,40.9,22.06,85.47,6.75,208.97,Rice
93.2,82.86,41.71,25.67,81.97,6.95,171.74,Banana
92.14,46.35,53.6,28.46,66.09,6.81,98.28,Bhindi(Ladies Finger)
26.36,53.03,18.97,29.81,79.12,6.84,62.32,Green Gram (Moong)(Whole)
13.39,144.17,206.61,30.65,78.91,6.27,73.54,Grapes
100.72,59.63,42.99,26.25,77.07,7.46,197.62,Banana
89.73,62.66,39.43,23.47,65.52,6.14,100.11,Bhindi(Ladies Finger)
29.3,51.65,20.75,29.29,79.11,7.38,57.93,Green Gram (Moong)(Whole)
95.07,53.08,30.15,20.77,66.89,6.4,78.33,Apple
92.5,83.68,48.56,20.95,75.34,7.34,108.31,Banana
91.86,37.94,28.0,23.49,65.54,6.75,73.76,Apple
32.85,55.59,20.57,26.89,73.74,6.8,61.5,Green Gram (Moong)(Whole)
36.11,33.89,24.32,32.22,50.49,5.68,87.51,Mango
21.8,67.42,19.06,15.85,27.13,6.03,122.21,Arhar (Tur/Red Gram)(Whole)
17.58,64.19,32.59,17.07,15.35,6.24,82.57,Arhar (Tur/Red Gram)(Whole)
56.39,71.19,72.07,17.3,42.97,7.19,69.67,Black Gram (Urd Beans)(Whole)
70.59,46.08,44.22,23.02,87.96,6.76,246.0,Rice
23.61,122.96,193.95,28.25,80.81,6.27,71.19,Grapes
94.54,30.41,37.72,23.43,61.76,6.13,60.23,Apple
77.84,44.98,43.18,22.05,85.84,6.65,243.46,Rice
34.2,59.39,24.91,32.61,64.66,7.37,45.1,Green Gram (Moong)(Whole)
26.78,57.06,17.09,27.5,82.01,6.8,44.11,Green Gram (Moong)(Whole)
11.73,24.6,35.93,21.35,91.9,6.07,118.91,Pomegranate
93.23,48.88,50.85,24.7,66.25,6.4,90.85,Bhindi(Ladies Finger)
29.97,148.89,181.6,29.13,84.38,6.02,66.05,Grapes
73.11,41.78,42.6,23.21,88.23,6.96,280.14,Rice
24.92,54.14,23.58,28.39,78.08,7.07,50.66,Green Gram (Moong)(Whole)
23.48,137.41,202.2,30.69,82.89,6.36,67.59,Grapes
25.32,120.65,180.94,30.04,80.91,6.47,64.92,Grapes
76.45,35.38,41.27,23.4,89.33,7.33,260.28,Rice
77.81,53.93,44.58,24.47,82.64,6.24,241.26,Rice
91.06,78.69,49.8,24.63,82.73,6.56,122.7,Banana
14.88,52.56,17.79,33.7,68.89,7.32,42.63,Green Gram (Moong)(Whole)
41.84,69.19,54.06,23.84,24.84,7.12,146.8,Black Gram (Urd Beans)(Whole)
5.43,27.84,37.3,20.01,85.45,5.89,119.71,Pomegranate
99.21,49.1,22.13,23.58,56.37,5.53,78.25,Apple
97.31,74.63,41.86,29.33,81.06,6.87,122.81,Banana
92.68,55.65,54.26,26.08,74.13,7.35,107.92,Bhindi(Ladies Finger)
77.94,48.48,40.85,21.6,83.24,6.61,258.68,Rice
11.28,20.45,35.02,16.41,93.14,5.68,118.43,Pomegranate
10.47,66.92,39.49,17.63,28.86,5.83,106.5,Arhar (Tur/Red Gram)(Whole)
71.77,40.84,44.94,24.91,85.59,6.57,258.69,Rice
18.4,55.84,17.42,25.65,67.41,7.02,71.59,Green Gram (Moong)(Whole)
20.81,69.29,70.17,17.68,34.78,7.49,122.3,Black Gram (Urd Beans)(Whole)
9.07,25.37,35.89,16.74,89.93,6.04,106.35,Pomegranate
92.44,58.89,35.69,25.76,70.82,6.46,98.19,Bhindi(Ladies Finger)
91.16,45.5,49.68,28.85,70.01,6.9,106.22,Bhindi(Ladies Finger)
18.22,129.37,198.58,31.43,77.74,6.07,61.38,Grapes
32.98,53.11,21.27,26.25,82.41,7.28,64.04,Green Gram (Moong)(Whole)
99.91,70.19,45.47,22.18,79.64,6.76,174.68,Banana
76.72,47.35,32.77,24.86,67.67,6.3,67.81,Apple
80.25,32.4,20.72,22.33,64.3,5.8,63.34,Apple
88.24,49.67,54.46,26.65,71.11,6.41,92.37,Bhindi(Ladies Finger)
71.53,38.93,43.94,24.24,86.2,7.33,221.71,Rice
30.63,53.43,22.13,28.28,67.76,7.4,40.85,Green Gram (Moong)(Whole)
14.83,70.13,16.98,27.64,60.11,6.05,136.41,Arhar (Tur/Red Gram)(Whole)
8.82,19.13,39.17,17.33,93.28,6.08,119.19,Pomegranate
101.01,91.54,46.65,28.08,79.75,6.26,139.19,Banana
16.12,145.83,183.16,29.94,84.55,6.11,75.57,Grapes
92.59,81.31,49.5,27.63,82.48,6.75,226.07,Banana
23.39,56.97,17.89,34.95,84.16,7.28,72.16,Green Gram (Moong)(Whole)
30.9,25.3,24.74,25.25,49.72,5.38,98.81,Mango
6.79,46.97,31.3,28.87,56.06,4.84,86.72,Mango
70.9,41.3,41.69,25.57,81.15,7.44,241.71,Rice
39.94,31.69,22.6,29.21,50.27,4.73,98.12,Mango
33.55,56.64,15.21,31.06,73.01,7.15,61.51,Green Gram (Moong)(Whole)
66.89,41.25,43.75,24.47,80.29,6.09,280.61,Rice
22.98,36.39,34.95,34.73,48.73,5.28,92.59,Mango
101.92,85.96,41.38,28.45,82.95,6.93,221.18,Banana
28.66,26.63,32.77,26.65,57.52,4.85,89.45,Mango
86.04,42.18,28.34,20.86,66.72,6.39,85.02,Apple
12.58,66.23,26.04,16.68,51.28,5.54,99.4,Arhar (Tur/Red Gram)(Whole)
18.92,72.13,25.9,17.79,56.4,5.69,122.0,Arhar (Tur/Red Gram)(Whole)
70.68,35.25,26.5,23.65,60.31,5.94,89.75,Apple
79.42,54.01,39.6,27.76,78.59,6.12,83.99,Bhindi(Ladies Finger)
90.46,63.85,43.8,26.54,79.64,6.64,99.93,Bhindi(Ladies Finger)
20.18,42.88,21.46,34.05,57.75,5.52,83.86,Mango
32.27,64.16,67.69,21.7,69.62,6.93,63.55,Black Gram (Urd Beans)(Whole)
13.77,18.38,30.64,18.35,94.35,5.51,119.76,Pomegranate
24.98,38.01,34.2,31.69,54.97,6.2,90.24,Mango
29.86,53.18,24.73,30.05,61.65,7.34,74.77,Green Gram (Moong)(Whole)
96.72,65.36,47.29,23.26,76.72,7.38,148.75,Banana
23.06,72.43,15.59,24.09,32.52,6.38,133.05,Arhar (Tur/Red Gram)(Whole)
86.78,72.78,46.07,21.76,82.5,6.23,157.32,Banana
99.59,80.98,49.89,21.55,84.01,5.62,184.69,Banana
99.08,88.06,44.22,21.11,75.43,6.0,143.6,Banana
22.19,125.77,183.58,28.03,76.14,6.17,74.38,Grapes
29.44,69.8,22.47,24.27,52.31,5.68,100.02,Arhar (Tur/Red Gram)(Whole)
102.53,60.41,48.09,27.14,84.54,5.77,143.72,Banana
13.56,38.28,32.51,27.36,53.75,5.96,92.36,Mango
6.43,27.72,36.11,21.21,87.94,5.94,104.65,Pomegranate
12.2,50.49,22.03,33.98,69.18,7.12,58.7,Green Gram (Moong)(Whole)
12.27,142.67,193.96,30.83,76.3,6.36,63.19,Grapes
23.47,50.82,21.96,29.23,84.96,6.72,64.94,Green Gram (Moong)(Whole)
24.17,134.33,197.89,29.21,84.32,6.21,76.9,Grapes
26.17,141.43,190.89,31.54,75.38,6.3,74.17,Grapes
66.71,38.15,44.23,24.43,84.96,6.06,283.22,Rice
46.2,63.73,77.34,25.23,27.16,6.84,94.93,Black Gram (Urd Beans)(Whole)
16.59,54.2,22.36,30.1,62.86,6.54,58.19,Green Gram (Moong)(Whole)
59.6,75.86,79.1,27.23,42.51,7.22,84.15,Black Gram (Urd Beans)(Whole)
75.72,62.68,38.03,22.06,68.47,7.1,108.54,Bhindi(Ladies Finger)
22.2,140.89,204.3,28.94,83.89,6.18,77.27,Grapes
68.63,45.49,42.96,22.94,82.9,7.35,213.5,Rice
30.59,43.41,23.19,25.43,49.94,6.43,86.28,Mango
20.86,55.72,21.34,32.86,82.61,6.56,71.23,Green Gram (Moong)(Whole)
99.79,87.47,48.45,26.92,76.88,6.27,218.57,Banana
18.56,66.62,39.54,26.45,41.29,5.61,88.35,Arhar (Tur/Red Gram)(Whole)
72.99,50.09,43.44,23.03,89.45,6.74,283.98,Rice
63.13,53.05,40.02,22.8,82.77,7.19,233.45,Rice
70.61,44.56,42.19,24.07,86.61,7.17,246.15,Rice
98.92,33.22,31.98,23.39,65.07,5.85,85.82,Apple
15.84,144.77,192.74,30.1,78.83,6.42,61.4,Grapes
31.93,52.82,29.64,34.34,52.87,5.11,85.93,Mango
29.27,52.66,15.83,30.74,63.6,6.51,41.81,Green Gram (Moong)(Whole)
58.8,71.98,51.59,18.34,56.13,6.99,66.66,Black Gram (Urd Beans)(Whole)
20.95,122.54,191.73,28.41,77.52,6.19,74.77,Grapes
23.12,63.39,37.4,17.11,59.86,6.21,117.53,Arhar (Tur/Red Gram)(Whole)
14.03,57.78,16.54,34.04,80.33,7.03,43.54,Green Gram (Moong)(Whole)
41.47,62.92,52.72,23.11,45.52,7.25,111.64,Black Gram (Urd Beans)(Whole)
3.38,21.64,39.66,19.64,88.04,5.99,117.77,Pomegranate
15.34,127.67,185.14,30.36,79.54,6.21,79.55,Grapes
76.58,48.64,24.56,20.61,61.4,5.6,81.09,Apple
101.43,84.4,42.05,22.09,79.88,5.87,108.4,Banana
91.15,82.88,49.17,20.6,80.15,6.08,114.28,Banana
72.21,36.68,44.82,26.81,84.05,6.86,209.45,Rice
60.49,47.82,41.94,23.35,80.19,6.41,259.93,Rice
5.75,17.21,30.9,20.61,85.14,5.61,103.3,Pomegranate
79.52,35.56,44.64,23.98,84.97,6.88,222.18,Rice
60.62,46.14,43.36,20.21,82.58,6.48,240.71,Rice
26.9,127.43,186.63,28.46,83.7,6.14,78.67,Grapes
79.64,57.03,23.11,23.16,58.79,6.43,89.7,Apple
86.75,57.92,44.13,23.12,67.19,6.55,81.45,Bhindi(Ladies Finger)
38.79,55.86,17.32,31.83,84.18,6.51,46.36,Green Gram (Moong)(Whole)
14.22,125.69,204.55,31.31,75.09,6.17,70.35,Grapes
96.21,88.8,46.97,22.78,75.86,6.35,170.88,Banana
15.78,137.92,205.93,28.1,80.21,6.19,67.15,Grapes
49.71,66.16,35.37,17.95,37.62,6.53,88.07,Black Gram (Urd Beans)(Whole)
11.56,28.69,30.71,26.98,48.07,6.22,98.07,Mango
70.17,37.94,42.49,24.2,82.64,7.17,277.86,Rice
13.9,21.88,35.84,24.78,94.7,6.09,114.17,Pomegranate
69.1,37.83,40.21,25.57,88.59,6.37,272.47,Rice
101.1,81.73,41.06,26.54,79.91,6.91,112.58,Banana
20.49,43.18,25.6,32.82,45.08,4.9,96.62,Mango
68.7,45.2,40.6,21.72,84.21,6.06,214.66,Rice
27.93,149.75,203.51,29.78,77.94,6.26,78.21,Grapes
4.96,22.51,38.53,20.49,89.35,6.19,119.35,Pomegranate
22.77,31.42,30.04,32.22,59.05,5.66,81.9,Mango
25.98,64.32,33.14,22.89,38.82,6.59,132.13,Black Gram (Urd Beans)(Whole)
12.47,16.86,38.51,23.32,93.58,6.4,102.03,Pomegranate
67.69,35.3,43.03,20.14,89.06,6.08,284.97,Rice
28.99,41.71,30.72,27.67,45.12,4.91,95.25,Mango
11.56,16.27,39.1,22.38,85.1,6.09,109.81,Pomegranate
89.21,86.25,45.71,22.3,81.19,6.0,202.88,Banana
75.63,42.68,43.55,26.55,89.25,6.17,252.35,Rice
97.56,55.79,38.21,21.33,65.69,6.5,63.34,Apple
9.68,50.35,27.16,26.64,51.54,6.31,94.5,Mango
36.64,55.37,15.04,28.55,75.57,7.06,78.74,Green Gram (Moong)(Whole)
13.53,50.74,16.13,27.47,76.77,7.46,59.31,Green Gram (Moong)(Whole)
92.75,35.45,24.57,21.99,53.95,6.22,86.47,Apple
22.68,74.81,15.15,18.01,54.96,5.67,111.51,Arhar (Tur/Red Gram)(Whole)
3.35,25.69,34.99,18.2,89.17,5.9,108.21,Pomegranate
23.59,48.42,30.79,27.73,56.63,6.01,92.58,Mango
77.74,50.37,38.06,28.41,70.1,6.25,91.09,Bhindi(Ladies Finger)
67.77,41.22,44.41,24.85,82.02,6.34,223.06,Rice
56.64,74.49,60.57,26.77,31.56,7.09,141.96,Black Gram (Urd Beans)(Whole)
102.0,68.99,44.09,27.66,82.72,5.54,183.28,Banana
67.98,44.72,40.44,22.8,85.31,6.95,210.85,Rice
11.16,21.16,30.71,20.62,87.44,5.88,118.47,Pomegranate
52.73,63.27,42.78,16.44,20.02,6.6,123.78,Black Gram (Urd Beans)(Whole)
64.38,43.37,44.41,23.28,80.32,7.41,211.1,Rice
60.25,38.18,43.97,24.06,88.4,7.33,265.0,Rice
69.38,39.71,44.26,24.0,89.74,6.93,288.79,Rice
28.85,69.86,21.26,25.02,53.64,6.33,101.38,Arhar (Tur/Red Gram)(Whole)
13.9,137.95,184.0,28.4,80.8,6.26,63.72,Grapes
69.11,47.4,40.12,21.66,86.22,6.04,264.49,Rice
22.69,62.0,25.85,28.39,58.81,6.13,137.12,Arhar (Tur/Red Gram)(Whole)
14.32,54.78,18.18,30.19,81.42,6.65,60.53,Green Gram (Moong)(Whole)
78.95,56.82,37.59,29.39,67.24,6.35,103.46,Bhindi(Ladies Finger)
38.63,71.76,41.7,18.31,50.17,6.96,111.14,Black Gram (Urd Beans)(Whole)
56.5,76.79,67.67,21.64,64.3,7.46,84.52,Black Gram (Urd Beans)(Whole)
11.56,27.97,32.25,19.12,90.81,6.17,107.62,Pomegranate
91.53,57.33,43.91,29.37,72.82,7.34,99.25,Bhindi(Ladies Finger)
19.35,55.89,20.13,32.91,71.73,6.92,73.83,Green Gram (Moong)(Whole)
14.49,28.55,30.94,24.32,93.48,5.73,107.58,Pomegranate
76.37,33.29,39.13,20.3,54.17,6.57,79.63,Apple
24.4,57.4,24.84,32.15,69.75,7.45,55.49,Green Gram (Moong)(Whole)
9.06,19.77,32.43,17.35,91.7,5.8,106.43,Pomegranate
19.58,74.78,15.74,23.71,26.28,6.0,84.13,Arhar (Tur/Red Gram)(Whole)
20.03,63.67,45.38,15.62,49.87,6.99,105.42,Black Gram (Urd Beans)(Whole)
94.74,51.75,38.18,29.64,70.35,6.39,95.33,Bhindi(Ladies Finger)
13.83,24.74,34.93,15.01,85.17,6.4,115.24,Pomegranate
6.14,28.77,31.76,28.92,58.4,5.74,87.3,Mango
60.85,36.28,43.18,24.05,87.46,7.31,204.18,Rice
78.61,51.39,44.91,24.32,88.18,6.03,203.1,Rice
14.15,27.32,33.44,15.18,94.4,5.7,102.7,Pomegranate
14.39,17.9,31.69,18.36,87.08,5.52,106.84,Pomegranate
82.59,55.54,38.18,29.19,71.82,6.94,99.88,Bhindi(Ladies Finger)
12.25,51.45,20.75,30.29,66.18,6.86,76.41,Green Gram (Moong)(Whole)
88.54,60.05,40.26,26.24,74.5,6.41,96.64,Bhindi(Ladies Finger)
10.83,130.45,203.66,30.03,77.24,6.35,62.33,Grapes
21.03,139.51,185.11,29.12,83.5,6.45,70.33,Grapes
87.19,52.36,30.57,20.22,53.63,6.21,82.76,Apple
6.38,29.72,33.12,23.92,87.38,5.82,108.88,Pomegranate
24.38,44.58,34.42,32.85,49.94,6.35,89.5,Mango
42.38,72.46,57.24,22.77,58.85,6.9,87.26,Black Gram (Urd Beans)(Whole)
23.5,63.67,61.94,15.45,36.64,7.24,125.83,Black Gram (Urd Beans)(Whole)
94.23,53.51,28.21,23.86,64.8,6.17,61.87,Apple
80.73,56.38,37.03,24.94,67.66,5.61,83.16,Apple
15.26,55.41,22.86,32.85,49.46,5.76,99.11,Mango
84.17,60.18,42.48,22.36,75.35,6.51,87.59,Bhindi(Ladies Finger)
65.24,49.54,40.36,22.09,87.57,6.49,251.14,Rice
29.64,139.54,209.9,28.26,80.78,6.38,60.92,Grapes
71.52,48.49,41.09,29.41,70.18,6.47,92.62,Bhindi(Ladies Finger)
22.08,141.76,194.85,31.34,78.2,6.46,63.74,Grapes
78.22,36.62,43.07,24.49,82.68,6.64,299.49,Rice
35.07,50.42,22.92,30.16,70.24,7.2,79.75,Green Gram (Moong)(Whole)
23.66,120.42,194.7,29.14,81.42,6.29,60.1,Grapes
19.29,129.27,192.02,28.53,82.96,6.03,60.94,Grapes
38.56,55.58,24.8,32.24,80.43,7.22,47.98,Green Gram (Moong)(Whole)
79.52,48.07,49.11,26.43,76.81,6.51,105.82,Bhindi(Ladies Finger)
3.03,16.72,30.21,19.56,89.94,5.99,114.28,Pomegranate
13.8,15.48,37.57,22.71,86.02,5.57,107.02,Pomegranate
74.46,49.14,40.63,22.31,83.84,7.17,294.98,Rice
77.59,48.15,36.95,28.18,68.73,6.37,85.19,Bhindi(Ladies Finger)
37.3,55.13,20.78,26.74,83.26,7.03,61.8,Green Gram (Moong)(Whole)
97.19,65.01,48.08,25.98,75.03,6.96,165.98,Banana
82.25,46.18,49.22,23.28,73.87,6.23,100.97,Bhindi(Ladies Finger)
11.48,25.27,32.41,16.62,86.26,6.24,103.7,Pomegranate
23.96,58.97,24.76,32.2,68.94,7.21,50.4,Green Gram (Moong)(Whole)
75.66,36.57,25.26,22.3,56.18,6.78,62.99,Apple
10.3,65.65,16.77,19.76,36.7,6.21,126.13,Arhar (Tur/Red Gram)(Whole)
20.75,66.35,32.93,20.7,19.98,6.43,85.27,Arhar (Tur/Red Gram)(Whole)
8.93,22.08,37.54,18.96,86.32,5.65,108.57,Pomegranate
2.62,22.95,33.36,23.64,94.56,6.25,103.79,Pomegranate
33.79,71.97,24.43,15.68,40.09,6.83,99.37,Black Gram (Urd Beans)(Whole)
69.56,39.67,43.51,24.65,89.33,6.17,225.96,Rice
34.27,61.21,76.91,24.25,55.41,7.03,146.98,Black Gram (Urd Beans)(Whole)
2.23,20.83,39.61,20.84,88.8,5.81,117.21,Pomegranate
11.84,124.67,209.69,28.76,82.02,6.06,67.19,Grapes
92.68,39.0,26.94,23.9,52.29,7.0,87.77,Apple
11.86,27.11,35.57,22.74,89.96,6.17,104.6,Pomegranate
82.1,45.48,30.82,23.11,57.46,6.66,90.94,Apple
80.23,64.07,52.89,22.85,74.18,6.58,100.31,Bhindi(Ladies Finger)
21.43,43.98,30.38,31.4,49.97,6.15,92.22,Mango
58.54,69.57,59.45,16.16,28.35,7.17,80.99,Black Gram (Urd Beans)(Whole)
70.91,52.68,35.46,23.63,71.14,6.28,86.83,Bhindi(Ladies Finger)
12.49,51.7,15.81,26.22,70.01,6.65,50.34,Green Gram (Moong)(Whole)
72.85,53.51,39.88,21.66,57.21,6.87,60.11,Apple
5.33,21.5,24.53,29.95,48.89,6.5,97.24,Mango
14.61,37.3,25.28,34.66,45.02,5.8,84.06,Mango
41.04,64.85,16.74,18.18,26.96,6.24,92.63,Arhar (Tur/Red Gram)(Whole)
37.26,64.32,39.66,25.99,64.49,6.28,132.01,Arhar (Tur/Red Gram)(Whole)
9.81,26.67,37.63,23.31,93.57,6.48,111.83,Pomegranate
83.46,58.34,53.59,24.17,72.95,7.36,82.85,Bhindi(Ladies Finger)
93.06,87.52,47.63,24.05,78.93,6.67,126.03,Banana
10.44,124.51,184.44,29.69,77.57,6.28,67.11,Grapes
96.13,66.25,42.05,27.23,77.25,7.1,101.31,Banana
28.43,139.43,203.95,30.6,82.94,6.45,76.59,Grapes
79.87,58.01,45.63,24.53,73.36,7.06,95.56,Bhindi(Ladies Finger)
30.38,56.62,17.12,32.4,65.57,6.84,71.63,Green Gram (Moong)(Whole)
33.71,79.24,47.51,17.79,27.19,6.51,111.75,Black Gram (Urd Beans)(Whole)
11.79,56.98,21.75,33.02,47.74,6.06,87.58,Mango
7.73,15.17,35.19,20.39,87.74,5.92,115.36,Pomegranate
16.2,131.41,196.99,29.95,77.35,6.39,70.99,Grapes
89.54,34.39,24.68,21.85,53.62,6.82,63.49,Apple
23.32,136.45,190.11,28.94,79.47,6.2,68.01,Grapes
17.36,72.71,17.52,18.95,33.43,6.21,82.77,Arhar (Tur/Red Gram)(Whole)
30.17,51.57,15.15,33.9,73.92,6.76,58.56,Green Gram (Moong)(Whole)
33.38,76.53,71.07,16.99,44.59,6.77,142.4,Black Gram (Urd Beans)(Whole)
92.4,63.95,47.97,23.25,69.73,7.32,92.99,Bhindi(Ladies Finger)
66.49,54.33,43.84,21.81,84.3,6.25,226.64,Rice
26.65,46.67,24.61,32.83,54.7,5.74,80.43,Mango
26.96,140.33,189.28,28.93,84.06,6.22,77.07,Grapes
36.28,76.29,78.62,21.25,33.79,7.47,82.55,Black Gram (Urd Beans)(Whole)
15.25,50.08,18.28,32.74,76.22,7.11,53.12,Green Gram (Moong)(Whole)
5.45,27.8,31.5,17.68,85.21,5.76,111.4,Pomegranate
58.62,63.4,55.05,24.66,18.4,6.89,147.73,Black Gram (Urd Beans)(Whole)
85.47,81.33,43.87,29.96,76.64,7.3,163.0,Banana
93.66,59.19,47.83,29.22,84.74,6.93,160.6,Banana
27.29,74.54,32.29,18.34,43.73,7.09,60.04,Black Gram (Urd Beans)(Whole)
36.22,74.65,26.07,25.59,50.36,5.62,113.09,Arhar (Tur/Red Gram)(Whole)
3.69,37.5,33.13,27.58,49.44,5.1,86.13,Mango
19.58,137.17,203.36,30.16,80.51,6.17,73.55,Grapes
57.04,62.68,24.98,15.38,69.99,7.04,66.14,Black Gram (Urd Beans)(Whole)
18.17,70.25,22.78,16.56,42.76,5.76,100.02,Arhar (Tur/Red Gram)(Whole)
91.36,55.61,53.54,29.68,77.49,6.53,97.68,Bhindi(Ladies Finger)
34.19,70.86,63.18,20.18,26.51,7.38,136.24,Black Gram (Urd Beans)(Whole)
27.43,77.62,33.62,23.87,49.95,7.49,63.34,Black Gram (Urd Beans)(Whole)
31.81,62.46,25.32,16.05,43.68,6.37,114.32,Arhar (Tur/Red Gram)(Whole)
35.47,73.58,24.57,18.52,15.07,6.33,122.1,Arhar (Tur/Red Gram)(Whole)
48.36,71.35,66.1,16.61,25.43,7.47,61.59,Black Gram (Urd Beans)(Whole)
5.85,52.94,26.86,30.34,52.74,6.48,92.32,Mango
13.82,24.69,25.33,26.64,59.52,5.58,91.85,Mango
44.3,73.54,15.06,17.89,40.82,6.13,91.06,Arhar (Tur/Red Gram)(Whole)
28.94,54.59,15.82,32.66,71.84,6.79,70.91,Green Gram (Moong)(Whole)
34.83,63.36,34.07,28.97,20.95,6.38,113.06,Arhar (Tur/Red Gram)(Whole)
11.7,134.89,191.2,30.17,78.82,6.39,71.71,Grapes
66.47,48.55,40.72,25.45,88.03,6.67,220.53,Rice
29.19,54.1,19.97,28.16,84.62,7.02,50.84,Green Gram (Moong)(Whole)
88.96,66.81,42.61,24.47,82.2,6.93,194.13,Banana
50.36,60.56,21.19,19.35,45.31,6.87,110.6,Black Gram (Urd Beans)(Whole)
24.78,74.39,16.73,21.88,35.39,6.3,96.56,Arhar (Tur/Red Gram)(Whole)
22.63,70.77,38.45,19.44,31.74,6.17,139.29,Arhar (Tur/Red Gram)(Whole)
26.06,53.33,18.02,26.46,69.23,7.38,42.68,Green Gram (Moong)(Whole)
13.74,23.05,30.09,22.13,94.14,5.73,108.66,Pomegranate
27.76,53.88,22.91,29.85,80.6,6.8,71.65,Green Gram (Moong)(Whole)
12.24,23.62,39.53,16.21,90.9,6.4,105.59,Pomegranate
29.8,148.61,201.06,30.78,79.32,6.15,61.89,Grapes
96.7,32.83,33.12,23.68,63.83,5.95,85.16,Apple
10.29,58.13,24.99,26.47,70.63,6.88,60.8,Green Gram (Moong)(Whole)
70.38,38.5,44.67,26.02,85.1,6.03,268.23,Rice
36.26,56.53,16.25,33.85,67.63,6.87,70.92,Green Gram (Moong)(Whole)
35.26,64.44,22.89,16.11,29.56,5.8,102.72,Arhar (Tur/Red Gram)(Whole)
2.72,21.96,26.03,32.03,52.38,6.08,86.3,Mango
20.53,57.58,15.47,32.72,62.23,7.32,49.9,Green Gram (Moong)(Whole)
21.42,73.75,79.97,26.29,63.62,7.41,137.25,Black Gram (Urd Beans)(Whole)
81.24,36.39,23.56,24.87,51.77,5.63,64.32,Apple
29.48,69.35,78.59,20.08,21.5,7.41,108.85,Black Gram (Urd Beans)(Whole)
34.83,67.18,23.85,27.37,22.94,5.88,115.95,Arhar (Tur/Red Gram)(Whole)
4.4,17.04,35.06,22.25,94.62,6.48,109.39,Pomegranate
102.33,65.81,41.18,26.82,76.91,6.46,144.4,Banana
99.43,56.73,20.78,22.48,64.58,6.16,98.68,Apple
21.81,64.63,57.65,19.06,42.14,7.43,135.9,Black Gram (Urd Beans)(Whole)
72.16,58.2,36.08,25.55,70.47,6.38,91.75,Bhindi(Ladies Finger)
38.25,64.48,31.91,15.28,34.15,5.82,128.4,Arhar (Tur/Red Gram)(Whole)
75.54,58.45,50.96,29.02,79.89,7.19,82.62,Bhindi(Ladies Finger)
22.44,121.96,192.87,31.97,75.91,6.12,60.72,Grapes
30.23,75.88,68.45,19.78,15.59,7.29,80.89,Black Gram (Urd Beans)(Whole)
103.42,78.89,44.02,22.53,84.75,7.25,220.9,Banana
75.0,36.09,24.06,21.49,54.37,6.87,98.13,Apple
11.62,56.27,15.11,31.2,72.83,7.28,49.51,Green Gram (Moong)(Whole)
9.7,27.32,38.17,15.28,91.81,6.13,106.88,Pomegranate
8.08,50.23,29.2,33.39,58.68,6.03,93.43,Mango
22.51,34.58,34.53,30.19,49.46,4.81,86.09,Mango
72.99,36.35,44.41,22.39,82.31,7.35,286.99,Rice
39.43,46.01,24.79,25.12,59.9,5.12,88.52,Mango
14.18,58.36,18.77,27.64,60.96,6.56,58.35,Green Gram (Moong)(Whole)
20.33,51.32,15.76,28.3,84.22,7.13,74.03,Green Gram (Moong)(Whole)
35.53,54.17,22.06,30.6,82.71,6.72,61.33,Green Gram (Moong)(Whole)
31.34,45.07,25.35,27.84,49.54,5.25,80.1,Mango
78.07,45.35,48.73,28.89,70.31,7.14,89.7,Bhindi(Ladies Finger)
23.87,56.02,21.11,33.51,57.78,6.28,98.98,Mango
29.56,35.28,33.32,25.27,46.94,4.72,96.65,Mango
12.69,124.88,207.23,31.22,84.46,6.39,71.63,Grapes
14.9,144.0,186.01,28.3,81.63,6.39,69.16,Grapes
14.28,50.62,19.37,31.84,84.83,6.51,62.37,Green Gram (Moong)(Whole)
11.22,18.91,34.73,18.48,93.05,6.14,110.13,Pomegranate
38.33,63.68,28.81,21.58,18.31,6.86,124.69,Black Gram (Urd Beans)(Whole)
69.43,46.84,41.59,26.46,81.91,6.28,288.49,Rice
14.94,41.13,24.29,25.08,56.28,5.64,82.53,Mango
76.34,48.58,35.43,29.36,68.9,6.87,105.83,Bhindi(Ladies Finger)
13.33,16.93,38.86,24.37,87.86,6.38,102.21,Pomegranate
85.61,38.38,38.24,22.97,67.64,6.07,60.25,Apple
12.46,21.47,34.57,17.91,92.14,6.18,111.18,Pomegranate
103.23,80.34,44.03,27.55,78.34,6.96,195.96,Banana
28.32,56.95,20.49,31.38,73.8,7.06,78.0,Green Gram (Moong)(Whole)
72.82,40.34,44.47,24.03,85.4,6.66,271.82,Rice
83.1,31.93,23.58,22.11,50.75,6.46,69.34,Apple
21.12,144.92,200.68,29.79,84.14,6.1,75.39,Grapes
22.73,55.27,23.33,33.99,77.59,6.94,55.7,Green Gram (Moong)(Whole)
92.94,47.83,29.46,25.0,54.67,6.59,81.73,Apple
103.73,75.29,41.4,26.72,79.87,7.17,217.43,Banana
76.33,46.81,42.93,23.7,80.6,6.74,278.05,Rice
52.27,75.32,22.9,16.1,29.6,6.79,97.03,Black Gram (Urd Beans)(Whole)
37.26,54.19,32.76,28.82,51.37,4.56,91.24,Mango
39.44,54.53,20.72,31.16,79.73,7.24,49.06,Green Gram (Moong)(Whole)
39.35,79.45,34.65,20.11,15.78,7.31,104.89,Black Gram (Urd Beans)(Whole)
3.87,23.68,38.48,21.76,93.92,6.31,112.14,Pomegranate
49.12,64.65,20.83,24.06,61.17,7.49,77.78,Black Gram (Urd Beans)(Whole)
37.38,62.44,38.39,26.69,33.31,6.97,63.25,Black Gram (Urd Beans)(Whole)
83.35,49.29,45.96,29.13,70.14,6.96,93.44,Bhindi(Ladies Finger)
71.81,40.73,41.61,24.7,80.67,7.42,229.54,Rice
69.3,41.55,43.88,20.13,85.83,6.31,220.88,Rice
13.7,19.33,39.44,23.8,93.98,6.31,108.39,Pomegranate
27.0,147.57,200.59,30.38,80.72,6.26,76.96,Grapes
84.01,48.93,22.02,21.45,53.17,6.02,99.83,Apple
35.4,58.38,28.11,31.72,45.5,6.08,95.3,Mango
25.47,51.74,21.49,25.78,73.95,6.67,65.53,Green Gram (Moong)(Whole)
29.94,129.54,189.52,29.45,81.67,6.07,72.96,Grapes
14.5,44.83,21.86,29.43,46.03,5.88,90.69,Mango
100.05,89.53,44.99,23.28,79.47,5.75,141.15,Banana
14.36,70.26,36.64,21.68,21.32,5.6,137.84,Arhar (Tur/Red Gram)(Whole)
62.89,39.82,43.59,22.3,87.81,6.2,271.61,Rice
37.83,65.3,49.16,18.76,25.96,6.8,86.08,Black Gram (Urd Beans)(Whole)
27.81,126.29,182.23,31.26,75.92,6.2,66.63,Grapes
35.2,54.58,22.21,33.99,75.35,7.07,73.25,Green Gram (Moong)(Whole)
54.94,77.43,43.53,23.15,50.86,6.65,133.59,Black Gram (Urd Beans)(Whole)
96.92,37.57,34.02,20.86,66.7,5.61,97.85,Apple
5.15,17.24,34.57,17.31,91.41,6.37,102.41,Pomegranate
3.73,32.71,27.04,31.84,50.45,6.1,96.23,Mango
2.0,45.38,23.88,34.37,58.67,4.68,92.31,Mango
5.46,25.92,32.58,25.08,51.85,4.71,81.63,Mango
62.92,43.15,42.84,23.07,81.31,6.75,298.18,Rice
37.8,58.86,18.83,30.17,71.63,6.77,62.05,Green Gram (Moong)(Whole)
78.82,51.37,44.88,27.68,79.19,6.9,108.67,Bhindi(Ladies Finger)
38.06,71.04,31.63,21.51,61.92,5.96,117.84,Arhar (Tur/Red Gram)(Whole)
22.85,54.04,17.3,33.31,63.91,7.18,71.38,Green Gram (Moong)(Whole)
29.21,35.48,27.85,27.79,54.16,4.66,81.77,Mango
6.85,18.8,37.05,24.41,87.25,5.74,107.61,Pomegranate
40.48,76.64,57.05,18.5,69.03,7.4,91.19,Black Gram (Urd Beans)(Whole)
23.39,141.02,182.89,28.37,75.04,6.32,62.22,Grapes
19.51,66.34,26.14,27.18,31.44,6.03,123.99,Arhar (Tur/Red Gram)(Whole)
89.57,74.21,42.63,29.01,80.6,6.82,198.2,Banana
15.15,146.89,187.62,29.26,84.21,6.03,73.49,Grapes
87.28,55.16,41.44,29.61,67.3,6.69,93.38,Bhindi(Ladies Finger)
99.99,36.67,34.35,20.28,55.25,5.56,88.57,Apple
13.87,144.45,208.39,30.97,82.52,6.35,78.01,Grapes
3.97,22.39,37.43,18.43,91.84,6.25,104.83,Pomegranate
80.44,51.93,38.55,28.45,77.61,6.76,104.9,Bhindi(Ladies Finger)
35.52,58.07,19.66,34.68,70.1,7.39,66.42,Green Gram (Moong)(Whole)
93.76,47.02,38.33,25.84,70.76,6.25,89.33,Bhindi(Ladies Finger)
93.67,55.51,35.15,23.86,56.12,6.38,60.68,Apple
73.08,44.56,40.4,21.29,87.34,7.02,242.73,Rice
40.26,66.89,19.98,24.54,17.73,6.3,111.41,Arhar (Tur/Red Gram)(Whole)
28.06,35.11,27.37,33.84,47.05,5.32,95.68,Mango
8.16,15.28,35.75,15.52,89.28,6.11,107.9,Pomegranate
17.78,122.19,199.05,28.98,75.81,6.35,67.51,Grapes
76.43,59.72,37.23,28.88,79.76,6.2,87.99,Bhindi(Ladies Finger)
11.34,15.11,37.06,20.74,89.3,5.9,102.69,Pomegranate
86.06,50.82,40.56,25.1,68.05,7.09,88.59,Bhindi(Ladies Finger)
90.24,61.89,47.41,24.85,75.45,6.9,155.89,Banana
5.46,27.37,33.51,17.91,91.01,5.58,118.44,Pomegranate
36.8,64.14,59.74,21.33,20.83,6.97,121.18,Black Gram (Urd Beans)(Whole)
86.22,49.26,49.08,29.67,74.37,6.33,96.96,Bhindi(Ladies Finger)
83.42,48.23,48.22,25.72,77.4,6.96,89.75,Bhindi(Ladies Finger)
14.42,18.14,38.7,16.1,88.75,6.38,109.2,Pomegranate
70.51,45.74,42.86,22.36,81.73,7.32,290.71,Rice
13.5,23.4,38.37,18.17,88.39,5.8,107.67,Pomegranate
3.03,18.8,35.46,22.61,87.11,5.55,119.59,Pomegranate
12.06,138.15,195.17,28.6,83.85,6.48,67.26,Grapes
76.16,55.29,32.83,23.37,56.71,6.07,69.12,Apple
45.54,67.84,54.88,16.28,28.91,6.8,142.08,Black Gram (Urd Beans)(Whole)
9.2,18.39,38.82,21.18,93.03,6.29,111.19,Pomegranate
37.62,74.34,37.1,16.85,52.94,6.01,119.82,Arhar (Tur/Red Gram)(Whole)
90.9,51.96,45.12,27.02,66.71,7.23,104.7,Bhindi(Ladies Finger)
98.84,65.05,47.6,28.96,77.74,6.42,209.74,Banana
49.08,75.28,72.46,16.39,50.15,7.43,85.86,Black Gram (Urd Beans)(Whole)
102.85,82.36,44.01,28.26,77.06,6.52,106.08,Banana
90.04,82.5,49.93,28.67,81.1,6.3,210.54,Banana
13.62,59.22,21.11,34.12,74.91,7.41,43.7,Green Gram (Moong)(Whole)
102.08,64.85,49.45,22.81,78.77,7.18,228.57,Banana
19.59,52.72,15.98,34.05,77.26,7.06,49.08,Green Gram (Moong)(Whole)
71.02,36.57,34.79,21.48,52.45,6.0,77.08,Apple
15.66,56.91,29.58,32.2,54.65,4.61,85.51,Mango
54.83,63.79,41.82,15.39,26.35,6.88,130.36,Black Gram (Urd Beans)(Whole)
80.27,58.47,35.62,28.55,66.45,6.64,86.69,Bhindi(Ladies Finger)
62.33,38.08,42.87,26.62,80.78,6.67,298.23,Rice
73.39,48.53,42.8,25.06,66.21,6.87,103.84,Bhindi(Ladies Finger)
12.95,67.39,34.32,15.85,48.14,6.39,104.01,Arhar (Tur/Red Gram)(Whole)
44.03,64.24,21.14,22.36,50.46,6.0,112.06,Arhar (Tur/Red Gram)(Whole)
25.72,67.78,33.16,17.14,26.24,6.32,116.91,Arhar (Tur/Red Gram)(Whole)
90.12,82.11,47.08,20.73,78.2,6.07,147.32,Banana
28.79,141.01,205.52,28.94,83.43,6.29,75.58,Grapes
95.44,86.21,47.88,28.23,82.75,7.45,162.04,Banana
60.25,51.77,43.07,24.51,87.72,7.48,202.81,Rice
78.97,45.21,43.76,25.59,83.05,6.23,265.63,Rice
35.0,56.17,15.41,31.38,84.04,7.44,54.72,Green Gram (Moong)(Whole)
25.65,56.94,21.22,34.75,58.39,5.8,80.71,Mango
105.0,92.2,45.06,21.85,77.25,6.04,168.83,Banana
23.14,71.95,24.49,17.12,20.47,5.67,109.84,Arhar (Tur/Red Gram)(Whole)
31.88,63.04,29.29,15.14,58.59,6.41,134.39,Arhar (Tur/Red Gram)(Whole)
95.03,47.87,36.31,20.15,62.57,6.9,79.32,Apple
72.7,56.73,36.49,28.21,66.34,6.1,107.4,Bhindi(Ladies Finger)
21.69,65.04,21.07,28.2,16.71,5.95,108.29,Arhar (Tur/Red Gram)(Whole)
87.84,48.18,36.6,21.03,61.94,6.11,81.16,Apple
14.13,57.43,21.49,27.63,75.51,7.38,63.51,Green Gram (Moong)(Whole)
10.67,28.05,30.18,22.9,90.13,6.41,109.03,Pomegranate
94.09,74.82,42.03,24.22,77.26,6.33,105.82,Banana
39.52,60.6,27.56,28.16,49.95,6.35,135.15,Arhar (Tur/Red Gram)(Whole)
72.99,42.47,29.1,22.09,57.61,5.5,77.25,Apple
103.72,69.93,44.39,24.9,81.22,6.62,124.95,Banana
88.75,50.28,52.71,28.57,73.27,6.56,92.84,Bhindi(Ladies Finger)
96.3,37.19,36.2,20.74,58.75,6.36,81.49,Apple
85.18,82.5,46.55,24.4,77.43,6.1,107.63,Banana
9.25,28.15,38.28,16.24,86.39,6.49,118.05,Pomegranate
12.19,28.76,37.42,20.51,87.76,5.62,113.63,Pomegranate
36.62,61.27,73.73,24.88,31.65,6.96,144.74,Black Gram (Urd Beans)(Whole)
25.66,134.8,189.85,28.39,80.84,6.37,60.88,Grapes
23.05,136.98,208.86,30.46,80.63,6.48,63.28,Grapes
64.11,43.36,44.43,20.55,85.63,6.22,235.99,Rice
28.68,55.09,21.61,25.82,80.32,7.05,70.5,Green Gram (Moong)(Whole)
33.61,61.78,25.45,19.04,19.24,7.07,138.82,Black Gram (Urd Beans)(Whole)
24.76,58.57,24.09,28.94,80.39,7.37,63.78,Green Gram (Moong)(Whole)
9.96,43.61,26.26,28.98,59.01,5.2,93.72,Mango
24.74,71.84,18.7,23.81,63.22,5.73,98.28,Arhar (Tur/Red Gram)(Whole)
90.88,60.97,40.2,22.67,69.33,7.14,109.13,Bhindi(Ladies Finger)
29.79,72.98,30.59,16.68,17.1,5.72,95.75,Arhar (Tur/Red Gram)(Whole)
28.58,49.32,28.5,31.15,51.13,5.37,80.17,Mango
90.78,80.37,45.14,21.69,83.65,5.57,173.28,Banana
36.27,60.21,70.58,18.49,68.9,7.23,136.54,Black Gram (Urd Beans)(Whole)
29.98,52.14,31.74,26.67,56.09,4.87,80.3,Mango
3.79,21.82,23.03,34.83,54.27,6.46,98.32,Mango
31.85,41.13,32.89,25.47,56.65,4.53,91.53,Mango
29.23,56.8,22.37,28.91,45.78,4.74,97.13,Mango
9.53,23.88,38.29,19.85,91.2,5.99,104.61,Pomegranate
52.09,76.93,27.69,15.53,39.22,7.1,65.64,Black Gram (Urd Beans)(Whole)
71.91,52.07,49.82,24.59,77.38,7.18,108.44,Bhindi(Ladies Finger)
20.2,76.98,43.63,16.27,62.15,7.05,68.88,Black Gram (Urd Beans)(Whole)
21.45,67.17,60.29,20.88,27.72,6.65,94.29,Black Gram (Urd Beans)(Whole)
39.58,51.66,15.23,33.88,69.2,6.66,70.96,Green Gram (Moong)(Whole)
12.07,16.5,34.23,16.29,87.66,6.45,115.43,Pomegranate
94.95,43.72,30.92,20.59,58.0,6.65,74.07,Apple
14.22,66.66,23.74,22.85,37.09,6.16,88.4,Arhar (Tur/Red Gram)(Whole)
64.91,36.42,40.26,24.27,87.12,6.43,206.14,Rice
56.97,76.0,22.1,27.7,59.96,6.52,133.44,Black Gram (Urd Beans)(Whole)
30.72,47.35,32.42,31.73,49.7,5.24,80.25,Mango
57.18,71.88,36.61,19.72,61.87,7.19,112.16,Black Gram (Urd Beans)(Whole)
11.59,20.13,31.99,19.38,88.13,6.26,109.19,Pomegranate
38.6,29.7,21.97,27.24,50.01,4.69,83.9,Mango
79.22,41.26,40.65,25.13,84.53,6.14,210.99,Rice
8.79,24.42,36.86,18.78,92.34,5.52,105.57,Pomegranate
14.64,29.5,37.78,19.55,89.02,6.01,110.93,Pomegranate
13.69,64.41,17.64,25.76,56.53,5.95,134.6,Arhar (Tur/Red Gram)(Whole)
68.45,50.66,41.3,20.05,88.55,6.94,218.82,Rice
74.66,54.63,41.98,22.7,77.83,6.03,91.0,Bhindi(Ladies Finger)
22.83,60.18,15.66,18.59,39.37,5.52,136.42,Arhar (Tur/Red Gram)(Whole)
32.42,54.59,15.42,26.23,75.21,7.0,60.21,Green Gram (Moong)(Whole)
74.54,54.67,45.4,26.64,69.1,7.43,101.1,Bhindi(Ladies Finger)
6.88,21.88,31.11,15.6,93.48,5.5,108.44,Pomegranate
4.75,16.98,38.52,21.81,92.64,5.7,112.78,Pomegranate
43.69,61.88,64.39,23.33,27.83,7.33,85.64,Black Gram (Urd Beans)(Whole)
70.37,40.56,40.37,20.09,82.89,6.46,258.43,Rice
15.39,122.99,204.71,31.85,77.47,6.27,64.9,Grapes
32.74,57.61,18.13,31.8,84.66,7.16,67.1,Green Gram (Moong)(Whole)
19.29,47.16,26.38,31.31,52.98,5.44,92.9,Mango
78.09,56.27,54.44,26.45,73.34,6.48,107.21,Bhindi(Ladies Finger)
8.03,27.31,38.25,21.59,93.19,5.93,100.57,Pomegranate
12.56,23.91,30.91,15.53,89.02,6.28,119.73,Pomegranate
26.46,129.81,209.5,31.39,84.13,6.04,61.41,Grapes
67.75,36.95,43.41,20.05,87.94,6.65,244.45,Rice
88.55,60.48,38.95,22.53,73.11,7.17,80.54,Bhindi(Ladies Finger)
21.9,39.85,27.09,26.89,54.91,5.53,97.74,Mango
81.52,53.89,37.61,28.83,66.33,6.96,97.07,Bhindi(Ladies Finger)
2.51,29.22,32.5,24.38,86.89,6.41,106.71,Pomegranate
78.55,64.97,44.05,26.37,76.75,7.13,86.75,Bhindi(Ladies Finger)
43.11,71.13,19.98,24.82,53.93,6.43,88.93,Arhar (Tur/Red Gram)(Whole)
98.45,38.34,35.49,20.53,63.39,6.88,85.95,Apple
14.54,29.46,31.51,23.98,91.13,6.44,115.42,Pomegranate
29.11,53.82,22.25,33.68,67.23,7.38,71.72,Green Gram (Moong)(Whole)
93.0,54.95,37.27,21.36,51.94,5.6,71.56,Apple
12.24,52.69,18.59,33.07,74.8,6.81,70.05,Green Gram (Moong)(Whole)
38.6,72.83,27.22,17.02,30.06,6.09,82.55,Arhar (Tur/Red Gram)(Whole)
86.86,90.59,46.35,25.76,76.23,6.23,141.44,Banana
90.84,84.39,47.81,23.78,76.0,6.15,102.18,Banana
36.2,51.06,30.64,34.04,45.03,6.37,97.66,Mango
29.17,72.01,24.51,25.59,45.8,5.69,128.25,Arhar (Tur/Red Gram)(Whole)
18.67,58.5,23.05,31.0,68.06,7.12,43.06,Green Gram (Moong)(Whole)
58.03,60.77,43.87,18.07,35.26,6.8,113.21,Black Gram (Urd Beans)(Whole)
86.3,58.87,54.19,23.09,69.53,6.98,99.74,Bhindi(Ladies Finger)
82.99,40.22,28.7,24.22,51.51,6.36,99.1,Apple
14.72,58.13,15.89,29.8,69.39,7.02,47.34,Green Gram (Moong)(Whole)
34.35,50.39,20.12,25.48,68.53,7.29,68.31,Green Gram (Moong)(Whole)
25.68,128.36,204.22,30.59,75.34,6.07,77.66,Grapes
30.73,62.62,18.15,27.28,45.41,6.2,125.26,Arhar (Tur/Red Gram)(Whole)
97.11,70.78,43.57,28.38,84.15,6.19,122.43,Banana
13.5,55.91,33.11,34.57,51.98,5.09,88.9,Mango
26.97,125.69,201.52,29.75,82.41,6.45,72.48,Grapes
20.35,60.63,15.33,18.18,54.73,5.7,116.2,Arhar (Tur/Red Gram)(Whole)
29.17,51.93,21.82,28.81,68.89,7.03,63.21,Green Gram (Moong)(Whole)
24.27,57.24,19.6,34.24,75.42,7.24,59.91,Green Gram (Moong)(Whole)
33.2,36.95,23.94,27.29,49.98,5.95,81.7,Mango
22.52,74.7,54.75,22.9,68.15,7.38,105.16,Black Gram (Urd Beans)(Whole)
24.89,71.67,24.24,19.04,25.52,5.52,97.74,Arhar (Tur/Red Gram)(Whole)
93.89,86.78,46.64,29.74,76.85,5.87,172.61,Banana
2.69,21.93,31.64,21.41,91.46,6.48,119.45,Pomegranate
19.0,20.7,34.16,33.21,50.93,5.1,94.13,Mango
66.64,35.7,44.25,22.62,89.96,7.13,297.75,Rice
17.78,138.82,203.96,28.54,83.15,6.28,62.56,Grapes
5.82,17.26,31.1,16.35,88.05,6.04,117.2,Pomegranate
23.74,55.63,21.78,30.12,73.77,7.5,76.94,Green Gram (Moong)(Whole)
9.79,29.19,30.68,19.61,91.34,5.69,105.44,Pomegranate
89.51,54.32,42.95,29.02,76.62,6.64,84.4,Bhindi(Ladies Finger)
40.87,65.8,28.54,23.59,58.55,7.35,105.3,Black Gram (Urd Beans)(Whole)
34.04,41.67,23.99,33.19,53.99,5.15,93.23,Mango
92.37,43.1,34.79,20.6,65.56,6.83,92.05,Apple
20.37,137.36,196.57,31.92,80.89,6.06,68.54,Grapes
91.61,48.14,38.11,28.95,76.15,7.45,102.46,Bhindi(Ladies Finger)
75.47,44.87,33.69,21.18,66.81,6.11,62.56,Apple
26.49,143.25,199.88,29.25,79.5,6.35,68.13,Grapes
13.48,48.64,24.09,29.82,54.04,5.18,97.43,Mango
71.3,53.19,44.41,21.07,86.27,6.21,207.63,Rice
3.97,22.64,31.31,18.27,86.35,6.29,112.12,Pomegranate
10.39,29.13,33.38,16.39,86.56,6.09,104.96,Pomegranate
87.99,74.46,49.45,23.03,75.9,6.45,124.58,Banana
20.03,61.69,33.49,16.91,27.07,5.54,126.28,Arhar (Tur/Red Gram)(Whole)
66.68,36.13,42.64,26.21,83.07,6.78,210.53,Rice
71.59,48.34,39.31,26.41,65.34,7.26,109.86,Bhindi(Ladies Finger)
51.96,71.41,34.0,19.02,38.03,7.07,113.1,Black Gram (Urd Beans)(Whole)
13.16,27.15,21.19,25.87,56.78,5.38,95.12,Mango
88.37,69.69,45.21,27.87,84.95,5.54,109.95,Banana
97.3,49.24,34.59,20.08,57.18,5.96,62.85,Apple
14.44,26.35,34.78,21.75,94.3,5.56,104.7,Pomegranate
71.67,36.92,44.6,25.65,85.19,6.61,231.86,Rice
33.19,67.54,41.01,18.76,67.42,7.31,98.61,Black Gram (Urd Beans)(Whole)
57.98,67.97,34.42,16.21,37.73,6.85,142.64,Black Gram (Urd Beans)(Whole)
24.52,129.05,205.95,30.59,83.1,6.32,69.16,Grapes
40.65,69.57,44.31,17.04,34.52,6.94,140.29,Black Gram (Urd Beans)(Whole)
44.87,76.38,28.17,19.48,30.13,6.86,66.16,Black Gram (Urd Beans)(Whole)
19.61,56.26,18.87,28.83,73.74,6.57,62.07,Green Gram (Moong)(Whole)
13.62,22.53,35.59,18.69,85.55,6.01,112.78,Pomegranate
70.51,47.36,21.85,22.71,66.22,6.83,67.36,Apple
7.78,36.58,20.24,26.48,47.74,5.54,82.75,Mango
85.23,56.05,35.58,22.91,70.83,7.33,99.68,Bhindi(Ladies Finger)
4.6,35.55,29.94,33.81,47.34,5.58,81.15,Mango
44.75,77.06,64.29,22.97,50.39,6.92,141.64,Black Gram (Urd Beans)(Whole)
15.92,125.53,192.08,28.99,84.09,6.0,67.82,Grapes
14.01,68.74,26.24,27.42,54.86,6.47,109.97,Arhar (Tur/Red Gram)(Whole)
20.34,52.69,20.21,31.15,66.68,7.06,58.12,Green Gram (Moong)(Whole)
7.95,32.68,23.92,30.93,51.81,6.48,97.92,Mango
2.16,23.42,35.59,22.97,88.18,5.5,115.14,Pomegranate
29.37,139.51,197.52,29.89,77.8,6.01,66.28,Grapes
12.89,136.74,197.04,29.85,78.04,6.07,66.64,Grapes
36.5,52.11,19.96,29.75,76.97,6.79,62.8,Green Gram (Moong)(Whole)
24.73,135.05,197.71,30.96,82.09,6.47,70.02,Grapes
77.05,51.97,38.07,21.78,61.14,6.78,97.12,Apple
45.66,67.6,20.61,27.17,15.15,6.93,119.59,Black Gram (Urd Beans)(Whole)
39.12,55.5,24.95,33.99,84.08,7.23,40.47,Green Gram (Moong)(Whole)
92.02,94.14,44.34,22.07,82.21,5.8,228.54,Banana
78.97,44.28,43.66,22.52,80.48,6.17,274.16,Rice
5.61,44.85,28.75,30.27,50.99,4.7,98.35,Mango
78.65,50.64,54.48,22.61,76.05,6.9,80.93,Bhindi(Ladies Finger)
19.94,27.75,31.3,26.83,49.07,4.65,94.36,Mango
3.52,44.01,29.22,31.56,50.48,5.67,93.73,Mango
35.32,71.47,18.18,17.48,18.08,6.48,99.97,Arhar (Tur/Red Gram)(Whole)
101.17,89.63,41.29,20.7,82.15,6.93,218.95,Banana
12.85,28.49,35.99,17.85,87.4,5.9,115.9,Pomegranate
31.37,38.79,33.37,26.02,48.36,4.56,90.14,Mango
94.5,47.84,44.78,29.67,69.97,7.12,100.32,Bhindi(Ladies Finger)
13.71,144.23,186.34,28.85,80.65,6.3,66.34,Grapes
87.05,65.46,46.28,29.88,79.98,7.34,208.28,Banana
35.41,23.11,32.87,34.19,55.56,5.1,81.76,Mango
77.17,47.13,41.96,22.68,86.74,6.05,271.56,Rice
34.8,39.34,25.92,30.38,46.63,6.0,84.87,Mango
67.2,46.65,40.66,25.33,87.43,6.4,294.68,Rice
25.62,77.33,59.67,22.89,19.47,7.25,68.54,Black Gram (Urd Beans)(Whole)
75.32,47.25,39.13,23.14,64.91,6.45,68.94,Apple
3.86,28.85,31.98,23.41,91.96,5.74,116.13,Pomegranate
9.09,57.97,26.96,33.48,46.75,4.66,89.02,Mango
40.68,62.03,38.01,28.26,40.09,5.86,125.68,Arhar (Tur/Red Gram)(Whole)
3.76,22.61,31.14,20.63,85.27,6.22,116.47,Pomegranate
89.08,49.14,52.35,27.77,69.14,6.48,103.19,Bhindi(Ladies Finger)
20.7,73.28,27.0,21.4,25.36,5.83,106.75,Arhar (Tur/Red Gram)(Whole)
75.88,51.97,35.31,29.81,75.31,6.65,83.0,Bhindi(Ladies Finger)
13.47,65.45,20.59,20.2,60.48,5.64,121.09,Arhar (Tur/Red Gram)(Whole)
29.44,53.77,17.59,28.0,72.37,6.81,42.13,Green Gram (Moong)(Whole)
13.52,68.18,32.41,17.04,44.19,6.05,88.68,Arhar (Tur/Red Gram)(Whole)
2.72,19.98,39.75,17.89,93.55,6.16,112.84,Pomegranate
90.47,64.71,51.51,22.95,74.82,6.32,108.96,Bhindi(Ladies Finger)
25.41,58.77,24.68,25.52,72.01,6.73,74.41,Green Gram (Moong)(Whole)
26.43,67.19,40.41,18.93,68.27,7.38,139.43,Black Gram (Urd Beans)(Whole)
70.0,51.08,46.14,23.15,70.9,6.93,83.26,Bhindi(Ladies Finger)
92.09,70.77,43.37,20.49,77.79,5.63,184.66,Banana
90.17,61.47,42.39,23.24,77.93,7.19,88.53,Bhindi(Ladies Finger)
72.99,38.59,41.63,20.64,88.18,6.69,210.25,Rice
46.53,74.48,59.05,15.46,21.28,7.12,89.62,Black Gram (Urd Beans)(Whole)
78.45,48.28,44.22,22.04,89.18,7.47,289.83,Rice
40.98,73.36,36.9,17.82,47.48,5.91,111.58,Arhar (Tur/Red Gram)(Whole)
27.86,53.92,20.11,28.55,67.01,6.58,62.1,Green Gram (Moong)(Whole)
81.23,59.44,47.66,23.99,67.45,7.17,108.72,Bhindi(Ladies Finger)
66.89,39.66,42.07,22.64,88.49,6.29,241.52,Rice
86.14,60.05,52.54,27.21,69.31,6.17,108.79,Bhindi(Ladies Finger)
97.79,50.16,36.71,23.14,62.33,6.13,94.35,Apple
51.82,76.41,36.11,19.36,43.18,6.97,113.41,Black Gram (Urd Beans)(Whole)
26.74,38.21,20.63,33.9,58.95,5.42,85.01,Mango
55.25,78.42,36.82,27.79,50.79,6.93,115.63,Black Gram (Urd Beans)(Whole)
13.49,27.08,39.32,17.65,88.2,6.3,119.11,Pomegranate
33.09,30.5,23.43,29.13,54.2,6.17,85.57,Mango
53.65,68.43,36.35,25.22,42.43,7.24,85.83,Black Gram (Urd Beans)(Whole)
17.05,31.21,28.75,30.11,53.79,6.45,87.52,Mango
38.94,58.74,21.61,32.36,65.03,6.78,48.85,Green Gram (Moong)(Whole)
34.96,58.33,31.28,29.06,50.67,5.49,91.48,Mango
42.09,63.4,29.2,25.41,51.26,6.39,115.19,Arhar (Tur/Red Gram)(Whole)
60.24,51.96,40.82,20.9,80.5,6.6,236.32,Rice
64.38,37.2,41.84,26.05,86.73,6.84,280.19,Rice
15.93,148.14,186.81,31.32,79.8,6.36,61.9,Grapes
40.52,60.86,17.81,17.51,26.04,5.81,109.05,Arhar (Tur/Red Gram)(Whole)
27.3,70.98,29.12,20.02,33.62,5.59,89.66,Arhar (Tur/Red Gram)(Whole)
92.55,52.93,45.87,24.45,67.74,6.65,101.63,Bhindi(Ladies Finger)
8.33,32.0,27.58,33.79,54.79,4.99,98.23,Mango
72.91,35.21,31.54,22.24,57.03,6.67,89.52,Apple
71.14,35.97,41.34,20.63,80.84,6.34,211.13,Rice
36.34,65.36,46.71,21.34,26.16,7.36,105.5,Black Gram (Urd Beans)(Whole)
21.97,57.86,16.73,30.22,83.38,6.67,43.06,Green Gram (Moong)(Whole)
76.13,62.23,50.51,28.14,78.12,6.77,82.98,Bhindi(Ladies Finger)
65.99,41.24,43.8,20.14,86.03,7.05,269.41,Rice
12.63,48.25,34.2,26.98,50.76,6.26,88.38,Mango
71.88,38.55,40.94,21.37,81.42,7.4,274.34,Rice
72.53,63.47,51.63,27.42,73.02,6.61,85.7,Bhindi(Ladies Finger)
23.55,129.05,204.62,29.62,77.54,6.42,67.14,Grapes
96.95,93.07,41.27,24.86,78.59,5.79,99.48,Banana
75.91,43.86,28.95,24.61,52.44,6.92,91.45,Apple
98.3,88.25,44.57,29.82,81.27,7.37,226.42,Banana
11.27,135.49,189.83,28.7,80.18,6.41,67.74,Grapes
55.78,70.22,57.51,16.4,58.45,6.61,130.35,Black Gram (Urd Beans)(Whole)
16.33,133.97,195.68,28.19,76.28,6.33,77.0,Grapes
31.25,26.91,27.91,27.77,50.47,4.99,85.28,Mango
49.17,79.94,75.49,23.08,59.36,6.57,147.88,Black Gram (Urd Beans)(Whole)
35.83,47.11,23.01,29.33,59.95,4.76,96.84,Mango
11.52,40.02,33.79,31.41,54.1,5.85,86.05,Mango
76.48,36.46,40.95,24.04,89.04,6.72,208.99,Rice
36.99,59.64,21.21,34.85,75.52,7.02,60.28,Green Gram (Moong)(Whole)
70.86,61.93,54.14,25.26,69.2,6.03,84.89,Bhindi(Ladies Finger)
24.21,55.97,19.47,25.47,68.71,6.6,78.29,Green Gram (Moong)(Whole)
86.92,57.56,40.3,25.43,77.89,6.4,90.99,Bhindi(Ladies Finger)
43.73,73.03,34.36,28.71,32.1,6.16,107.5,Arhar (Tur/Red Gram)(Whole)
95.6,47.3,39.13,20.61,54.47,6.05,61.27,Apple
83.74,58.12,49.87,28.83,65.84,6.87,93.31,Bhindi(Ladies Finger)
8.87,22.34,31.2,17.63,90.11,5.83,100.28,Pomegranate
26.84,128.16,196.77,28.98,76.35,6.0,61.79,Grapes
55.66,65.9,54.19,16.99,37.12,7.2,77.45,Black Gram (Urd Beans)(Whole)
14.48,61.13,34.93,16.79,28.94,5.61,130.5,Arhar (Tur/Red Gram)(Whole)
40.39,63.59,34.68,18.11,36.45,6.96,70.29,Black Gram (Urd Beans)(Whole)
30.48,72.08,29.38,28.68,26.04,6.31,101.3,Arhar (Tur/Red Gram)(Whole)
89.72,71.61,41.32,21.96,79.16,6.52,159.25,Banana
39.24,56.24,23.69,32.66,83.85,7.13,70.59,Green Gram (Moong)(Whole)
36.32,66.16,37.39,26.04,45.36,6.15,102.74,Arhar (Tur/Red Gram)(Whole)
13.18,38.94,33.77,27.19,52.88,6.21,89.21,Mango
26.47,59.78,20.09,28.34,70.59,6.79,75.5,Green Gram (Moong)(Whole)
91.32,76.65,44.23,20.87,78.63,6.51,164.69,Banana
28.5,54.58,21.25,34.96,70.24,7.37,62.83,Green Gram (Moong)(Whole)
34.08,57.61,18.84,32.65,75.33,6.59,73.99,Green Gram (Moong)(Whole)
22.94,56.51,21.85,33.33,70.7,6.99,76.16,Green Gram (Moong)(Whole)
10.2,24.7,25.18,33.28,48.18,4.91,88.46,Mango
82.91,44.57,25.1,21.17,53.02,5.78,91.6,Apple
73.46,42.47,41.75,20.83,84.17,6.34,295.76,Rice
71.27,49.08,50.82,25.88,69.15,6.27,87.43,Bhindi(Ladies Finger)
13.89,24.79,39.05,18.33,85.67,5.78,109.11,Pomegranate
31.51,50.4,17.35,34.76,62.43,6.85,57.96,Green Gram (Moong)(Whole)
103.57,91.01,49.14,22.66,76.53,7.34,154.78,Banana
7.07,47.04,30.09,30.09,51.78,6.21,86.1,Mango
71.72,44.66,44.85,23.0,83.86,6.35,207.96,Rice
41.58,64.89,17.77,28.38,49.0,6.34,115.47,Arhar (Tur/Red Gram)(Whole)
23.41,39.27,26.69,27.61,48.31,6.07,80.14,Mango
92.28,43.33,32.06,23.88,60.53,6.97,71.78,Apple
34.23,74.19,15.42,15.08,59.64,5.95,119.74,Arhar (Tur/Red Gram)(Whole)
22.46,68.97,32.81,28.26,31.63,5.71,92.75,Arhar (Tur/Red Gram)(Whole)
30.51,39.9,28.57,26.55,53.67,6.11,93.18,Mango
8.72,43.91,34.91,29.03,47.62,4.66,96.72,Mango
27.34,65.88,39.0,18.41,51.41,5.82,110.78,Arhar (Tur/Red Gram)(Whole)
22.63,121.09,187.76,29.4,76.24,6.49,71.24,Grapes
22.72,51.02,17.22,31.26,60.88,7.14,64.8,Green Gram (Moong)(Whole)
29.16,53.51,17.36,28.75,66.94,7.2,77.65,Green Gram (Moong)(Whole)
95.56,66.75,41.79,28.69,79.45,6.78,224.65,Banana
84.75,35.36,34.93,24.46,56.09,6.07,77.11,Apple
79.55,45.0,43.75,24.96,80.15,7.27,250.08,Rice
93.53,52.22,24.25,24.21,68.52,6.69,68.45,Apple
93.75,57.72,28.3,20.26,68.43,5.99,63.36,Apple
30.17,54.67,24.23,29.8,81.23,7.44,70.08,Green Gram (Moong)(Whole)
97.5,87.36,42.14,26.38,78.83,5.62,176.31,Banana
36.9,70.8,36.02,24.08,29.04,5.97,82.24,Arhar (Tur/Red Gram)(Whole)
44.35,64.92,65.53,15.68,33.03,6.91,133.0,Black Gram (Urd Beans)(Whole)
66.02,41.76,40.67,23.6,81.68,7.02,209.03,Rice
28.3,121.93,195.29,28.71,77.86,6.03,68.6,Grapes
21.91,78.34,78.32,16.78,24.85,7.31,88.89,Black Gram (Urd Beans)(Whole)
25.26,132.24,198.69,29.45,76.1,6.15,79.1,Grapes
80.83,47.76,30.38,24.13,62.92,5.71,69.8,Apple
90.47,56.59,32.47,23.92,68.91,6.57,96.17,Apple
4.19,40.53,33.15,25.86,45.97,4.51,81.23,Mango
3.76,32.63,31.82,33.21,45.44,5.26,87.68,Mango
93.53,81.76,49.46,26.31,81.19,6.28,158.82,Banana
97.59,74.02,43.37,27.64,80.18,5.98,164.26,Banana
27.49,58.12,23.04,25.79,80.5,6.97,43.0,Green Gram (Moong)(Whole)
56.47,75.45,49.07,21.4,53.17,7.37,127.91,Black Gram (Urd Beans)(Whole)
97.2,79.63,41.06,27.96,81.23,5.85,159.01,Banana
35.02,39.69,29.64,28.09,57.13,5.17,97.84,Mango
96.56,81.11,49.7,22.31,76.3,6.75,165.49,Banana
68.82,52.24,42.79,20.34,80.29,6.48,286.3,Rice
16.09,27.34,33.29,25.97,47.47,5.51,90.75,Mango
28.98,59.47,23.47,25.06,66.46,7.28,60.51,Green Gram (Moong)(Whole)
14.07,55.8,18.15,34.12,61.05,6.88,48.14,Green Gram (Moong)(Whole)
31.61,62.64,26.15,15.25,62.95,6.41,117.15,Arhar (Tur/Red Gram)(Whole)
15.1,71.38,23.45,28.96,21.05,6.34,89.91,Arhar (Tur/Red Gram)(Whole)
28.19,142.93,194.95,28.69,80.64,6.48,73.05,Grapes
27.06,56.74,33.93,27.12,46.03,6.37,94.48,Mango
52.62,64.71,36.65,17.64,22.26,6.51,95.42,Black Gram (Urd Beans)(Whole)
65.3,49.53,41.64,24.84,88.1,6.98,286.17,Rice
31.48,78.73,56.53,17.14,39.17,7.33,85.58,Black Gram (Urd Beans)(Whole)
94.17,59.61,45.72,28.44,71.89,6.0,83.08,Bhindi(Ladies Finger)
84.55,47.4,40.05,26.15,68.52,6.93,100.76,Bhindi(Ladies Finger)
39.32,74.77,25.49,18.96,17.52,6.54,140.15,Black Gram (Urd Beans)(Whole)
85.36,56.09,47.86,27.24,77.05,6.62,108.33,Bhindi(Ladies Finger)
24.69,69.89,17.14,27.41,59.23,5.81,111.7,Arhar (Tur/Red Gram)(Whole)
43.17,66.1,15.15,16.5,38.5,6.12,125.31,Arhar (Tur/Red Gram)(Whole)
3.05,28.07,38.55,21.21,85.25,5.53,112.81,Pomegranate
48.55,60.49,75.9,21.22,61.13,7.06,111.02,Black Gram (Urd Beans)(Whole)
16.67,56.6,16.36,34.85,78.18,7.24,50.25,Green Gram (Moong)(Whole)
4.76,26.99,38.38,19.02,85.08,5.58,105.18,Pomegranate
77.81,37.4,40.72,25.36,85.89,6.2,298.62,Rice
33.28,73.52,25.72,25.34,29.21,6.78,132.9,Black Gram (Urd Beans)(Whole)
23.09,125.58,202.6,29.85,81.6,6.3,77.26,Grapes
70.4,45.25,40.39,25.49,81.75,6.16,259.52,Rice
69.54,40.36,44.41,20.55,84.42,6.11,201.12,Rice
90.84,60.93,53.47,25.65,76.01,6.49,88.66,Bhindi(Ladies Finger)
42.19,65.08,71.24,19.92,62.64,7.32,135.09,Black Gram (Urd Beans)(Whole)
80.68,45.08,28.27,21.44,50.21,6.32,88.73,Apple
32.65,49.58,31.16,28.71,50.91,5.64,82.62,Mango
5.07,25.82,22.54,32.94,53.39,4.84,87.94,Mango
39.33,60.73,35.49,27.79,39.18,5.74,81.51,Arhar (Tur/Red Gram)(Whole)
80.09,49.15,39.96,20.28,58.15,6.22,63.38,Apple
28.45,39.01,30.13,30.78,45.68,4.63,94.32,Mango
97.55,93.77,48.69,23.99,80.5,7.41,132.08,Banana
23.79,129.46,194.4,30.65,82.6,6.09,77.81,Grapes
13.03,16.84,39.1,21.84,85.88,6.18,108.01,Pomegranate
83.55,45.75,23.1,21.76,68.18,6.04,64.74,Apple
82.01,57.67,21.06,22.74,63.41,6.9,64.33,Apple
86.91,53.71,37.32,20.69,56.55,6.98,75.67,Apple
10.26,122.59,182.46,30.47,75.67,6.43,60.08,Grapes
28.62,48.43,34.18,30.54,45.11,4.62,90.4,Mango
97.3,41.12,21.99,23.39,51.88,5.62,69.46,Apple
23.8,57.6,23.59,28.99,56.71,5.78,94.1,Mango
29.11,54.27,20.37,30.72,69.45,7.29,53.47,Green Gram (Moong)(Whole)
9.91,27.23,30.77,20.8,91.65,5.68,106.74,Pomegranate
35.37,79.22,54.94,24.91,69.59,6.7,101.16,Black Gram (Urd Beans)(Whole)
102.83,79.42,44.1,20.3,76.01,5.76,97.46,Banana
36.35,72.2,27.07,24.89,39.56,6.53,101.01,Black Gram (Urd Beans)(Whole)
98.02,84.06,44.38,24.39,75.33,6.16,157.47,Banana
23.35,77.26,37.78,19.28,55.47,7.13,87.4,Black Gram (Urd Beans)(Whole)
14.93,58.8,16.2,32.57,71.29,6.92,60.26,Green Gram (Moong)(Whole)
2.28,18.9,36.48,22.9,94.16,5.72,111.14,Pomegranate
38.09,59.8,17.04,26.72,74.51,7.01,56.84,Green Gram (Moong)(Whole)
19.62,135.18,198.1,28.03,83.53,6.29,67.87,Grapes
17.89,127.26,185.06,29.15,76.26,6.04,69.72,Grapes
24.38,63.29,38.74,18.08,63.7,6.23,99.93,Arhar (Tur/Red Gram)(Whole)
93.85,94.89,41.91,23.02,83.13,6.55,111.78,Banana
13.58,29.17,36.33,17.3,89.55,5.74,119.59,Pomegranate
18.17,74.63,35.28,29.31,24.02,6.32,93.79,Arhar (Tur/Red Gram)(Whole)
90.12,62.94,47.9,29.86,82.21,6.63,112.31,Banana
32.7,55.5,21.05,26.43,60.76,7.16,54.53,Green Gram (Moong)(Whole)
22.29,69.11,62.07,17.21,31.88,6.69,109.15,Black Gram (Urd Beans)(Whole)
6.21,25.03,32.11,17.96,94.4,5.67,100.76,Pomegranate
61.28,38.12,40.2,24.95,88.95,7.48,294.26,Rice
23.06,55.24,23.01,33.8,61.52,7.45,59.17,Green Gram (Moong)(Whole)
2.56,29.05,38.34,19.54,92.38,5.9,117.77,Pomegranate
70.71,54.83,41.31,22.63,82.21,6.49,279.41,Rice
40.75,64.88,34.1,16.83,34.02,6.42,119.89,Arhar (Tur/Red Gram)(Whole)
12.54,56.28,24.73,31.09,67.65,6.61,72.31,Green Gram (Moong)(Whole)
29.1,35.55,27.18,34.66,51.14,5.23,80.91,Mango
74.23,39.5,43.08,23.54,81.54,6.8,212.12,Rice
104.56,63.37,43.68,26.55,80.07,6.88,159.23,Banana
77.75,58.02,39.44,24.86,66.2,6.19,68.31,Apple
10.6,45.67,23.46,29.32,53.44,5.53,94.53,Mango
10.31,54.24,22.8,28.14,66.61,6.64,76.6,Green Gram (Moong)(Whole)
14.35,50.94,22.05,30.6,65.16,6.5,77.3,Green Gram (Moong)(Whole)
12.7,16.87,37.74,18.78,87.35,6.26,117.31,Pomegranate
23.16,28.77,33.42,29.86,49.68,5.29,83.71,Mango
73.18,39.16,29.98,21.86,59.33,6.66,75.8,Apple
75.16,56.15,38.84,26.41,75.36,6.64,97.23,Bhindi(Ladies Finger)
25.16,74.91,38.98,17.79,22.3,6.96,93.55,Black Gram (Urd Beans)(Whole)
82.91,56.9,44.86,25.5,72.01,6.6,107.15,Bhindi(Ladies Finger)
36.41,60.14,28.27,25.73,45.29,5.7,134.97,Arhar (Tur/Red Gram)(Whole)
22.16,46.79,30.47,25.31,47.93,5.83,85.04,Mango
81.96,41.83,34.22,23.82,66.11,6.01,76.78,Apple
15.36,24.71,33.73,25.15,54.92,5.57,95.04,Mango
2.54,25.02,37.04,18.4,91.1,5.57,112.43,Pomegranate
32.14,70.31,55.11,15.75,66.82,6.86,81.14,Black Gram (Urd Beans)(Whole)
74.08,42.41,40.88,22.34,84.12,7.07,257.4,Rice
4.99,42.01,32.38,26.73,45.31,6.0,96.14,Mango
94.2,61.92,42.07,27.29,80.94,7.43,130.66,Banana
30.02,51.86,19.6,26.93,64.33,7.4,43.73,Green Gram (Moong)(Whole)
80.08,55.24,37.24,24.58,66.68,6.32,91.77,Bhindi(Ladies Finger)
16.22,27.08,32.98,31.5,53.87,5.04,95.7,Mango
88.67,46.88,27.72,23.69,64.16,6.13,71.27,Apple
16.72,143.32,188.66,28.77,75.08,6.07,77.17,Grapes
29.13,38.93,31.9,26.95,50.67,5.73,92.62,Mango
70.48,56.98,40.12,22.81,66.68,6.62,82.91,Bhindi(Ladies Finger)
28.73,33.89,32.83,27.35,51.78,5.21,83.97,Mango
37.9,70.56,37.65,27.58,31.13,5.88,97.04,Arhar (Tur/Red Gram)(Whole)
26.02,42.41,25.63,26.16,58.4,4.96,93.54,Mango
65.75,42.97,44.7,22.72,88.71,6.89,230.69,Rice
64.69,49.11,42.45,21.53,81.27,6.02,284.38,Rice
15.7,67.03,35.39,26.36,62.2,5.81,137.33,Arhar (Tur/Red Gram)(Whole)
12.54,28.78,21.22,25.6,45.7,4.92,86.05,Mango
16.99,56.43,20.07,28.62,81.66,6.78,58.21,Green Gram (Moong)(Whole)
89.49,59.9,36.73,23.0,70.21,7.28,92.17,Bhindi(Ladies Finger)
24.81,130.04,205.81,28.55,75.98,6.08,73.84,Grapes
74.0,54.64,40.22,20.34,85.7,7.37,255.06,Rice
87.91,88.2,48.24,27.26,84.49,6.24,205.96,Banana
10.19,15.23,36.35,19.94,94.64,6.39,116.12,Pomegranate
5.94,25.49,32.04,23.29,94.26,5.87,106.63,Pomegranate
9.1,21.74,35.76,20.08,88.61,5.79,105.19,Pomegranate
74.27,43.76,43.97,26.59,83.15,7.38,299.15,Rice
14.65,29.65,39.91,18.75,88.85,5.84,107.39,Pomegranate
29.76,63.17,70.51,21.77,19.61,7.42,76.24,Black Gram (Urd Beans)(Whole)
36.61,28.14,24.17,26.95,59.5,4.58,97.41,Mango
20.19,120.44,196.81,30.42,82.82,6.4,65.7,Grapes
13.77,22.43,34.43,18.04,91.99,5.71,117.19,Pomegranate
39.32,51.6,21.1,32.21,63.25,6.77,51.19,Green Gram (Moong)(Whole)
11.49,135.05,204.46,30.29,83.82,6.02,66.22,Grapes
89.97,89.36,42.61,29.11,82.8,6.3,103.8,Banana
15.54,125.65,193.08,28.78,84.89,6.23,76.01,Grapes
75.87,48.61,37.87,23.51,70.42,6.04,80.53,Bhindi(Ladies Finger)
77.42,50.85,44.74,20.44,82.27,6.05,223.47,Rice
20.36,73.32,53.76,16.35,31.31,6.89,123.29,Black Gram (Urd Beans)(Whole)
96.02,73.83,42.16,20.07,83.61,5.59,218.49,Banana
74.17,64.51,37.95,22.51,68.18,7.17,93.68,Bhindi(Ladies Finger)
98.11,52.82,33.67,24.14,68.95,6.29,85.68,Apple
82.53,47.89,53.94,26.04,78.26,7.14,96.52,Bhindi(Ladies Finger)
35.27,78.7,22.99,26.56,22.68,6.85,101.37,Black Gram (Urd Beans)(Whole)
75.61,37.81,30.75,20.94,54.72,6.67,80.06,Apple
15.27,45.87,34.4,33.25,53.62,5.28,87.76,Mango
21.67,125.54,207.61,29.04,84.92,6.04,60.36,Grapes
80.11,62.43,49.22,23.15,74.56,6.44,82.12,Bhindi(Ladies Finger)
75.06,36.82,41.96,20.38,80.76,6.63,242.09,Rice
74.2,41.67,30.1,20.03,59.37,5.64,91.51,Apple
8.31,15.42,37.04,15.33,94.87,5.8,103.09,Pomegranate
80.11,47.59,31.65,23.06,52.55,6.33,68.2,Apple
11.51,42.84,25.31,30.17,54.78,6.44,83.21,Mango
93.87,49.2,47.55,28.27,70.54,6.76,101.55,Bhindi(Ladies Finger)
36.22,65.55,36.59,27.39,38.96,6.25,92.08,Arhar (Tur/Red Gram)(Whole)
21.37,30.6,31.1,33.3,51.84,5.07,81.24,Mango
4.04,27.06,38.51,18.54,93.17,6.5,106.58,Pomegranate
33.77,73.25,28.62,17.41,20.5,5.8,86.04,Arhar (Tur/Red Gram)(Whole)
49.16,75.63,31.77,17.8,42.03,7.25,93.11,Black Gram (Urd Beans)(Whole)
5.59,26.09,33.81,19.73,94.97,6.47,103.25,Pomegranate
66.73,51.03,42.65,25.23,87.69,7.46,263.36,Rice
20.84,127.16,191.32,31.15,77.88,6.39,60.83,Grapes
79.77,56.6,41.56,23.34,67.68,7.12,85.63,Bhindi(Ladies Finger)
29.18,55.12,16.58,25.81,81.36,7.36,53.3,Green Gram (Moong)(Whole)
16.83,31.43,20.47,33.83,54.78,4.8,98.85,Mango
14.29,56.06,17.14,25.24,78.03,6.81,62.57,Green Gram (Moong)(Whole)
69.45,51.54,41.49,24.54,81.28,6.33,261.93,Rice
88.26,63.87,47.82,21.99,79.14,7.01,101.81,Banana
23.38,137.59,204.94,31.45,78.41,6.43,73.67,Grapes
103.26,76.61,46.29,24.29,76.51,5.75,194.17,Banana
90.82,54.66,20.46,22.71,62.47,6.34,74.64,Apple
2.97,28.18,32.51,15.98,91.27,5.87,101.66,Pomegranate
25.87,133.77,202.26,29.11,76.91,6.1,77.7,Grapes
45.07,76.94,64.25,16.6,69.87,6.72,100.19,Black Gram (Urd Beans)(Whole)
13.31,26.35,23.48,27.16,57.64,4.99,93.88,Mango
3.39,19.0,32.06,19.27,88.98,6.47,111.82,Pomegranate
23.64,70.49,26.21,25.66,28.81,6.49,118.56,Arhar (Tur/Red Gram)(Whole)
7.34,19.28,38.06,15.4,89.84,6.23,114.41,Pomegranate
76.31,61.3,41.48,24.72,66.43,6.55,81.04,Bhindi(Ladies Finger)
70.39,55.97,30.51,23.9,63.69,6.02,71.83,Apple
28.48,147.26,187.08,30.08,82.3,6.4,79.31,Grapes
25.09,148.28,183.69,31.99,80.65,6.43,61.77,Grapes
23.51,130.02,186.26,28.67,83.74,6.17,71.9,Grapes
104.17,63.51,47.2,21.53,77.25,6.44,182.62,Banana
92.19,51.97,40.87,26.58,71.86,6.43,107.59,Bhindi(Ladies Finger)
87.55,74.3,45.65,20.17,84.67,7.25,161.46,Banana
22.05,31.95,34.0,31.43,57.79,6.22,84.44,Mango
88.58,84.98,43.35,25.8,82.28,7.09,226.73,Banana
13.7,50.68,23.55,30.61,61.15,6.76,64.58,Green Gram (Moong)(Whole)
22.63,69.42,21.09,16.79,17.62,5.71,134.01,Arhar (Tur/Red Gram)(Whole)
22.09,64.3,16.92,27.88,17.3,6.16,118.23,Arhar (Tur/Red Gram)(Whole)
22.02,52.14,17.4,25.73,65.46,6.94,73.33,Green Gram (Moong)(Whole)
90.14,54.41,54.05,25.43,68.94,6.79,100.67,Bhindi(Ladies Finger)
100.46,67.07,46.36,28.31,80.56,6.56,92.24,Banana
87.36,53.93,46.27,25.51,74.61,6.92,109.13,Bhindi(Ladies Finger)
98.97,82.94,49.48,22.05,84.59,6.43,142.8,Banana
19.0,138.92,183.75,31.63,75.72,6.06,69.05,Grapes
21.25,61.63,16.15,26.88,56.26,5.78,116.01,Arhar (Tur/Red Gram)(Whole)
47.39,60.55,28.02,21.91,49.43,6.98,115.44,Black Gram (Urd Beans)(Whole)
19.78,67.52,21.27,25.31,57.92,6.1,102.17,Arhar (Tur/Red Gram)(Whole)
26.0,68.22,33.73,23.69,49.68,5.65,128.09,Arhar (Tur/Red Gram)(Whole)
44.06,61.98,65.92,20.59,34.15,6.67,71.77,Black Gram (Urd Beans)(Whole)
22.75,145.75,184.08,30.27,81.77,6.15,61.26,Grapes
13.37,23.72,31.05,16.02,87.84,6.27,105.87,Pomegranate
17.4,56.34,19.07,30.35,77.0,6.7,52.4,Green Gram (Moong)(Whole)
34.64,52.17,23.09,34.05,75.48,7.39,51.92,Green Gram (Moong)(Whole)
74.4,39.94,32.82,24.72,55.22,6.23,85.7,Apple
49.86,61.4,43.07,17.55,47.63,6.96,116.93,Black Gram (Urd Beans)(Whole)
76.69,46.23,40.48,21.98,89.8,6.44,228.97,Rice
13.34,49.8,32.67,27.2,59.99,4.66,99.41,Mango
17.59,71.65,31.58,18.88,18.49,6.46,96.79,Arhar (Tur/Red Gram)(Whole)
10.5,141.94,188.21,30.34,77.13,6.13,74.1,Grapes
21.4,130.92,192.63,29.0,81.47,6.33,61.12,Grapes
34.0,53.33,31.76,34.93,56.84,6.28,97.38,Mango
27.88,125.08,203.0,28.95,75.63,6.29,69.19,Grapes
18.13,120.78,191.32,30.62,76.92,6.2,61.7,Grapes
94.42,31.3,22.32,20.57,61.96,5.5,92.4,Apple
55.85,77.46,68.25,26.61,44.07,6.59,139.04,Black Gram (Urd Beans)(Whole)
24.81,51.49,23.64,29.8,74.04,7.01,49.66,Green Gram (Moong)(Whole)
79.59,48.15,34.94,24.06,54.14,5.91,67.86,Apple
19.59,139.26,187.17,28.52,83.37,6.01,68.77,Grapes
4.22,19.14,32.73,19.57,86.68,6.05,101.5,Pomegranate
43.21,63.84,22.84,26.27,58.63,5.9,104.29,Arhar (Tur/Red Gram)(Whole)
96.3,75.55,45.21,21.1,84.77,6.19,150.93,Banana
7.46,26.64,37.03,20.7,89.54,5.89,101.53,Pomegranate
69.11,37.2,45.0,26.63,87.49,6.09,249.85,Rice
81.03,64.35,39.05,24.53,71.63,7.01,99.93,Bhindi(Ladies Finger)
35.91,68.02,59.99,19.46,64.59,6.91,95.06,Black Gram (Urd Beans)(Whole)
87.06,63.18,41.37,29.19,81.67,6.08,203.35,Banana
92.5,58.89,22.12,23.47,63.72,5.9,63.28,Apple
14.4,27.18,39.34,22.51,88.86,6.33,107.99,Pomegranate
10.84,55.57,25.88,28.13,59.6,5.6,94.52,Mango
23.55,54.27,17.63,29.3,66.35,6.62,50.41,Green Gram (Moong)(Whole)
22.89,59.68,25.78,28.58,50.66,5.56,94.95,Mango
28.57,62.75,51.52,20.54,16.44,6.96,129.66,Black Gram (Urd Beans)(Whole)
70.85,60.78,52.71,24.38,79.68,6.37,93.78,Bhindi(Ladies Finger)
19.57,35.22,25.98,29.74,52.07,5.14,80.97,Mango
34.6,73.74,56.94,15.72,31.24,7.5,141.3,Black Gram (Urd Beans)(Whole)
62.47,52.61,42.72,22.19,84.97,7.04,292.8,Rice
3.98,28.72,39.9,22.84,91.41,5.87,107.22,Pomegranate
31.96,72.37,25.43,19.51,44.57,7.2,149.34,Black Gram (Urd Beans)(Whole)
37.46,68.69,38.46,24.19,43.62,5.71,108.28,Arhar (Tur/Red Gram)(Whole)
10.92,29.09,31.94,15.11,86.93,5.51,106.93,Pomegranate
20.77,41.92,22.31,31.53,53.46,5.83,83.74,Mango
19.89,55.44,22.52,32.12,65.96,7.15,40.66,Green Gram (Moong)(Whole)
100.75,90.55,41.25,22.24,83.04,7.06,112.03,Banana
4.94,57.1,25.68,32.11,59.36,5.78,98.22,Mango
84.54,48.81,54.9,25.55,70.73,6.96,84.63,Bhindi(Ladies Finger)
27.98,121.08,186.98,30.24,75.39,6.23,67.66,Grapes
27.62,130.71,198.9,29.93,75.61,6.36,72.63,Grapes
14.87,56.23,31.08,25.2,47.24,4.99,80.63,Mango
20.14,57.72,19.6,31.89,83.58,7.22,60.06,Green Gram (Moong)(Whole)
86.7,46.87,42.14,25.71,66.09,7.4,86.03,Bhindi(Ladies Finger)
95.69,61.14,48.06,21.97,81.52,7.23,176.39,Banana
85.91,64.02,46.78,25.3,82.24,6.09,167.55,Banana
71.25,46.85,41.53,28.6,77.68,6.58,95.27,Bhindi(Ladies Finger)
90.65,50.65,28.46,20.58,64.85,6.61,66.09,Apple
90.98,86.56,47.27,27.49,84.3,6.36,104.2,Banana
97.13,33.91,33.62,20.19,50.22,6.94,78.35,Apple
89.82,56.59,21.49,21.08,62.09,6.02,79.37,Apple
34.8,69.81,29.61,26.4,30.72,6.56,109.01,Black Gram (Urd Beans)(Whole)
15.36,57.78,19.75,34.01,64.13,7.02,40.27,Green Gram (Moong)(Whole)
82.73,52.32,50.39,26.6,72.32,7.33,99.93,Bhindi(Ladies Finger)
38.43,74.73,20.78,27.79,17.27,5.99,113.5,Arhar (Tur/Red Gram)(Whole)
14.54,18.58,35.19,22.73,88.34,5.88,104.81,Pomegranate
9.94,21.8,33.24,15.36,90.39,6.38,100.36,Pomegranate
73.19,50.83,40.4,20.34,81.26,6.64,231.8,Rice
73.94,39.17,40.17,22.34,88.28,6.61,218.19,Rice
10.64,50.38,22.58,26.09,67.16,7.09,51.72,Green Gram (Moong)(Whole)
39.57,54.66,20.38,33.42,45.2,6.17,95.77,Mango
2.41,23.65,33.98,17.83,88.37,5.82,115.58,Pomegranate
35.56,72.91,38.92,16.69,34.2,6.7,121.96,Black Gram (Urd Beans)(Whole)
2.79,28.56,39.47,24.93,86.54,6.04,110.32,Pomegranate
72.8,47.29,36.59,27.76,74.54,7.05,102.56,Bhindi(Ladies Finger)
14.75,68.99,18.68,16.0,40.86,6.24,92.94,Arhar (Tur/Red Gram)(Whole)
8.39,21.48,37.13,22.86,90.91,6.16,103.83,Pomegranate
16.26,37.75,22.19,28.07,51.41,5.62,86.18,Mango
71.7,36.84,44.28,25.82,89.92,6.02,256.69,Rice
29.38,129.49,201.07,30.83,77.23,6.11,69.92,Grapes
21.71,128.13,184.58,31.85,81.63,6.07,64.76,Grapes
10.9,27.43,39.52,18.87,91.3,5.63,111.45,Pomegranate
79.87,42.08,29.55,24.08,50.45,6.16,71.42,Apple
26.17,51.73,18.03,29.94,82.85,6.62,58.14,Green Gram (Moong)(Whole)
95.24,75.7,46.91,23.58,82.04,6.39,122.42,Banana
25.33,55.49,15.63,32.02,78.69,6.93,59.37,Green Gram (Moong)(Whole)
81.29,45.9,42.06,28.46,74.5,6.44,103.92,Bhindi(Ladies Finger)
25.56,46.87,33.9,32.15,50.06,6.11,81.23,Mango
68.43,44.2,42.12,20.23,87.89,7.01,298.67,Rice
34.08,54.25,23.85,33.23,67.08,7.03,67.08,Green Gram (Moong)(Whole)
17.9,135.67,187.61,28.63,77.7,6.4,71.99,Grapes
79.16,47.5,37.14,23.22,57.44,6.04,83.67,Apple
77.48,49.51,37.93,21.68,57.25,6.39,64.06,Apple
72.9,53.75,42.05,28.98,73.27,7.02,106.21,Bhindi(Ladies Finger)
66.58,43.51,40.36,24.8,82.17,7.28,277.55,Rice
9.28,53.01,29.2,32.04,57.59,6.13,86.86,Mango
69.55,46.59,43.9,22.33,81.66,6.56,216.71,Rice
18.98,58.82,24.5,28.05,62.48,7.48,64.23,Green Gram (Moong)(Whole)
38.31,63.34,30.74,15.77,20.82,7.1,62.52,Black Gram (Urd Beans)(Whole)
13.06,30.01,28.79,32.7,55.8,4.51,95.04,Mango
8.14,27.52,31.89,18.34,92.52,5.86,118.93,Pomegranate
75.7,51.69,45.2,28.19,68.82,6.6,81.67,Bhindi(Ladies Finger)
96.45,89.09,44.79,24.73,76.72,6.57,206.53,Banana
5.22,26.13,30.86,18.41,90.28,6.16,104.37,Pomegranate
29.17,142.84,197.31,29.42,75.37,6.22,77.09,Grapes
16.63,61.97,31.56,27.19,36.51,6.15,81.26,Arhar (Tur/Red Gram)(Whole)
23.79,125.7,192.27,31.66,75.3,6.43,72.08,Grapes
31.17,53.24,16.58,30.38,76.84,6.87,57.79,Green Gram (Moong)(Whole)
64.56,40.74,43.28,26.57,87.93,7.13,239.05,Rice
94.91,54.6,36.61,23.11,63.6,5.69,82.9,Apple
95.22,61.37,43.0,29.05,75.13,6.68,185.23,Banana
10.84,140.81,208.04,31.45,77.83,6.02,74.22,Grapes
63.13,38.39,44.16,25.31,89.33,6.77,289.81,Rice
82.51,46.07,50.9,29.67,69.8,6.73,83.75,Bhindi(Ladies Finger)
24.47,124.2,182.91,30.55,76.16,6.07,78.17,Grapes
21.4,54.99,15.98,34.08,72.22,7.07,71.49,Green Gram (Moong)(Whole)
103.32,73.18,48.49,22.78,77.15,7.34,185.99,Banana
31.54,72.13,34.89,24.38,48.95,5.78,118.9,Arhar (Tur/Red Gram)(Whole)
64.67,53.14,41.73,23.35,84.13,7.19,249.08,Rice
79.67,45.4,38.55,27.54,69.03,6.24,83.55,Bhindi(Ladies Finger)
97.04,38.05,28.65,24.63,54.5,5.82,77.12,Apple
23.7,131.68,186.77,30.96,79.27,6.47,78.19,Grapes
81.36,48.96,39.97,26.11,74.66,7.0,92.31,Bhindi(Ladies Finger)
70.36,43.98,44.77,26.51,80.1,6.81,215.38,Rice
19.84,133.72,184.57,29.45,82.72,6.49,66.93,Grapes
12.12,22.31,37.38,15.75,92.26,6.29,118.04,Pomegranate
71.21,52.75,47.28,27.05,75.44,7.34,90.91,Bhindi(Ladies Finger)
23.15,147.17,207.76,28.08,77.05,6.43,64.67,Grapes
6.55,17.78,33.7,21.43,91.58,6.23,116.04,Pomegranate
8.16,45.03,32.4,34.53,57.53,4.69,88.02,Mango
77.79,45.77,41.98,23.04,76.49,7.28,86.62,Bhindi(Ladies Finger)
75.1,49.27,37.46,28.48,73.26,6.05,81.22,Bhindi(Ladies Finger)
4.11,39.74,30.84,33.0,56.13,5.53,91.12,Mango
23.83,71.97,19.14,28.81,17.25,5.75,86.71,Arhar (Tur/Red Gram)(Whole)
17.48,60.5,33.57,15.19,17.67,5.97,87.58,Arhar (Tur/Red Gram)(Whole)
58.38,79.21,23.59,19.94,50.98,6.75,91.38,Black Gram (Urd Beans)(Whole)
11.92,146.62,189.7,30.53,75.74,6.08,67.36,Grapes
19.03,144.62,203.67,29.66,77.64,6.11,69.29,Grapes
25.3,66.34,26.99,19.75,60.62,6.33,134.76,Arhar (Tur/Red Gram)(Whole)
42.78,60.04,25.87,20.41,18.45,6.38,97.89,Arhar (Tur/Red Gram)(Whole)
39.05,58.78,20.59,26.96,72.5,6.87,65.53,Green Gram (Moong)(Whole)
83.43,46.61,38.84,22.46,51.02,6.59,75.0,Apple
6.6,15.01,32.58,17.04,88.76,5.98,116.32,Pomegranate
39.46,65.33,65.76,22.63,30.57,7.1,77.85,Black Gram (Urd Beans)(Whole)
93.61,48.97,52.77,23.41,78.97,7.02,108.1,Bhindi(Ladies Finger)
94.68,49.75,50.27,22.78,79.4,7.47,94.18,Bhindi(Ladies Finger)
72.54,30.77,23.87,20.38,60.74,6.59,67.78,Apple
93.37,56.78,44.87,29.52,70.43,6.02,109.67,Bhindi(Ladies Finger)
51.12,76.69,42.73,16.58,52.71,7.34,109.49,Black Gram (Urd Beans)(Whole)
69.72,37.57,41.82,26.97,81.45,6.97,252.79,Rice
72.25,56.08,33.02,21.32,61.15,6.16,93.96,Apple
55.92,73.03,60.44,20.06,65.45,6.53,93.18,Black Gram (Urd Beans)(Whole)
16.37,60.33,21.63,28.47,44.52,6.37,80.71,Arhar (Tur/Red Gram)(Whole)
11.89,24.17,34.68,20.5,88.68,6.29,116.82,Pomegranate
80.32,56.28,36.66,21.11,60.98,5.65,82.4,Apple
43.25,64.41,72.96,27.58,38.64,6.77,134.85,Black Gram (Urd Beans)(Whole)
89.19,89.94,42.52,23.61,81.12,6.98,186.25,Banana
21.3,58.16,15.95,34.29,66.35,6.72,51.05,Green Gram (Moong)(Whole)
72.79,46.89,43.3,23.57,80.79,6.93,292.68,Rice
35.56,57.24,15.97,34.89,79.12,6.5,61.91,Green Gram (Moong)(Whole)
91.73,87.19,45.15,23.97,79.03,5.86,161.83,Banana
79.22,52.69,51.31,24.76,69.75,6.86,95.41,Bhindi(Ladies Finger)
75.86,46.23,42.73,28.88,67.45,6.55,109.24,Bhindi(Ladies Finger)
78.04,49.24,32.81,24.49,57.48,6.7,78.42,Apple
25.57,76.58,23.29,27.94,65.56,7.32,141.14,Black Gram (Urd Beans)(Whole)
69.92,40.75,40.77,20.87,88.14,6.38,294.37,Rice
21.64,55.5,19.63,27.76,65.92,6.77,69.48,Green Gram (Moong)(Whole)
18.07,127.86,182.6,30.96,84.81,6.04,66.34,Grapes
76.84,45.33,41.07,22.59,81.03,6.79,220.24,Rice
28.68,63.47,33.07,17.31,50.1,5.91,97.12,Arhar (Tur/Red Gram)(Whole)
79.82,39.49,43.43,25.12,88.04,6.34,285.02,Rice
11.2,140.93,183.39,28.02,78.58,6.37,60.9,Grapes
17.07,52.89,20.31,34.12,72.86,6.53,51.27,Green Gram (Moong)(Whole)
101.26,82.91,48.82,26.18,82.21,6.0,217.48,Banana
31.66,54.81,23.76,27.17,70.96,6.93,64.62,Green Gram (Moong)(Whole)
25.91,71.03,38.51,27.63,50.91,5.86,132.07,Arhar (Tur/Red Gram)(Whole)
21.54,77.01,28.21,17.26,44.73,7.11,119.54,Black Gram (Urd Beans)(Whole)
77.31,40.99,44.39,25.3,80.33,7.43,283.27,Rice
25.74,49.97,20.3,28.16,54.71,6.26,86.48,Mango
74.8,48.48,35.4,24.96,65.27,5.64,69.28,Apple
6.85,19.13,32.11,19.87,85.7,5.5,113.08,Pomegranate
14.68,140.6,191.91,28.49,76.71,6.26,62.8,Grapes
25.19,122.03,185.91,28.12,80.44,6.48,75.06,Grapes
101.02,70.64,46.65,21.33,81.23,6.23,203.37,Banana
42.2,74.83,51.85,17.45,36.36,7.32,133.82,Black Gram (Urd Beans)(Whole)
11.03,28.58,30.59,24.26,86.77,6.08,111.82,Pomegranate
69.46,52.78,40.52,25.49,80.09,6.03,285.35,Rice
75.76,63.14,49.22,24.43,73.28,6.18,95.22,Bhindi(Ladies Finger)
43.34,68.86,23.21,27.79,36.88,6.22,93.83,Arhar (Tur/Red Gram)(Whole)
35.46,63.34,41.5,19.29,56.77,7.29,99.4,Black Gram (Urd Beans)(Whole)
86.77,91.37,43.15,27.42,80.67,6.48,130.79,Banana
2.39,39.46,27.38,33.49,54.1,5.46,89.91,Mango
89.69,54.01,38.15,28.48,73.0,7.09,106.69,Bhindi(Ladies Finger)
21.23,33.94,30.5,33.4,59.82,5.04,85.18,Mango
4.14,23.56,33.45,34.05,57.45,4.6,87.33,Mango
28.17,139.24,197.93,29.32,80.95,6.08,63.54,Grapes
9.04,25.25,32.94,19.02,90.68,5.97,113.45,Pomegranate
27.25,64.15,37.83,18.83,56.87,6.93,112.48,Black Gram (Urd Beans)(Whole)
87.54,70.82,43.48,24.43,79.42,7.03,212.05,Banana
91.66,38.04,30.6,21.45,62.19,6.18,66.84,Apple
4.9,23.31,25.16,29.03,56.4,5.43,99.16,Mango
13.52,56.35,22.79,32.16,81.77,6.84,67.52,Green Gram (Moong)(Whole)
64.88,35.35,44.81,23.33,82.21,7.29,256.27,Rice
83.24,51.23,37.44,24.38,75.51,6.81,81.26,Bhindi(Ladies Finger)
56.82,67.03,30.29,17.9,63.31,6.61,61.25,Black Gram (Urd Beans)(Whole)
61.19,43.83,44.83,24.79,84.09,7.08,282.33,Rice
88.23,66.54,44.31,22.53,76.87,6.25,188.49,Banana
26.16,74.76,37.91,20.29,31.21,5.77,89.88,Arhar (Tur/Red Gram)(Whole)
77.48,37.84,31.53,23.92,51.97,6.75,79.19,Apple
12.44,22.24,23.79,32.97,59.17,5.81,88.36,Mango
95.21,83.19,46.39,21.95,78.39,5.88,126.14,Banana
71.23,41.57,33.41,20.01,52.04,6.62,78.94,Apple
94.7,45.86,20.69,20.04,52.81,5.76,72.79,Apple
84.31,55.35,43.14,29.21,66.08,7.45,80.91,Bhindi(Ladies Finger)
10.85,122.46,198.81,28.1,82.65,6.31,62.03,Grapes
14.26,55.99,18.75,28.57,76.05,6.6,44.66,Green Gram (Moong)(Whole)
5.41,25.8,33.17,22.78,93.16,5.73,101.25,Pomegranate
21.04,71.35,57.19,25.01,55.9,6.92,76.87,Black Gram (Urd Beans)(Whole)
25.01,49.11,31.38,34.71,53.04,5.92,89.2,Mango
35.65,48.44,23.3,27.77,51.83,5.02,81.5,Mango
5.2,28.9,36.74,15.29,94.03,5.91,106.71,Pomegranate
31.16,55.96,25.25,25.28,57.98,5.25,85.22,Mango
8.24,59.34,20.52,30.57,56.18,4.57,90.24,Mango
88.99,46.39,28.98,20.86,64.82,6.5,64.87,Apple
67.0,36.71,40.44,23.19,85.35,6.3,242.18,Rice
37.5,66.31,22.27,28.59,21.4,6.37,84.03,Arhar (Tur/Red Gram)(Whole)
15.29,53.73,17.35,29.93,77.39,6.59,63.01,Green Gram (Moong)(Whole)
33.84,63.63,27.8,18.75,47.19,6.39,128.48,Arhar (Tur/Red Gram)(Whole)
38.92,74.63,15.34,28.9,33.68,6.08,139.6,Arhar (Tur/Red Gram)(Whole)
96.49,45.46,26.61,20.49,63.12,6.56,90.9,Apple
33.9,72.67,78.63,18.61,35.0,7.32,96.59,Black Gram (Urd Beans)(Whole)
25.45,146.35,192.36,31.66,83.72,6.07,62.91,Grapes
19.85,60.52,15.84,29.26,41.47,6.49,112.64,Arhar (Tur/Red Gram)(Whole)
26.09,57.71,21.53,29.89,70.81,6.68,71.21,Green Gram (Moong)(Whole)
78.6,63.51,50.0,24.59,73.41,6.46,96.74,Bhindi(Ladies Finger)
97.05,38.4,29.81,20.49,64.33,6.84,92.17,Apple
75.71,38.24,41.61,23.42,83.87,6.87,232.84,Rice
65.6,51.85,43.1,22.37,89.01,7.19,232.38,Rice
91.27,62.45,35.57,28.85,65.35,6.52,102.77,Bhindi(Ladies Finger)
92.72,47.5,50.38,27.41,75.67,6.58,87.13,Bhindi(Ladies Finger)
44.89,78.23,20.23,18.51,58.64,6.59,78.11,Black Gram (Urd Beans)(Whole)
15.73,122.05,190.07,28.22,84.07,6.32,69.52,Grapes
22.98,70.42,36.39,16.18,48.68,5.75,134.78,Arhar (Tur/Red Gram)(Whole)
34.22,39.15,27.7,28.27,57.14,5.85,86.27,Mango
75.0,37.03,43.39,20.75,84.17,6.18,291.15,Rice
79.4,41.09,40.38,20.66,89.37,7.25,250.09,Rice
27.54,142.47,197.26,29.07,79.95,6.37,73.34,Grapes
18.52,56.87,22.69,34.69,77.98,6.58,68.17,Green Gram (Moong)(Whole)
25.48,55.12,21.13,27.66,79.2,7.19,64.57,Green Gram (Moong)(Whole)
73.58,42.23,40.82,25.59,80.51,6.75,202.9,Rice
26.66,141.14,182.66,29.03,80.26,6.37,65.99,Grapes
31.63,58.94,24.39,26.9,53.15,5.69,84.26,Mango
69.71,38.59,40.49,22.9,85.67,6.36,277.05,Rice
90.87,79.59,41.18,27.14,80.41,6.79,124.18,Banana
51.27,66.66,44.11,24.25,45.91,6.83,106.42,Black Gram (Urd Beans)(Whole)
30.77,57.32,20.26,30.08,64.77,7.25,41.16,Green Gram (Moong)(Whole)
86.97,47.07,54.08,28.46,77.96,6.66,100.01,Bhindi(Ladies Finger)
16.03,128.73,197.24,30.71,84.06,6.4,62.64,Grapes
46.21,64.28,29.55,16.76,63.79,6.65,147.69,Black Gram (Urd Beans)(Whole)
75.89,46.16,33.52,23.42,51.56,6.86,74.58,Apple
86.58,66.47,45.48,23.57,83.89,6.41,125.93,Banana
64.36,40.92,42.8,21.01,84.57,6.09,242.42,Rice
97.74,72.61,48.91,24.45,76.89,6.54,122.87,Banana
34.72,57.13,21.8,26.01,62.45,7.39,72.64,Green Gram (Moong)(Whole)
42.67,65.94,26.14,22.73,55.17,5.57,123.73,Arhar (Tur/Red Gram)(Whole)
17.56,70.91,19.22,15.28,15.53,6.01,94.95,Arhar (Tur/Red Gram)(Whole)
89.65,51.44,26.82,23.39,53.01,6.98,98.05,Apple
98.31,59.57,45.56,23.69,83.37,7.25,138.87,Banana
72.88,46.76,54.18,29.58,71.82,7.27,105.82,Bhindi(Ladies Finger)
71.62,39.72,44.41,23.51,80.83,6.11,274.79,Rice
9.52,30.84,27.9,25.04,58.34,4.72,85.43,Mango
83.62,34.33,30.97,23.26,53.48,5.96,84.62,Apple
77.43,52.67,32.83,21.57,50.26,6.4,80.23,Apple
35.44,64.56,59.51,23.9,24.2,7.25,110.77,Black Gram (Urd Beans)(Whole)
87.17,45.52,23.74,23.88,63.02,6.09,91.11,Apple
92.95,45.29,51.09,22.16,78.81,6.56,109.55,Bhindi(Ladies Finger)
76.36,62.98,40.81,28.2,76.14,6.12,98.07,Bhindi(Ladies Finger)
40.93,73.78,33.16,19.21,23.72,5.89,136.01,Arhar (Tur/Red Gram)(Whole)
55.62,66.66,44.04,19.12,51.32,7.28,145.07,Black Gram (Urd Beans)(Whole)
40.85,73.35,62.72,20.39,38.92,6.82,77.99,Black Gram (Urd Beans)(Whole)
97.95,72.94,44.49,20.99,80.85,6.01,138.57,Banana
75.75,54.21,36.03,22.72,66.89,6.91,89.83,Bhindi(Ladies Finger)
88.36,68.27,41.33,24.65,83.45,7.22,208.92,Banana
60.28,47.54,44.53,20.91,83.89,6.45,286.35,Rice
49.93,63.96,41.21,24.96,28.9,6.85,134.58,Black Gram (Urd Beans)(Whole)
93.8,36.41,33.86,24.95,63.58,6.17,63.2,Apple
61.26,54.84,43.84,23.83,84.21,6.97,213.9,Rice
16.46,59.94,18.48,30.96,79.68,6.77,79.97,Green Gram (Moong)(Whole)
42.9,68.85,32.56,26.54,44.12,5.64,130.46,Arhar (Tur/Red Gram)(Whole)
29.23,120.99,181.51,28.01,83.59,6.11,71.28,Grapes
28.42,148.92,201.28,28.92,81.14,6.23,75.76,Grapes
2.67,17.93,35.37,17.44,87.93,6.0,108.26,Pomegranate
6.59,18.79,32.18,22.37,90.52,6.14,115.55,Pomegranate
11.29,53.73,24.95,31.45,81.65,6.82,58.18,Green Gram (Moong)(Whole)
14.89,121.35,187.39,30.45,75.93,6.35,78.88,Grapes
22.4,145.8,203.17,28.8,84.12,6.42,67.48,Grapes
76.46,50.81,35.06,24.43,69.56,5.84,90.5,Apple
6.69,19.95,37.1,22.4,91.25,6.08,108.37,Pomegranate
104.54,65.02,42.19,23.3,82.46,7.44,184.25,Banana
79.3,56.33,40.71,28.91,79.61,7.35,109.42,Bhindi(Ladies Finger)
51.97,68.39,65.27,18.33,62.36,7.37,78.74,Black Gram (Urd Beans)(Whole)
3.44,24.34,26.3,33.58,47.74,6.46,96.4,Mango
85.02,64.61,42.35,23.57,68.93,7.12,90.35,Bhindi(Ladies Finger)
58.83,73.08,61.69,18.92,25.64,7.07,89.42,Black Gram (Urd Beans)(Whole)
34.11,56.99,20.94,31.14,71.11,7.0,48.04,Green Gram (Moong)(Whole)
40.13,74.55,67.55,26.66,30.32,7.33,122.41,Black Gram (Urd Beans)(Whole)
84.46,45.49,34.75,22.6,69.7,6.07,95.64,Apple
75.17,50.84,24.55,20.83,61.37,6.32,68.5,Apple
54.39,72.87,65.79,15.35,39.36,7.23,139.94,Black Gram (Urd Beans)(Whole)
17.42,70.44,19.67,15.48,56.64,5.99,112.86,Arhar (Tur/Red Gram)(Whole)
10.49,22.07,35.11,20.29,91.74,5.63,106.89,Pomegranate
31.87,66.04,25.66,21.87,56.21,6.13,139.16,Arhar (Tur/Red Gram)(Whole)
11.34,28.44,34.64,22.41,92.95,5.53,119.18,Pomegranate
72.92,41.46,40.54,22.07,84.98,6.26,245.11,Rice
23.54,70.6,58.25,22.11,37.13,6.53,132.13,Black Gram (Urd Beans)(Whole)
18.85,121.21,203.6,30.29,82.67,6.15,75.22,Grapes
27.41,57.45,20.71,26.81,56.89,5.9,96.36,Mango
5.95,28.3,36.93,16.33,90.97,6.25,112.02,Pomegranate
28.59,139.11,205.71,30.19,75.06,6.22,73.08,Grapes
62.15,46.83,43.76,26.47,80.9,7.12,269.76,Rice
84.16,60.68,49.51,26.14,76.76,6.33,89.17,Bhindi(Ladies Finger)
26.65,65.25,34.36,19.4,32.55,5.77,87.28,Arhar (Tur/Red Gram)(Whole)
41.37,66.94,15.86,27.03,58.19,5.59,123.16,Arhar (Tur/Red Gram)(Whole)
73.37,51.61,33.88,24.22,69.54,6.61,87.11,Apple
48.73,62.84,70.69,26.62,55.12,7.14,107.53,Black Gram (Urd Beans)(Whole)
98.32,61.88,45.88,25.4,84.8,6.91,138.09,Banana
21.16,130.18,187.03,30.29,75.54,6.5,72.59,Grapes
30.73,64.08,15.36,16.81,17.71,5.85,110.85,Arhar (Tur/Red Gram)(Whole)
9.69,27.07,37.76,16.92,91.84,5.73,105.51,Pomegranate
102.29,75.18,47.71,23.46,75.32,7.15,124.33,Banana
91.06,59.29,37.25,22.2,72.46,6.98,99.37,Bhindi(Ladies Finger)
35.14,50.37,23.99,30.02,74.25,6.72,76.95,Green Gram (Moong)(Whole)
20.21,57.26,27.72,27.57,53.69,5.41,93.73,Mango
13.38,65.77,35.34,16.95,30.4,5.58,110.83,Arhar (Tur/Red Gram)(Whole)
13.21,57.13,22.58,31.2,68.49,7.43,45.3,Green Gram (Moong)(Whole)
6.01,19.58,34.97,19.45,94.89,5.53,108.12,Pomegranate
73.24,45.31,43.65,20.28,88.13,6.28,242.51,Rice
18.77,148.06,200.33,31.09,78.75,6.36,79.21,Grapes
88.46,37.81,34.73,23.96,59.09,6.81,93.65,Apple
86.33,82.27,43.64,23.26,78.8,6.97,184.62,Banana
21.54,59.26,20.46,26.66,61.53,6.7,64.91,Green Gram (Moong)(Whole)
23.52,73.95,34.24,28.87,47.4,6.32,89.54,Arhar (Tur/Red Gram)(Whole)
82.91,39.87,22.67,24.66,61.91,5.99,76.34,Apple
8.89,22.26,34.36,16.83,85.1,6.29,106.82,Pomegranate
87.03,74.38,44.05,21.07,83.63,6.48,175.48,Banana
93.63,89.84,48.23,26.41,84.76,7.14,135.26,Banana
12.69,66.32,34.94,20.2,24.82,5.5,82.74,Arhar (Tur/Red Gram)(Whole)
73.66,51.99,41.31,23.4,89.17,6.8,244.48,Rice
12.95,20.91,30.81,22.64,93.86,5.53,118.97,Pomegranate
97.8,54.25,36.92,24.61,57.48,6.37,87.43,Apple
25.85,64.27,25.61,19.52,21.57,6.02,106.78,Arhar (Tur/Red Gram)(Whole)
28.01,145.0,180.29,28.28,81.7,6.08,63.76,Grapes
32.74,69.93,23.12,26.94,43.99,5.72,130.36,Arhar (Tur/Red Gram)(Whole)
22.6,123.03,180.16,31.55,83.04,6.02,76.21,Grapes
92.97,46.59,36.51,26.85,68.43,6.44,107.09,Bhindi(Ladies Finger)
87.14,67.99,46.03,23.09,82.02,7.31,143.9,Banana
73.33,31.97,37.91,24.0,60.1,6.45,95.57,Apple
9.94,33.25,25.6,29.92,59.03,4.68,85.16,Mango
12.0,20.78,36.47,22.72,87.93,6.09,105.84,Pomegranate
23.74,72.52,39.38,25.71,39.15,5.92,81.36,Arhar (Tur/Red Gram)(Whole)
73.2,51.6,38.73,27.91,72.63,6.01,85.92,Bhindi(Ladies Finger)
42.53,79.63,25.31,20.32,68.95,7.08,75.47,Black Gram (Urd Beans)(Whole)
7.74,24.46,37.55,20.48,92.63,6.07,115.33,Pomegranate
101.68,68.39,49.31,23.82,75.44,6.14,176.74,Banana
60.57,38.97,44.33,25.95,87.69,7.41,289.22,Rice
87.21,48.22,37.36,25.51,71.07,6.39,88.38,Bhindi(Ladies Finger)
98.66,87.08,43.53,28.25,84.02,7.4,173.52,Banana
22.47,56.34,23.61,34.02,66.87,6.79,60.54,Green Gram (Moong)(Whole)
84.35,63.22,51.52,25.35,74.46,7.07,109.42,Bhindi(Ladies Finger)
32.81,66.2,37.65,21.25,47.47,6.25,114.28,Arhar (Tur/Red Gram)(Whole)
95.22,48.66,26.69,23.15,51.03,6.63,85.83,Apple
95.06,80.72,44.06,28.8,79.25,6.9,189.38,Banana
88.08,88.08,41.64,23.5,78.7,5.7,215.57,Banana
31.17,70.84,31.02,16.4,56.98,6.45,110.33,Arhar (Tur/Red Gram)(Whole)
24.09,145.48,180.09,29.65,80.89,6.34,78.37,Grapes
88.73,79.19,42.62,28.98,75.64,7.35,184.87,Banana
36.82,56.11,17.92,31.53,83.06,7.35,74.83,Green Gram (Moong)(Whole)
16.13,60.89,35.96,25.68,40.66,5.6,90.05,Arhar (Tur/Red Gram)(Whole)
15.58,136.15,188.7,30.42,75.64,6.36,60.45,Grapes
78.5,37.13,40.28,20.37,82.87,6.09,211.95,Rice
69.55,39.56,42.14,21.47,88.68,6.34,250.51,Rice
19.39,63.41,20.95,18.09,48.89,5.82,86.12,Arhar (Tur/Red Gram)(Whole)
37.23,30.03,33.81,27.07,59.12,6.07,87.01,Mango
27.77,122.83,182.81,30.83,76.74,6.06,65.94,Grapes
41.68,70.19,21.95,16.6,62.55,5.65,81.99,Arhar (Tur/Red Gram)(Whole)
26.09,66.78,47.56,17.77,47.48,6.98,88.32,Black Gram (Urd Beans)(Whole)
76.0,37.78,44.24,26.96,87.1,6.09,257.99,Rice
88.4,52.47,50.34,22.56,75.4,6.75,81.9,Bhindi(Ladies Finger)
23.86,24.66,31.15,33.32,56.95,5.97,86.03,Mango
88.17,64.6,42.79,22.14,68.41,6.78,91.1,Bhindi(Ladies Finger)
72.43,61.75,52.41,24.11,65.78,7.32,102.72,Bhindi(Ladies Finger)
16.59,68.64,37.57,25.26,56.26,5.86,100.93,Arhar (Tur/Red Gram)(Whole)
6.13,20.85,27.74,34.57,49.65,6.49,98.82,Mango
63.73,39.98,42.16,20.26,87.22,7.31,220.95,Rice
11.43,15.56,30.85,16.39,91.04,5.92,106.67,Pomegranate
37.83,39.62,22.11,31.63,53.37,6.0,86.71,Mango
30.89,62.42,32.58,19.87,33.32,5.95,121.16,Arhar (Tur/Red Gram)(Whole)
24.53,61.43,52.77,19.55,28.75,7.34,83.41,Black Gram (Urd Beans)(Whole)
95.97,86.74,49.76,23.8,75.4,7.1,201.98,Banana
8.14,20.94,30.69,16.22,88.78,5.67,104.44,Pomegranate
30.29,52.39,17.46,29.12,67.68,7.41,47.64,Green Gram (Moong)(Whole)
10.7,53.23,19.66,33.66,61.81,7.22,60.34,Green Gram (Moong)(Whole)
25.29,64.67,33.11,24.88,59.38,5.99,100.88,Arhar (Tur/Red Gram)(Whole)
2.85,44.09,27.11,27.61,59.02,5.4,84.95,Mango
34.94,64.94,28.41,23.34,18.94,5.93,114.96,Arhar (Tur/Red Gram)(Whole)
18.55,147.48,206.57,31.83,76.9,6.41,73.66,Grapes
11.79,139.5,181.4,30.83,76.07,6.0,75.7,Grapes
35.2,73.53,74.55,23.72,60.34,6.53,117.56,Black Gram (Urd Beans)(Whole)
44.78,71.37,61.56,18.66,56.39,6.51,76.62,Black Gram (Urd Beans)(Whole)
30.7,58.18,22.76,26.37,71.23,7.46,60.82,Green Gram (Moong)(Whole)
23.56,130.57,197.15,28.56,79.39,6.42,70.73,Grapes
31.42,50.21,21.59,27.23,69.46,6.83,73.4,Green Gram (Moong)(Whole)
30.66,70.1,22.23,19.49,49.21,6.11,87.12,Arhar (Tur/Red Gram)(Whole)
15.21,32.33,20.16,25.63,59.83,5.24,86.01,Mango
91.71,52.58,49.93,24.72,65.82,6.41,90.63,Bhindi(Ladies Finger)
76.11,50.26,42.81,22.41,83.26,7.3,249.38,Rice
26.49,26.38,20.19,34.29,55.6,5.08,83.23,Mango
8.82,31.72,25.68,34.66,49.76,5.88,98.74,Mango
101.87,92.68,45.74,23.55,81.94,5.9,111.3,Banana
99.36,60.46,45.53,21.92,83.43,7.18,119.09,Banana
20.66,53.94,22.47,27.89,75.54,6.78,54.25,Green Gram (Moong)(Whole)
80.58,59.68,46.69,25.82,68.32,6.94,82.91,Bhindi(Ladies Finger)
48.39,68.63,26.11,22.03,15.08,6.89,120.47,Black Gram (Urd Beans)(Whole)
71.45,55.44,31.6,23.09,66.5,6.41,94.09,Apple
20.13,72.14,73.79,22.04,55.78,7.48,130.55,Black Gram (Urd Beans)(Whole)
54.25,79.22,68.77,21.25,64.06,6.7,145.9,Black Gram (Urd Beans)(Whole)
84.7,60.29,47.17,22.17,74.34,6.12,102.34,Bhindi(Ladies Finger)
17.07,43.22,32.47,29.68,58.68,5.63,96.57,Mango
60.67,49.68,42.16,23.78,89.48,7.17,234.06,Rice
37.47,55.57,20.6,30.31,61.59,7.45,71.6,Green Gram (Moong)(Whole)
16.09,64.77,30.69,16.24,35.38,5.63,98.26,Arhar (Tur/Red Gram)(Whole)
12.22,29.95,37.06,23.01,93.75,6.06,101.66,Pomegranate
32.41,56.69,31.65,31.7,57.67,5.39,83.02,Mango
86.95,62.23,36.33,28.52,70.3,6.39,95.33,Bhindi(Ladies Finger)
64.22,41.25,44.69,25.95,87.09,7.02,219.75,Rice
60.33,53.48,40.69,22.33,83.71,7.49,290.83,Rice
6.09,18.72,38.6,22.85,91.35,5.91,103.75,Pomegranate
55.02,73.62,62.46,15.92,47.59,7.31,144.82,Black Gram (Urd Beans)(Whole)
25.35,39.06,32.04,25.32,57.11,5.08,81.82,Mango
98.78,48.43,34.37,21.95,64.9,6.24,85.08,Apple
27.6,136.89,195.81,31.57,80.21,6.24,68.97,Grapes
72.51,50.16,41.14,23.04,76.8,7.0,106.86,Bhindi(Ladies Finger)
87.33,66.0,47.91,27.5,80.64,5.97,107.06,Banana
17.35,122.68,194.78,28.87,82.06,6.25,66.84,Grapes
70.68,49.92,52.09,26.02,76.12,6.23,90.95,Bhindi(Ladies Finger)
19.58,134.86,189.93,30.41,81.19,6.1,62.54,Grapes
72.49,54.36,27.16,22.79,60.56,6.3,86.95,Apple
92.62,79.17,43.13,21.09,76.51,6.89,146.35,Banana
99.8,59.54,30.17,24.93,57.79,6.74,81.9,Apple
77.17,35.86,42.26,25.32,89.58,6.06,279.56,Rice
90.72,47.97,26.12,20.41,57.11,6.74,60.17,Apple
70.11,48.06,38.02,23.63,51.94,6.37,87.49,Apple
102.88,66.47,43.28,21.41,77.24,6.11,184.73,Banana
34.71,64.2,31.13,25.4,21.91,6.08,114.66,Arhar (Tur/Red Gram)(Whole)
47.01,66.81,37.26,18.78,37.55,6.54,109.02,Black Gram (Urd Beans)(Whole)
33.93,55.06,34.08,32.1,57.47,4.94,84.52,Mango
61.07,44.43,44.8,20.07,86.97,6.02,242.06,Rice
73.31,48.85,36.99,23.56,52.31,5.52,64.39,Apple
27.63,148.64,205.93,28.76,83.62,6.19,64.55,Grapes
87.19,52.52,35.83,28.98,70.55,6.36,91.6,Bhindi(Ladies Finger)
14.63,131.86,205.84,30.91,83.25,6.44,69.35,Grapes
9.05,28.18,31.04,27.25,54.57,5.47,92.64,Mango
39.57,59.77,20.91,26.65,63.65,6.75,74.5,Green Gram (Moong)(Whole)
26.4,59.23,17.06,27.55,71.17,6.9,79.79,Green Gram (Moong)(Whole)
36.01,71.16,20.83,21.8,28.15,5.88,128.43,Arhar (Tur/Red Gram)(Whole)
16.95,127.73,183.97,31.31,75.82,6.09,77.84,Grapes
33.82,69.34,32.26,27.9,60.33,7.11,89.39,Black Gram (Urd Beans)(Whole)
78.88,48.7,41.12,21.83,81.66,7.18,297.01,Rice
8.94,20.32,33.32,16.5,88.85,6.48,101.18,Pomegranate
5.14,28.88,37.98,16.22,94.89,6.14,112.74,Pomegranate
72.86,38.27,20.24,20.65,67.11,6.17,83.54,Apple
88.34,61.39,44.47,27.35,82.0,6.03,154.78,Banana
12.47,18.24,31.66,17.68,88.11,5.55,115.79,Pomegranate
21.14,55.17,16.49,29.27,72.15,6.84,70.37,Green Gram (Moong)(Whole)
64.78,49.92,43.28,22.61,85.67,7.0,264.04,Rice
93.76,47.18,50.99,25.99,72.17,7.03,86.26,Bhindi(Ladies Finger)
75.4,55.3,42.96,22.66,79.21,6.4,80.11,Bhindi(Ladies Finger)
103.67,65.46,43.22,29.9,80.53,7.41,225.36,Banana
77.96,37.04,41.64,22.31,82.41,6.61,209.86,Rice
74.67,35.65,41.41,20.57,84.99,6.99,208.61,Rice
81.01,47.33,21.03,24.22,51.3,5.74,82.71,Apple
74.67,44.42,40.58,24.6,87.4,6.04,201.08,Rice
78.17,47.0,33.22,22.02,69.08,5.69,74.79,Apple
99.05,77.24,45.0,20.34,76.38,6.72,152.37,Banana
5.39,23.13,39.96,23.94,86.36,6.42,112.47,Pomegranate
72.07,45.39,48.67,26.69,68.28,6.39,106.77,Bhindi(Ladies Finger)
30.27,57.19,30.1,32.39,58.85,4.77,87.71,Mango
21.45,127.03,186.33,30.05,78.82,6.22,71.82,Grapes
93.65,56.65,29.95,20.93,58.68,5.96,99.88,Apple
26.37,140.55,180.58,31.82,79.66,6.14,68.31,Grapes
7.42,41.8,30.42,26.45,57.67,5.18,89.74,Mango
92.32,56.35,52.14,28.09,76.63,6.11,85.11,Bhindi(Ladies Finger)
29.22,26.67,22.69,28.92,50.24,5.06,81.71,Mango
24.17,126.48,207.66,31.77,77.56,6.39,74.7,Grapes
92.49,46.92,35.71,25.84,70.7,6.14,92.09,Bhindi(Ladies Finger)
97.91,89.93,41.85,25.63,79.92,7.01,191.08,Banana
38.74,59.44,18.04,25.49,62.43,6.71,45.92,Green Gram (Moong)(Whole)
84.6,49.91,53.04,24.81,70.23,7.21,95.89,Bhindi(Ladies Finger)
11.67,66.25,26.72,18.41,64.06,6.17,116.01,Arhar (Tur/Red Gram)(Whole)
22.25,136.96,196.15,28.58,78.36,6.02,78.91,Grapes
8.75,17.67,30.42,19.82,91.48,5.77,102.22,Pomegranate
71.76,53.77,21.18,21.37,55.87,5.64,63.11,Apple
103.91,62.47,41.94,29.54,76.14,5.84,161.41,Banana
11.25,136.09,195.2,30.88,75.88,6.47,63.83,Grapes
97.16,67.29,48.43,26.69,81.58,6.14,133.27,Banana
103.43,86.35,46.68,20.29,82.17,7.16,109.92,Banana
11.56,15.18,33.4,20.53,86.59,5.94,104.99,Pomegranate
44.72,69.39,31.63,18.39,56.86,7.13,110.96,Black Gram (Urd Beans)(Whole)
64.65,49.9,40.24,20.08,86.9,6.79,245.38,Rice
62.8,35.44,43.55,26.19,85.03,6.59,289.72,Rice
78.9,52.91,41.92,23.39,83.06,6.45,296.45,Rice
12.02,28.92,34.23,19.08,88.76,5.52,109.76,Pomegranate
85.2,52.65,33.32,23.1,69.19,6.3,95.37,Apple
88.71,59.82,38.51,22.23,75.35,7.35,102.1,Bhindi(Ladies Finger)
27.61,71.08,28.25,22.72,28.6,6.47,128.94,Arhar (Tur/Red Gram)(Whole)
36.95,50.02,18.86,26.17,70.45,7.44,63.13,Green Gram (Moong)(Whole)
14.78,16.25,33.41,18.02,94.22,6.21,108.68,Pomegranate
11.11,26.82,33.49,20.79,93.96,6.1,106.17,Pomegranate
70.49,49.99,43.71,26.38,89.63,6.56,214.69,Rice
29.97,58.86,30.06,33.05,55.46,6.12,92.06,Mango
88.29,77.95,41.94,29.75,80.81,6.58,108.18,Banana
48.85,61.31,37.85,20.81,15.76,7.1,95.97,Black Gram (Urd Beans)(Whole)
47.93,70.71,25.79,27.76,26.33,7.09,68.5,Black Gram (Urd Beans)(Whole)
82.96,60.95,44.48,24.98,73.62,6.61,105.32,Bhindi(Ladies Finger)
23.27,60.82,26.29,23.89,24.97,6.33,132.18,Arhar (Tur/Red Gram)(Whole)
9.29,24.11,34.25,19.0,89.73,6.09,113.5,Pomegranate
21.72,144.26,205.25,28.75,80.99,6.03,61.95,Grapes
7.67,16.23,39.72,18.93,92.04,5.7,119.51,Pomegranate
20.12,54.81,20.95,31.39,70.02,6.52,75.31,Green Gram (Moong)(Whole)
10.65,133.38,185.24,29.23,80.36,6.17,62.8,Grapes
4.6,20.65,32.81,15.27,87.5,5.71,105.99,Pomegranate
32.51,34.04,27.88,26.21,55.19,4.75,82.0,Mango
17.96,131.47,181.02,29.53,77.45,6.39,79.96,Grapes
20.19,78.49,35.35,18.27,56.08,7.25,100.63,Black Gram (Urd Beans)(Whole)
94.02,64.1,44.48,27.45,65.88,6.93,84.31,Bhindi(Ladies Finger)
22.25,126.55,199.58,28.38,79.71,6.05,61.37,Grapes
48.92,63.01,56.11,27.64,45.53,7.41,110.81,Black Gram (Urd Beans)(Whole)
87.11,49.62,53.4,24.23,72.39,6.27,83.9,Bhindi(Ladies Finger)
4.42,25.7,39.68,21.76,89.89,6.3,115.94,Pomegranate
82.78,37.27,38.24,24.87,65.95,6.91,62.32,Apple
50.02,62.11,77.72,23.49,62.11,7.17,105.54,Black Gram (Urd Beans)(Whole)
97.38,33.48,29.93,21.22,57.64,6.46,94.54,Apple
103.97,72.35,46.12,29.35,77.57,5.92,210.55,Banana
38.37,52.3,20.08,31.52,70.75,6.75,45.82,Green Gram (Moong)(Whole)
71.19,47.25,42.24,25.73,88.34,7.45,247.25,Rice
94.07,72.61,41.46,28.78,76.95,5.63,180.46,Banana
37.85,63.31,32.08,27.16,27.78,6.13,90.58,Arhar (Tur/Red Gram)(Whole)
12.21,65.5,21.94,24.13,39.73,5.89,127.23,Arhar (Tur/Red Gram)(Whole)
38.66,60.06,31.78,27.61,62.3,6.17,119.5,Arhar (Tur/Red Gram)(Whole)
30.07,32.67,34.84,30.04,48.96,6.24,84.65,Mango
35.44,63.27,57.36,17.79,60.57,7.44,88.85,Black Gram (Urd Beans)(Whole)
7.56,15.46,37.13,16.61,91.65,5.97,104.79,Pomegranate
75.0,39.65,43.08,23.04,88.31,7.42,239.37,Rice
28.95,72.09,20.38,28.19,58.54,5.79,127.66,Arhar (Tur/Red Gram)(Whole)
40.91,62.44,29.54,16.05,17.64,5.93,80.08,Arhar (Tur/Red Gram)(Whole)
36.8,59.83,15.43,28.81,81.23,6.7,79.23,Green Gram (Moong)(Whole)
75.56,43.92,21.31,21.76,65.04,6.48,74.49,Apple
3.01,28.51,34.37,15.52,93.36,5.69,100.06,Pomegranate
103.29,91.12,49.15,28.97,76.51,6.71,197.88,Banana
24.76,132.58,202.74,28.24,78.09,6.06,61.39,Grapes
36.02,58.71,22.45,32.46,65.85,6.63,66.36,Green Gram (Moong)(Whole)
20.51,35.51,26.87,27.41,47.36,5.34,80.54,Mango
75.43,49.95,40.39,22.68,65.71,7.07,96.62,Bhindi(Ladies Finger)
94.64,84.8,44.25,27.94,82.5,6.36,112.94,Banana
43.93,66.53,33.87,15.84,43.73,6.06,124.99,Arhar (Tur/Red Gram)(Whole)
6.27,20.19,35.17,16.48,93.04,6.36,107.96,Pomegranate
99.46,66.34,43.18,21.53,75.52,7.03,210.78,Banana
11.85,131.52,203.47,29.39,77.56,6.14,72.25,Grapes
26.05,44.98,25.75,26.25,51.44,6.13,99.2,Mango
25.83,77.97,23.7,24.07,55.78,7.4,88.59,Black Gram (Urd Beans)(Whole)
4.51,23.87,20.47,33.59,56.36,5.42,80.22,Mango
14.16,65.54,22.75,27.12,46.3,6.26,90.17,Arhar (Tur/Red Gram)(Whole)
6.01,17.7,34.76,15.55,94.88,5.6,118.77,Pomegranate
94.74,61.18,46.89,22.34,69.11,6.15,93.38,Bhindi(Ladies Finger)
8.58,42.29,22.9,34.23,46.84,6.24,88.66,Mango
94.72,86.35,44.75,23.23,75.28,6.12,215.28,Banana
12.82,67.52,39.49,22.67,35.42,6.25,113.84,Arhar (Tur/Red Gram)(Whole)
24.21,72.21,47.76,20.37,21.76,7.37,98.8,Black Gram (Urd Beans)(Whole)
80.57,45.66,30.47,23.83,58.48,6.18,65.8,Apple
62.95,41.69,42.54,21.64,84.35,7.17,222.02,Rice
4.6,20.63,32.61,16.93,88.88,5.5,112.32,Pomegranate
44.99,65.72,27.75,16.38,21.9,6.58,137.72,Black Gram (Urd Beans)(Whole)
16.17,129.86,201.13,31.87,77.64,6.34,66.03,Grapes
37.44,53.76,18.28,30.92,66.63,7.03,43.14,Green Gram (Moong)(Whole)
86.91,48.12,36.46,29.69,72.95,7.21,101.14,Bhindi(Ladies Finger)
15.31,58.03,26.06,34.73,46.17,4.59,80.42,Mango
62.82,53.26,44.93,23.21,80.97,7.34,218.34,Rice
18.3,59.17,21.73,30.54,74.61,6.62,58.0,Green Gram (Moong)(Whole)
99.67,58.57,21.64,21.77,59.06,5.6,66.6,Apple
64.55,54.64,40.5,20.37,86.73,7.12,250.18,Rice
79.72,61.96,49.18,22.99,74.12,6.56,93.5,Bhindi(Ladies Finger)
71.37,46.73,45.51,27.26,69.85,6.78,91.55,Bhindi(Ladies Finger)
104.23,89.56,46.58,26.29,83.77,5.98,192.46,Banana
78.3,45.22,28.56,21.17,50.72,5.76,63.18,Apple
6.46,17.91,32.03,23.02,86.47,5.7,112.87,Pomegranate
31.62,54.8,21.85,34.16,61.29,7.24,54.59,Green Gram (Moong)(Whole)
33.87,66.35,18.32,22.79,63.55,5.81,101.76,Arhar (Tur/Red Gram)(Whole)
64.62,41.21,42.2,25.18,85.88,7.33,288.68,Rice
83.11,52.72,40.62,26.32,75.28,7.1,86.85,Bhindi(Ladies Finger)
87.18,79.67,42.32,29.54,80.31,6.53,93.42,Banana
77.15,64.65,45.15,24.22,68.88,7.43,87.17,Bhindi(Ladies Finger)
2.66,25.76,37.1,24.24,91.59,5.9,116.77,Pomegranate
89.39,77.01,49.57,23.37,76.54,5.63,192.13,Banana
72.15,39.12,42.48,23.6,83.39,7.28,260.59,Rice
29.35,133.64,185.61,30.53,77.64,6.29,60.66,Grapes
93.94,76.37,43.9,29.36,82.65,6.9,207.82,Banana
23.95,57.8,15.54,34.48,63.61,7.23,71.68,Green Gram (Moong)(Whole)
52.82,78.51,59.64,22.86,34.16,6.99,114.25,Black Gram (Urd Beans)(Whole)
23.15,72.66,35.28,18.39,31.73,5.86,83.19,Arhar (Tur/Red Gram)(Whole)
95.44,65.48,44.7,29.36,83.09,5.54,157.4,Banana
20.18,61.68,39.55,17.99,49.49,5.89,88.51,Arhar (Tur/Red Gram)(Whole)
14.4,131.63,191.81,30.58,84.13,6.26,63.69,Grapes
7.88,29.61,34.53,24.3,89.91,6.2,107.66,Pomegranate
96.41,53.22,33.45,21.48,53.8,6.59,90.96,Apple
28.64,57.42,21.36,26.28,76.8,7.06,43.45,Green Gram (Moong)(Whole)
11.79,137.78,187.43,31.72,78.27,6.01,71.61,Grapes
20.53,147.54,207.87,28.56,84.0,6.25,71.87,Grapes
45.3,74.47,44.15,27.48,20.19,6.87,86.13,Black Gram (Urd Beans)(Whole)
79.06,47.94,31.65,22.45,63.18,6.47,64.12,Apple
71.13,38.95,40.04,23.65,87.59,7.27,295.36,Rice
45.75,74.48,70.87,26.37,15.03,7.38,97.1,Black Gram (Urd Beans)(Whole)
18.66,56.84,20.32,29.36,69.55,6.98,43.72,Green Gram (Moong)(Whole)
36.33,61.58,38.87,25.28,61.66,6.05,138.54,Arhar (Tur/Red Gram)(Whole)
24.87,123.96,180.36,31.81,84.26,6.38,77.5,Grapes
59.92,76.06,22.48,22.0,67.08,6.84,93.54,Black Gram (Urd Beans)(Whole)
68.81,36.83,40.83,23.4,81.74,7.26,249.26,Rice
29.25,72.02,25.46,19.07,22.66,6.19,88.3,Arhar (Tur/Red Gram)(Whole)
13.32,58.0,15.13,28.87,77.78,6.89,43.18,Green Gram (Moong)(Whole)
24.07,138.69,201.48,29.87,77.11,6.07,67.79,Grapes
79.82,48.45,40.35,24.2,88.63,6.05,230.25,Rice
20.57,137.29,187.09,31.78,79.74,6.05,61.31,Grapes
57.99,64.93,73.68,25.71,63.47,7.25,145.22,Black Gram (Urd Beans)(Whole)
19.84,70.14,23.19,23.72,57.71,6.22,93.32,Arhar (Tur/Red Gram)(Whole)
27.03,126.44,198.51,29.78,81.23,6.46,75.72,Grapes
65.35,37.7,42.75,25.33,86.86,6.69,288.01,Rice
63.75,47.25,40.23,20.34,85.72,6.95,218.12,Rice
31.11,63.31,20.98,18.49,61.91,6.3,134.07,Arhar (Tur/Red Gram)(Whole)
103.73,80.68,44.39,25.77,77.46,6.39,96.73,Banana
36.71,64.54,23.16,21.12,44.31,7.47,147.0,Black Gram (Urd Beans)(Whole)
7.0,58.53,24.63,26.0,50.07,6.26,84.96,Mango
33.76,56.04,27.22,26.31,45.29,4.73,88.09,Mango
33.03,52.08,20.72,32.09,81.42,7.12,43.9,Green Gram (Moong)(Whole)
77.66,64.9,48.21,27.65,75.04,6.65,86.26,Bhindi(Ladies Finger)
10.88,58.46,24.76,29.63,69.23,6.85,64.73,Green Gram (Moong)(Whole)
22.93,61.66,17.74,16.8,28.44,6.08,120.34,Arhar (Tur/Red Gram)(Whole)
36.81,33.41,30.88,25.08,59.5,5.9,82.15,Mango
9.4,40.84,30.74,32.81,55.68,4.65,82.48,Mango
2.75,25.73,39.65,16.98,90.78,6.39,105.78,Pomegranate
14.6,59.44,22.0,30.55,60.19,7.39,60.97,Green Gram (Moong)(Whole)
11.79,17.39,36.0,24.77,86.21,5.94,115.66,Pomegranate
15.15,22.03,27.85,27.15,48.08,5.58,91.61,Mango
68.81,39.08,43.59,23.35,85.18,7.43,229.7,Rice
32.38,57.9,31.5,25.59,58.84,5.3,89.31,Mango
88.33,63.83,41.79,27.08,72.07,7.2,91.47,Bhindi(Ladies Finger)
37.71,70.08,20.2,20.82,15.04,6.47,95.03,Arhar (Tur/Red Gram)(Whole)
88.27,77.29,43.96,27.83,84.62,6.52,201.41,Banana
12.11,120.41,197.03,28.12,77.71,6.27,60.21,Grapes
37.85,26.2,31.64,30.22,57.99,4.66,80.93,Mango
96.72,85.99,49.07,25.71,75.3,7.33,115.68,Banana
45.64,64.45,75.06,17.1,16.22,6.78,112.53,Black Gram (Urd Beans)(Whole)
31.16,26.81,31.6,34.77,52.45,6.35,94.26,Mango
60.88,46.9,42.82,26.13,84.82,7.07,289.51,Rice
81.26,52.19,37.74,28.6,73.58,6.92,80.81,Bhindi(Ladies Finger)
27.65,55.52,16.77,31.35,75.45,6.88,59.6,Green Gram (Moong)(Whole)
14.1,123.84,197.61,30.62,75.77,6.03,74.53,Grapes
91.89,76.83,44.18,21.25,79.88,7.13,210.94,Banana
43.77,63.04,57.29,27.07,20.47,6.77,71.37,Black Gram (Urd Beans)(Whole)
34.96,50.53,18.45,27.35,64.85,6.68,46.77,Green Gram (Moong)(Whole)
6.81,29.4,38.66,22.28,94.25,6.34,110.1,Pomegranate
24.1,55.77,20.68,31.24,68.55,6.82,47.66,Green Gram (Moong)(Whole)
79.11,37.75,42.29,23.69,89.74,7.42,253.26,Rice
26.55,128.03,193.42,31.67,75.66,6.05,61.1,Grapes
26.06,29.88,31.02,32.41,58.28,5.43,93.76,Mango
3.01,45.56,22.32,26.17,56.96,5.27,98.35,Mango
20.0,51.3,21.36,32.56,72.74,6.63,64.79,Green Gram (Moong)(Whole)
20.59,139.65,190.87,29.45,82.56,6.28,70.07,Grapes
19.13,62.85,32.93,18.03,63.44,6.37,111.6,Arhar (Tur/Red Gram)(Whole)
99.36,87.34,45.12,21.08,75.88,6.77,165.68,Banana
90.79,56.03,30.56,22.17,67.86,6.08,99.82,Apple
84.13,58.3,22.4,23.48,66.14,6.35,88.22,Apple
21.53,62.02,25.1,26.91,39.36,7.38,64.58,Black Gram (Urd Beans)(Whole)
22.4,47.43,31.06,34.87,58.63,4.97,91.0,Mango
10.87,24.88,39.39,19.66,87.95,5.83,112.63,Pomegranate
18.59,149.99,209.48,31.69,83.98,6.32,68.19,Grapes
35.77,71.9,20.79,29.92,32.68,5.91,120.0,Arhar (Tur/Red Gram)(Whole)
8.39,28.9,38.91,19.35,93.5,6.42,103.35,Pomegranate
89.31,60.08,35.8,28.77,78.79,6.56,102.24,Bhindi(Ladies Finger)
89.37,77.66,44.94,29.03,79.41,7.22,141.28,Banana
23.92,68.57,20.77,25.21,17.25,5.6,109.58,Arhar (Tur/Red Gram)(Whole)
73.32,46.32,43.21,23.95,74.93,6.96,83.24,Bhindi(Ladies Finger)
4.81,58.29,33.1,32.14,50.34,5.02,93.03,Mango
84.47,37.68,32.53,24.86,63.84,5.87,69.36,Apple
11.37,57.73,30.85,27.25,58.98,6.39,88.68,Mango
4.25,41.63,34.23,26.94,54.65,4.56,83.2,Mango
12.05,18.98,39.04,23.95,91.6,6.34,104.34,Pomegranate
43.73,63.07,52.09,23.26,58.07,6.62,113.43,Black Gram (Urd Beans)(Whole)
72.55,58.17,51.2,28.01,79.3,7.47,96.87,Bhindi(Ladies Finger)
39.03,73.53,35.83,17.64,36.48,5.88,110.39,Arhar (Tur/Red Gram)(Whole)
13.97,127.64,188.42,31.51,80.46,6.33,69.82,Grapes
35.27,25.17,27.4,28.23,57.13,6.27,84.62,Mango
46.98,66.75,44.34,20.28,62.17,6.85,65.75,Black Gram (Urd Beans)(Whole)
26.68,48.03,26.11,28.37,58.57,6.16,99.47,Mango
87.45,91.13,47.59,27.14,79.78,7.47,228.55,Banana
2.7,24.82,33.46,21.73,87.16,6.33,111.71,Pomegranate
11.41,21.66,30.24,24.09,93.97,5.73,103.78,Pomegranate
70.27,52.61,50.86,29.59,65.83,7.19,98.31,Bhindi(Ladies Finger)
76.89,47.68,40.13,23.8,73.72,6.25,98.77,Bhindi(Ladies Finger)
15.59,21.01,26.66,33.32,55.3,5.79,86.66,Mango
38.64,38.19,24.61,26.8,51.94,4.76,93.28,Mango
13.92,53.4,19.31,31.5,80.94,6.97,58.42,Green Gram (Moong)(Whole)
73.13,38.87,43.76,22.57,87.96,7.31,299.04,Rice
88.17,63.84,43.91,26.77,68.93,6.83,86.04,Bhindi(Ladies Finger)
11.08,54.18,17.3,27.13,62.72,7.32,54.98,Green Gram (Moong)(Whole)
77.61,41.42,26.57,24.18,65.91,5.71,91.56,Apple
15.86,72.94,34.34,23.32,34.63,6.13,88.88,Arhar (Tur/Red Gram)(Whole)
11.27,71.47,25.42,28.99,32.72,5.9,104.8,Arhar (Tur/Red Gram)(Whole)
27.62,72.24,22.71,28.63,64.64,5.94,102.88,Arhar (Tur/Red Gram)(Whole)
12.33,122.74,191.39,29.39,81.72,6.4,66.99,Grapes
101.35,67.05,47.76,27.82,80.79,6.51,102.2,Banana
70.07,42.18,43.4,22.62,82.56,7.17,266.46,Rice
14.59,67.09,15.26,29.96,25.94,6.03,97.41,Arhar (Tur/Red Gram)(Whole)
97.66,62.7,41.08,24.19,77.29,6.13,110.24,Banana
5.57,54.06,30.77,26.24,50.23,5.23,98.78,Mango
34.08,70.6,34.93,21.18,38.33,6.12,81.67,Arhar (Tur/Red Gram)(Whole)
11.64,136.88,198.59,28.44,77.75,6.45,78.41,Grapes
14.53,60.46,21.02,25.08,18.18,5.9,93.66,Arhar (Tur/Red Gram)(Whole)
36.18,63.08,20.79,19.85,46.17,5.83,112.01,Arhar (Tur/Red Gram)(Whole)
22.47,133.69,194.0,28.98,78.23,6.43,74.49,Grapes
7.18,29.77,34.68,20.25,92.87,6.02,116.75,Pomegranate
35.62,51.43,17.64,28.59,67.53,7.19,56.79,Green Gram (Moong)(Whole)
58.83,70.95,74.19,19.05,58.5,7.18,88.19,Black Gram (Urd Beans)(Whole)
97.58,80.25,47.24,23.62,83.5,6.72,206.77,Banana
36.98,59.93,20.07,30.59,53.58,5.39,97.21,Mango
10.72,70.69,33.36,22.19,33.46,5.59,134.65,Arhar (Tur/Red Gram)(Whole)
14.07,130.97,194.14,30.3,78.94,6.16,72.01,Grapes
95.29,79.61,45.68,24.1,84.59,7.31,134.56,Banana
27.99,61.77,24.78,27.94,32.03,7.43,135.66,Black Gram (Urd Beans)(Whole)
39.01,63.74,57.74,23.99,16.61,7.2,70.52,Black Gram (Urd Beans)(Whole)
29.46,56.08,21.25,29.41,69.75,7.06,77.01,Green Gram (Moong)(Whole)
99.24,63.47,44.32,20.65,83.13,6.58,108.53,Banana
22.37,21.51,31.69,33.24,52.34,4.51,93.14,Mango
5.36,24.04,34.2,18.58,91.17,6.45,109.66,Pomegranate
2.47,24.33,32.23,17.62,91.73,5.54,102.0,Pomegranate
94.75,93.96,48.19,23.82,76.23,6.97,197.53,Banana
28.93,28.96,22.95,32.85,54.48,6.31,99.45,Mango
27.88,57.56,22.75,25.93,84.91,6.67,62.81,Green Gram (Moong)(Whole)
26.92,67.68,36.81,27.94,16.3,7.25,119.4,Black Gram (Urd Beans)(Whole)
91.77,34.59,26.26,24.67,50.42,6.5,83.5,Apple
25.66,56.82,16.76,30.58,66.47,7.16,64.25,Green Gram (Moong)(Whole)
94.01,49.06,41.01,25.08,79.55,7.09,100.87,Bhindi(Ladies Finger)
9.04,27.87,31.84,22.08,87.38,5.97,114.88,Pomegranate
29.32,146.75,206.83,31.84,82.89,6.35,70.85,Grapes
91.72,55.0,47.43,24.25,77.04,6.84,92.9,Bhindi(Ladies Finger)
11.32,24.4,33.9,22.03,90.5,5.71,109.46,Pomegranate
51.17,60.48,79.3,21.59,26.65,6.72,75.41,Black Gram (Urd Beans)(Whole)
71.77,46.27,44.01,26.07,86.48,6.57,223.95,Rice
99.11,81.97,42.01,23.55,82.32,7.17,123.66,Banana
42.93,77.61,58.02,27.15,47.65,6.9,86.19,Black Gram (Urd Beans)(Whole)
70.8,54.75,28.84,22.48,54.28,5.57,99.22,Apple
94.67,65.76,42.13,23.74,79.17,6.83,185.72,Banana
4.32,27.56,34.09,15.25,91.9,5.72,112.62,Pomegranate
23.16,129.55,205.51,30.36,81.94,6.06,77.2,Grapes
69.25,50.35,43.43,23.98,80.11,6.8,218.22,Rice
27.26,53.3,21.06,34.44,81.98,7.3,54.44,Green Gram (Moong)(Whole)
58.37,67.46,47.78,25.08,51.03,6.98,83.56,Black Gram (Urd Beans)(Whole)
98.96,56.07,20.69,21.81,51.23,6.93,64.97,Apple
84.01,47.54,44.8,27.88,66.4,7.04,99.35,Bhindi(Ladies Finger)
90.51,53.01,21.14,20.24,60.79,6.11,77.21,Apple
64.11,35.08,43.41,23.1,83.03,6.68,268.78,Rice
74.27,45.83,40.15,23.09,83.33,6.4,267.15,Rice
6.78,24.32,36.07,23.87,85.58,5.93,104.34,Pomegranate
17.5,33.46,24.83,25.65,55.38,5.16,82.46,Mango
33.59,65.85,32.87,25.44,47.27,6.37,125.22,Arhar (Tur/Red Gram)(Whole)
19.36,141.38,193.39,28.41,78.58,6.26,71.57,Grapes
71.2,38.69,41.21,26.35,81.62,6.22,287.82,Rice
74.01,54.1,42.58,24.11,83.31,7.04,241.97,Rice
20.41,41.78,29.98,30.42,56.68,5.22,80.2,Mango
48.03,67.58,73.74,26.01,17.65,6.99,69.58,Black Gram (Urd Beans)(Whole)
95.88,46.68,36.76,24.89,67.88,5.65,66.34,Apple
31.91,55.45,20.34,28.52,49.92,4.68,89.61,Mango
33.44,51.76,19.54,27.59,74.41,6.95,59.65,Green Gram (Moong)(Whole)
25.97,50.41,18.29,33.94,67.1,6.61,63.55,Green Gram (Moong)(Whole)
35.19,57.58,23.4,34.95,75.3,7.3,45.44,Green Gram (Moong)(Whole)
77.63,54.82,24.25,22.66,64.06,6.45,81.66,Apple
17.9,58.9,22.27,25.46,48.25,4.7,96.16,Mango
21.1,55.84,19.25,29.1,80.21,7.43,60.01,Green Gram (Moong)(Whole)
79.23,54.19,42.73,23.17,80.38,6.86,212.06,Rice
85.56,64.17,45.73,23.29,66.89,6.69,90.64,Bhindi(Ladies Finger)
27.92,133.82,199.75,30.67,75.4,6.18,75.88,Grapes
14.84,67.95,37.93,24.42,46.58,6.19,138.37,Arhar (Tur/Red Gram)(Whole)
77.8,39.29,40.92,24.48,85.97,7.32,269.12,Rice
6.7,23.13,32.33,30.22,48.76,4.88,83.98,Mango
90.11,60.72,42.75,28.33,75.73,7.29,93.45,Bhindi(Ladies Finger)
37.25,74.08,30.15,25.06,49.22,5.52,89.46,Arhar (Tur/Red Gram)(Whole)
76.86,63.03,40.47,28.04,69.73,6.86,101.98,Bhindi(Ladies Finger)
86.95,50.46,46.61,22.49,79.06,6.67,83.06,Bhindi(Ladies Finger)
40.94,60.02,23.06,20.27,60.23,6.39,122.86,Arhar (Tur/Red Gram)(Whole)
90.49,71.33,46.38,22.57,75.83,6.93,181.67,Banana
29.16,46.31,24.26,27.19,54.38,5.38,88.32,Mango
31.24,72.01,30.78,22.62,60.85,6.22,112.11,Arhar (Tur/Red Gram)(Whole)
86.34,34.2,38.85,22.76,53.93,6.42,94.57,Apple
24.86,135.42,194.42,29.17,79.35,6.42,79.49,Grapes
97.94,64.21,49.52,27.01,75.41,6.83,136.17,Banana
76.36,52.36,38.79,27.06,78.71,6.87,97.68,Bhindi(Ladies Finger)
100.53,73.49,49.89,22.79,82.94,5.74,191.27,Banana
89.32,77.83,43.29,29.62,81.02,7.32,226.95,Banana
72.86,36.61,42.54,26.76,83.29,6.12,228.39,Rice
90.13,46.64,40.18,27.21,79.72,6.1,102.46,Bhindi(Ladies Finger)
28.99,55.95,19.52,25.52,74.71,6.69,43.87,Green Gram (Moong)(Whole)
86.99,82.77,44.11,27.57,76.01,6.71,117.31,Banana
76.09,52.73,41.25,26.05,87.53,6.64,236.16,Rice
11.96,21.51,32.77,17.98,92.51,6.1,111.25,Pomegranate
72.05,40.49,44.21,26.69,83.3,6.88,221.46,Rice
44.63,71.22,26.1,16.16,28.68,6.35,121.33,Arhar (Tur/Red Gram)(Whole)
98.04,64.67,46.44,27.97,83.85,5.62,164.12,Banana
91.02,75.2,44.47,22.72,85.0,7.18,190.87,Banana
17.37,56.07,18.82,30.34,76.67,6.84,62.82,Green Gram (Moong)(Whole)
71.75,36.29,40.49,20.93,85.93,6.45,247.36,Rice
86.71,78.14,48.87,25.02,75.73,7.07,111.06,Banana
91.34,45.53,42.43,23.67,76.88,7.03,97.83,Bhindi(Ladies Finger)
18.22,55.31,16.65,31.84,63.49,6.77,76.05,Green Gram (Moong)(Whole)
76.13,51.22,34.41,22.0,50.31,5.91,76.14,Apple
24.44,135.26,202.57,29.79,81.56,6.07,69.03,Grapes
15.77,146.43,188.26,30.75,81.09,6.0,60.66,Grapes
37.61,55.03,28.36,25.3,56.86,4.95,80.54,Mango
25.56,149.3,183.96,30.07,75.19,6.43,65.46,Grapes
11.08,23.58,35.07,21.6,89.59,5.71,118.46,Pomegranate
92.29,64.39,46.54,23.66,77.5,6.06,90.42,Bhindi(Ladies Finger)
10.11,66.69,32.07,27.24,21.08,5.87,97.28,Arhar (Tur/Red Gram)(Whole)
25.24,148.74,206.85,28.09,83.62,6.36,74.51,Grapes
32.9,61.74,22.67,23.25,20.99,5.74,127.78,Arhar (Tur/Red Gram)(Whole)
8.35,17.78,39.29,17.39,86.91,5.59,115.84,Pomegranate
33.39,63.96,24.88,23.06,16.16,6.75,103.55,Black Gram (Urd Beans)(Whole)
39.04,43.45,30.43,30.97,52.06,6.31,97.55,Mango
4.88,47.69,32.95,31.37,45.36,5.28,97.45,Mango
23.13,50.23,22.55,29.56,81.93,6.53,50.7,Green Gram (Moong)(Whole)
94.81,51.14,35.97,25.82,69.97,6.84,92.07,Bhindi(Ladies Finger)
92.95,59.94,45.54,28.27,73.0,7.5,86.55,Bhindi(Ladies Finger)
37.84,51.27,19.56,27.97,62.7,7.41,77.41,Green Gram (Moong)(Whole)
28.13,55.37,16.62,32.71,66.46,7.23,52.68,Green Gram (Moong)(Whole)
12.56,56.64,15.55,31.48,66.92,7.05,78.85,Green Gram (Moong)(Whole)
30.29,66.23,24.76,25.67,46.98,6.52,61.88,Black Gram (Urd Beans)(Whole)
78.57,50.51,35.62,28.02,72.95,6.9,82.4,Bhindi(Ladies Finger)
76.51,46.42,42.51,22.69,84.76,6.46,298.05,Rice
69.32,52.25,42.98,21.81,88.45,7.13,236.64,Rice
92.78,78.83,46.01,28.01,83.19,6.08,205.85,Banana
9.0,58.15,25.51,30.05,53.28,5.83,87.9,Mango
24.84,74.06,44.5,27.0,27.89,6.58,129.02,Black Gram (Urd Beans)(Whole)
37.31,56.78,20.37,30.17,49.02,5.33,89.42,Mango
6.44,15.95,34.45,21.81,88.6,6.37,108.04,Pomegranate
17.31,28.62,26.23,30.16,51.34,6.04,97.14,Mango
43.83,61.1,20.66,23.98,46.39,5.64,111.96,Arhar (Tur/Red Gram)(Whole)
5.23,20.38,33.37,29.17,48.41,6.45,88.18,Mango
8.51,24.51,37.44,25.0,90.47,6.24,108.98,Pomegranate
41.59,61.44,77.68,17.69,69.64,6.72,129.95,Black Gram (Urd Beans)(Whole)
9.05,58.23,26.25,25.45,48.41,5.06,82.32,Mango
92.89,58.77,46.05,23.48,81.71,6.43,186.39,Banana
28.96,52.02,19.85,30.6,75.54,6.6,62.68,Green Gram (Moong)(Whole)
16.45,146.74,196.22,30.15,80.45,6.49,66.15,Grapes
38.42,50.84,18.48,27.53,74.19,7.3,56.14,Green Gram (Moong)(Whole)
24.03,132.34,196.3,31.9,75.32,6.25,77.16,Grapes
39.97,70.37,33.32,20.45,30.87,5.55,90.32,Arhar (Tur/Red Gram)(Whole)
12.3,15.52,35.63,18.72,91.71,6.29,100.24,Pomegranate
4.41,28.34,35.92,22.09,94.66,6.26,119.46,Pomegranate
21.33,70.61,37.47,24.36,40.68,5.7,90.2,Arhar (Tur/Red Gram)(Whole)
85.25,53.92,46.72,23.98,68.3,6.24,108.84,Bhindi(Ladies Finger)
27.27,63.33,61.78,24.41,32.68,6.57,64.01,Black Gram (Urd Beans)(Whole)
45.0,74.11,77.05,23.74,16.7,7.45,67.16,Black Gram (Urd Beans)(Whole)
76.11,37.65,44.71,20.61,80.35,7.12,229.85,Rice
18.75,139.48,196.39,30.17,80.04,6.43,76.3,Grapes
38.97,72.97,45.47,19.18,61.14,6.64,99.21,Black Gram (Urd Beans)(Whole)
31.28,34.65,30.04,29.86,54.07,6.35,84.51,Mango
89.84,56.54,38.87,23.27,65.6,7.25,85.65,Bhindi(Ladies Finger)
102.93,75.3,46.41,26.45,80.9,5.9,179.82,Banana
18.89,49.01,22.88,34.6,55.89,5.91,88.1,Mango
7.54,16.2,33.99,22.93,87.31,6.37,102.74,Pomegranate
44.91,75.14,30.81,21.76,56.82,7.44,89.47,Black Gram (Urd Beans)(Whole)
30.0,58.69,24.16,31.73,65.31,7.38,64.15,Green Gram (Moong)(Whole)
57.7,70.98,45.32,24.42,63.39,6.92,78.57,Black Gram (Urd Beans)(Whole)
23.84,21.6,20.72,33.22,53.48,4.94,95.87,Mango
53.79,61.13,66.0,17.23,25.63,6.89,144.61,Black Gram (Urd Beans)(Whole)
4.62,23.75,30.39,23.52,92.14,5.68,101.57,Pomegranate
99.11,35.84,28.91,22.95,55.75,5.98,93.24,Apple
39.51,71.26,15.01,25.91,16.57,5.84,122.32,Arhar (Tur/Red Gram)(Whole)
9.92,24.1,35.47,20.96,92.45,5.58,118.36,Pomegranate
77.67,50.81,43.4,20.51,80.02,6.34,250.55,Rice
3.34,21.38,32.11,19.16,86.24,5.89,115.49,Pomegranate
36.49,64.35,24.37,28.7,33.55,6.0,118.89,Arhar (Tur/Red Gram)(Whole)
69.71,52.8,40.31,23.92,87.5,6.2,256.43,Rice
64.18,40.77,40.93,26.2,88.61,6.43,246.5,Rice
33.22,52.6,22.5,25.56,79.28,7.16,78.71,Green Gram (Moong)(Whole)
26.79,25.01,23.2,25.48,57.92,5.37,96.65,Mango
25.18,123.8,185.68,28.17,78.85,6.45,68.11,Grapes
89.33,59.49,39.35,28.6,74.12,6.31,92.8,Bhindi(Ladies Finger)
43.78,69.2,39.46,21.47,57.34,5.82,114.6,Arhar (Tur/Red Gram)(Whole)
52.23,76.98,41.22,15.1,53.06,6.88,108.65,Black Gram (Urd Beans)(Whole)
38.23,54.86,23.39,28.04,62.31,6.78,43.38,Green Gram (Moong)(Whole)
21.88,52.88,15.42,27.18,67.49,7.04,43.09,Green Gram (Moong)(Whole)
92.22,73.79,47.62,25.56,81.57,5.89,136.45,Banana
34.96,71.05,16.06,17.54,44.09,5.76,120.25,Arhar (Tur/Red Gram)(Whole)
74.16,30.41,39.95,22.75,58.18,6.89,60.9,Apple
10.64,136.19,201.49,31.8,79.31,6.06,71.12,Grapes
87.86,53.83,48.15,24.48,71.17,6.02,102.0,Bhindi(Ladies Finger)
92.9,31.19,35.39,23.36,59.82,6.65,60.8,Apple
22.89,68.4,26.41,24.72,49.5,6.36,82.76,Arhar (Tur/Red Gram)(Whole)
9.59,29.91,34.19,20.56,86.11,5.57,104.6,Pomegranate
20.52,137.81,183.51,30.33,83.45,6.16,65.87,Grapes
2.99,48.08,24.31,29.15,57.74,5.04,81.4,Mango
81.72,41.83,34.48,20.42,69.96,5.88,63.86,Apple
100.89,84.86,42.56,20.54,80.44,6.77,166.97,Banana
74.23,57.56,51.46,28.39,66.8,6.62,104.82,Bhindi(Ladies Finger)
19.05,141.65,198.4,31.53,79.12,6.05,73.44,Grapes
3.72,15.18,30.22,17.46,89.95,5.96,116.73,Pomegranate
98.89,51.53,24.39,23.53,58.83,6.33,81.2,Apple
32.07,61.39,22.53,16.4,51.12,6.34,129.2,Arhar (Tur/Red Gram)(Whole)
92.94,88.1,42.15,29.45,79.96,5.78,209.93,Banana
4.62,54.98,21.38,30.24,46.93,5.99,84.59,Mango
2.76,24.52,36.44,15.11,88.28,5.68,109.73,Pomegranate
29.4,50.17,27.73,25.99,45.92,5.97,98.12,Mango
21.73,65.05,20.14,23.27,25.29,6.75,126.28,Black Gram (Urd Beans)(Whole)
38.44,69.3,32.81,26.13,23.51,6.45,136.26,Arhar (Tur/Red Gram)(Whole)
36.45,35.56,31.97,27.07,53.62,6.23,88.43,Mango
29.1,52.04,28.48,31.16,56.21,5.3,96.02,Mango
88.8,89.16,41.09,22.16,81.19,7.24,200.35,Banana
20.27,143.36,180.51,28.41,79.36,6.24,66.62,Grapes
17.12,136.78,191.57,31.26,83.87,6.21,69.96,Grapes
20.8,47.73,24.93,34.83,59.14,5.57,85.52,Mango
88.06,45.87,20.21,23.08,53.65,6.46,85.17,Apple
18.05,54.36,19.11,29.4,62.44,7.48,48.64,Green Gram (Moong)(Whole)
11.5,17.05,38.8,18.17,90.88,6.4,104.68,Pomegranate
61.18,44.25,42.4,20.3,81.38,6.51,241.23,Rice
12.71,25.59,39.82,21.35,85.87,6.42,104.5,Pomegranate
71.65,31.96,25.67,22.11,60.35,6.72,79.57,Apple
31.71,79.61,25.33,17.07,51.12,6.99,71.6,Black Gram (Urd Beans)(Whole)
23.26,60.21,30.75,24.5,23.74,6.37,121.96,Arhar (Tur/Red Gram)(Whole)
6.77,20.67,32.95,19.61,87.11,5.79,107.05,Pomegranate
91.6,65.66,45.11,21.73,75.0,6.71,96.65,Banana
98.38,90.87,46.76,28.4,80.49,5.92,170.16,Banana
10.47,136.62,186.92,28.59,75.88,6.08,73.58,Grapes
93.01,54.62,44.94,22.49,79.82,6.31,96.51,Bhindi(Ladies Finger)
7.64,27.29,33.25,17.3,92.74,6.08,106.18,Pomegranate
15.14,145.05,181.58,29.76,79.32,6.42,67.16,Grapes
43.1,68.13,24.07,28.38,58.55,5.63,104.99,Arhar (Tur/Red Gram)(Whole)
64.03,42.78,43.26,25.91,84.55,6.34,285.29,Rice
97.36,79.78,49.99,26.72,76.92,6.09,180.0,Banana
7.42,22.24,37.62,24.1,91.04,6.15,109.51,Pomegranate
28.29,44.67,34.27,33.9,59.59,6.12,83.69,Mango
62.92,44.57,42.04,26.94,82.64,6.04,273.41,Rice
102.07,65.98,49.82,24.14,83.07,6.88,124.27,Banana
91.94,42.66,33.23,23.52,66.12,6.75,78.51,Apple
19.85,145.18,200.52,30.38,78.14,6.2,67.09,Grapes
92.4,39.8,32.24,20.05,58.86,6.35,70.21,Apple
57.51,79.23,63.9,18.97,37.96,6.66,93.98,Black Gram (Urd Beans)(Whole)
66.28,48.22,41.23,24.74,89.33,6.59,288.73,Rice
80.28,59.4,53.57,28.14,75.95,6.69,91.04,Bhindi(Ladies Finger)
14.55,19.44,31.51,22.49,88.32,6.4,101.63,Pomegranate
77.05,59.33,53.9,24.39,69.4,7.12,92.76,Bhindi(Ladies Finger)
32.68,72.44,33.35,25.25,40.48,6.01,125.15,Arhar (Tur/Red Gram)(Whole)
89.33,84.58,42.82,22.49,75.84,7.18,154.88,Banana
23.23,70.35,36.43,22.39,65.93,6.51,93.79,Black Gram (Urd Beans)(Whole)
69.43,44.92,43.64,20.47,81.18,7.21,284.28,Rice
20.38,54.0,24.72,25.04,55.26,5.55,81.29,Mango
98.51,62.98,46.66,25.34,75.3,6.89,181.51,Banana
29.44,72.8,22.61,16.16,44.1,6.49,111.17,Arhar (Tur/Red Gram)(Whole)
12.59,138.16,183.06,29.9,78.45,6.3,62.72,Grapes
32.52,67.56,49.18,27.64,52.02,6.93,78.81,Black Gram (Urd Beans)(Whole)
10.23,28.86,30.83,16.43,88.69,5.96,108.43,Pomegranate
66.13,52.74,43.32,20.14,83.29,6.66,290.65,Rice
90.88,58.22,53.77,22.38,73.64,6.8,93.09,Bhindi(Ladies Finger)
68.34,35.35,44.36,25.02,83.76,6.08,215.64,Rice
20.17,31.0,33.46,26.38,50.47,6.19,92.79,Mango
24.36,50.21,20.63,29.93,63.28,6.93,56.66,Green Gram (Moong)(Whole)
7.9,29.22,38.15,22.54,88.8,5.92,108.92,Pomegranate
61.32,46.41,41.55,20.16,86.26,6.17,205.66,Rice
22.78,129.79,207.78,29.94,82.75,6.34,66.69,Grapes
26.53,59.65,17.16,33.93,73.38,7.29,69.1,Green Gram (Moong)(Whole)
75.26,44.16,28.8,20.85,67.91,6.27,81.59,Apple
17.09,51.97,21.08,33.04,72.86,7.48,53.28,Green Gram (Moong)(Whole)
71.9,34.56,31.65,20.45,54.37,6.12,68.7,Apple
34.99,71.56,38.68,18.35,42.5,5.85,137.48,Arhar (Tur/Red Gram)(Whole)
30.45,71.36,23.76,26.78,62.25,6.43,87.27,Arhar (Tur/Red Gram)(Whole)
79.95,47.39,43.96,26.59,89.61,7.35,224.0,Rice
21.58,51.13,26.79,29.8,51.97,5.48,85.9,Mango
24.8,71.94,22.02,23.74,24.41,6.16,116.32,Arhar (Tur/Red Gram)(Whole)
94.96,50.84,53.02,25.21,76.42,6.97,96.0,Bhindi(Ladies Finger)
104.77,66.85,41.33,29.43,78.13,7.27,143.74,Banana
67.06,38.81,40.21,25.26,88.47,7.31,269.82,Rice
37.6,79.1,61.64,19.22,22.84,7.14,118.46,Black Gram (Urd Beans)(Whole)
35.13,65.04,18.04,23.8,26.22,6.2,136.62,Arhar (Tur/Red Gram)(Whole)
76.12,54.59,49.37,26.89,68.58,6.9,97.88,Bhindi(Ladies Finger)
74.67,63.53,48.44,22.76,70.98,6.83,95.25,Bhindi(Ladies Finger)
20.75,53.52,21.75,31.85,69.98,7.11,66.62,Green Gram (Moong)(Whole)
55.04,66.47,65.94,20.86,35.45,6.53,82.99,Black Gram (Urd Beans)(Whole)
22.84,138.0,202.46,28.91,75.54,6.02,78.02,Grapes
71.47,53.44,28.41,21.24,52.02,5.86,98.86,Apple
23.13,134.43,180.17,29.36,76.11,6.43,65.37,Grapes
64.67,36.77,41.28,22.78,83.82,7.41,270.98,Rice
99.03,72.07,43.99,22.3,77.01,6.31,184.51,Banana
16.68,58.28,20.01,31.28,51.21,6.12,82.38,Mango
71.54,58.81,46.59,22.22,70.16,6.4,108.88,Bhindi(Ladies Finger)
39.54,71.38,33.86,29.69,58.75,6.47,120.83,Arhar (Tur/Red Gram)(Whole)
44.4,67.93,64.61,19.2,56.37,6.76,135.16,Black Gram (Urd Beans)(Whole)
90.12,92.82,42.57,29.2,83.97,7.46,115.11,Banana
58.07,63.01,22.39,26.6,69.26,6.95,91.79,Black Gram (Urd Beans)(Whole)
84.79,54.79,25.34,20.52,51.85,6.96,78.24,Apple
23.66,145.26,195.61,30.36,77.84,6.2,68.11,Grapes
30.84,74.48,23.51,17.42,50.55,6.31,126.89,Arhar (Tur/Red Gram)(Whole)
47.91,75.3,50.48,15.61,35.79,6.5,80.91,Black Gram (Urd Beans)(Whole)
29.52,59.86,19.66,34.63,83.08,7.07,68.81,Green Gram (Moong)(Whole)
61.55,35.53,42.08,26.96,85.7,7.35,261.21,Rice
72.2,44.41,43.21,25.24,84.68,7.29,230.25,Rice
94.59,64.21,45.32,26.84,67.29,6.38,94.39,Bhindi(Ladies Finger)
11.02,17.29,35.14,24.51,93.41,5.52,116.45,Pomegranate
28.65,67.89,36.16,24.98,45.54,6.32,117.2,Arhar (Tur/Red Gram)(Whole)
14.82,135.84,194.55,30.69,76.99,6.47,78.13,Grapes
87.48,58.8,44.23,28.92,78.86,6.42,80.71,Bhindi(Ladies Finger)
62.13,41.86,41.71,20.59,81.21,7.01,220.37,Rice
23.15,67.75,31.97,22.4,49.72,6.16,91.33,Arhar (Tur/Red Gram)(Whole)
13.1,54.93,23.07,34.94,60.79,6.77,46.37,Green Gram (Moong)(Whole)
83.95,33.4,20.21,24.59,60.63,6.11,61.02,Apple
28.67,146.67,180.73,28.26,76.18,6.19,67.52,Grapes
5.69,35.27,31.13,30.73,56.47,4.62,80.87,Mango
20.85,137.77,190.5,30.68,81.63,6.3,62.72,Grapes
60.22,37.57,43.87,23.42,82.89,7.32,248.51,Rice
15.93,54.12,23.17,29.9,72.99,7.06,61.03,Green Gram (Moong)(Whole)
9.3,56.32,30.98,32.88,45.77,5.2,94.87,Mango
13.95,16.23,30.72,23.11,89.31,5.8,107.1,Pomegranate
11.49,139.31,183.62,29.58,81.95,6.15,75.68,Grapes
72.94,53.46,31.77,21.89,64.34,6.76,82.07,Apple
88.12,63.87,48.9,28.83,65.3,6.36,85.3,Bhindi(Ladies Finger)
15.52,40.19,20.56,27.78,52.31,6.23,81.52,Mango
32.58,64.82,68.29,26.7,37.52,7.38,118.15,Black Gram (Urd Beans)(Whole)
20.25,130.48,192.45,31.13,77.61,6.39,72.66,Grapes
23.2,53.78,15.29,25.82,83.44,7.01,68.11,Green Gram (Moong)(Whole)
13.57,18.29,35.48,24.29,86.59,6.43,118.09,Pomegranate
75.54,47.0,43.24,20.27,89.84,6.2,242.89,Rice
36.02,37.91,21.03,28.12,57.84,5.63,86.2,Mango
19.98,129.48,193.27,29.15,77.19,6.2,61.63,Grapes
31.03,64.46,24.28,15.03,59.44,5.51,95.88,Arhar (Tur/Red Gram)(Whole)
26.78,142.23,186.63,29.18,80.72,6.48,62.29,Grapes
19.45,30.7,26.76,27.48,49.4,6.1,91.09,Mango
37.43,59.43,20.55,26.52,72.38,7.26,79.79,Green Gram (Moong)(Whole)
78.37,30.97,21.46,21.54,62.18,6.46,67.71,Apple
53.22,68.36,48.84,26.69,60.83,7.0,91.86,Black Gram (Urd Beans)(Whole)
38.18,40.44,25.26,28.68,58.96,6.15,84.11,Mango
2.11,17.02,31.69,24.77,89.98,5.8,106.07,Pomegranate
102.01,64.07,45.84,29.26,84.1,6.95,143.85,Banana
87.26,59.97,43.01,28.3,79.37,7.31,89.98,Bhindi(Ladies Finger)
31.41,50.03,22.12,25.7,60.04,7.09,77.01,Green Gram (Moong)(Whole)
81.44,56.71,23.38,23.62,54.19,6.5,77.06,Apple
32.19,67.23,21.52,29.9,63.41,6.03,81.5,Arhar (Tur/Red Gram)(Whole)
19.56,57.63,26.48,28.1,51.06,4.55,99.39,Mango
75.54,52.73,24.89,20.62,64.54,5.66,71.78,Apple
35.08,54.48,15.79,29.96,66.75,7.22,72.83,Green Gram (Moong)(Whole)
5.69,20.42,35.79,17.2,85.6,6.27,101.02,Pomegranate
47.59,68.39,45.03,24.28,65.97,7.06,60.36,Black Gram (Urd Beans)(Whole)
88.78,63.07,42.3,29.29,72.52,7.06,96.78,Bhindi(Ladies Finger)
8.39,16.87,37.19,20.94,92.14,5.65,110.11,Pomegranate
92.33,81.91,49.29,25.13,75.6,6.89,141.4,Banana
57.14,67.56,40.11,16.14,32.42,6.91,65.47,Black Gram (Urd Beans)(Whole)
89.95,59.1,36.06,24.81,69.02,6.83,99.17,Bhindi(Ladies Finger)
93.65,87.12,44.85,26.03,84.62,7.05,198.68,Banana
38.44,73.49,35.03,24.38,56.85,6.48,83.19,Arhar (Tur/Red Gram)(Whole)
28.56,121.31,203.38,28.96,76.14,6.19,68.87,Grapes
32.48,26.31,25.91,33.1,57.77,5.78,80.46,Mango
22.69,57.3,15.57,30.9,74.23,7.15,44.03,Green Gram (Moong)(Whole)
29.61,59.58,27.54,25.07,59.33,6.22,88.34,Mango
92.34,60.32,46.36,25.11,78.32,7.17,126.64,Banana
37.04,77.44,49.67,19.61,42.35,7.34,126.83,Black Gram (Urd Beans)(Whole)
13.21,58.28,18.45,30.18,64.18,7.09,60.2,Green Gram (Moong)(Whole)
22.4,147.96,186.48,29.3,80.71,6.22,78.81,Grapes
45.2,65.62,63.37,21.11,45.77,7.43,121.51,Black Gram (Urd Beans)(Whole)
65.66,48.42,41.38,22.78,84.21,6.02,208.3,Rice
22.55,44.82,31.66,26.2,53.91,6.19,97.48,Mango
22.27,76.02,79.87,21.32,55.25,7.15,82.37,Black Gram (Urd Beans)(Whole)
42.17,71.71,49.02,22.59,29.17,6.97,82.32,Black Gram (Urd Beans)(Whole)
80.73,64.18,46.83,28.36,72.61,6.7,97.04,Bhindi(Ladies Finger)
12.16,60.28,17.56,24.35,37.82,5.54,126.53,Arhar (Tur/Red Gram)(Whole)
11.94,125.12,182.8,30.59,81.99,6.24,74.16,Grapes
44.42,74.8,30.04,20.47,39.03,6.71,103.26,Black Gram (Urd Beans)(Whole)
20.03,53.96,16.43,26.03,73.43,6.65,40.14,Green Gram (Moong)(Whole)
60.45,44.08,41.37,26.05,84.92,6.56,249.05,Rice
100.26,75.1,49.05,24.06,81.2,5.75,219.94,Banana
32.46,57.44,33.11,33.47,46.72,5.02,82.17,Mango
81.37,45.77,52.12,23.09,79.85,6.89,104.45,Bhindi(Ladies Finger)
12.77,29.3,20.47,31.57,49.65,6.37,95.68,Mango
79.01,53.55,28.79,22.06,52.51,5.57,73.26,Apple
82.91,64.17,48.63,29.76,77.61,6.99,90.94,Bhindi(Ladies Finger)
10.25,55.65,23.84,28.73,69.36,7.45,75.95,Green Gram (Moong)(Whole)
22.11,77.44,50.42,16.19,39.73,7.41,78.36,Black Gram (Urd Beans)(Whole)
24.36,123.75,206.29,28.06,80.24,6.13,76.12,Grapes
9.19,26.39,33.11,17.9,87.71,6.16,113.16,Pomegranate
20.27,130.24,189.54,30.58,82.01,6.0,78.33,Grapes
17.42,44.22,25.34,32.87,46.15,6.24,92.87,Mango
40.89,72.23,30.83,26.35,23.85,5.54,119.26,Arhar (Tur/Red Gram)(Whole)
22.22,56.7,21.28,32.09,75.54,6.55,78.88,Green Gram (Moong)(Whole)
53.6,75.08,26.26,24.85,18.77,7.33,121.9,Black Gram (Urd Beans)(Whole)
78.95,45.64,51.25,28.26,73.86,6.98,89.85,Bhindi(Ladies Finger)
71.08,53.69,42.68,25.55,72.11,6.59,107.19,Bhindi(Ladies Finger)
78.43,43.49,40.04,21.07,86.56,6.28,260.98,Rice
97.67,79.28,46.56,24.23,76.42,6.83,153.53,Banana
21.24,69.25,27.58,17.32,25.08,6.43,131.61,Arhar (Tur/Red Gram)(Whole)
89.24,45.49,50.68,24.71,78.29,7.25,93.54,Bhindi(Ladies Finger)
87.92,45.82,41.49,26.52,70.59,7.11,106.44,Bhindi(Ladies Finger)
88.02,46.4,38.33,23.55,74.24,6.32,96.94,Bhindi(Ladies Finger)
78.55,42.78,41.71,23.5,84.73,6.28,273.27,Rice
74.55,37.43,24.87,24.63,67.1,6.54,81.82,Apple
8.92,27.7,35.4,20.58,85.37,6.01,116.51,Pomegranate
89.33,53.51,31.16,23.41,51.78,6.88,96.0,Apple
4.2,18.32,36.64,15.87,88.31,5.59,118.47,Pomegranate
94.96,84.16,49.09,29.74,78.57,6.59,132.0,Banana
37.98,71.2,25.54,22.41,57.77,5.82,95.73,Arhar (Tur/Red Gram)(Whole)
48.47,71.74,54.58,21.17,25.35,7.15,137.6,Black Gram (Urd Beans)(Whole)
12.89,59.35,22.99,32.52,48.16,5.39,96.64,Mango
20.25,125.64,208.71,28.08,76.56,6.02,67.75,Grapes
6.09,28.42,39.2,15.47,94.18,5.75,113.16,Pomegranate
15.65,73.06,37.68,28.01,43.16,5.79,95.95,Arhar (Tur/Red Gram)(Whole)
87.22,53.5,49.49,22.58,74.4,6.66,82.45,Bhindi(Ladies Finger)
8.5,40.97,34.8,31.34,59.96,6.35,99.38,Mango
33.22,64.58,59.18,16.52,24.49,6.89,71.12,Black Gram (Urd Beans)(Whole)
13.85,63.16,24.1,25.99,64.68,6.48,95.12,Arhar (Tur/Red Gram)(Whole)
48.08,72.9,69.65,22.63,16.24,7.04,121.74,Black Gram (Urd Beans)(Whole)
12.57,71.84,39.88,18.55,44.45,6.08,115.87,Arhar (Tur/Red Gram)(Whole)
27.98,45.71,29.95,33.94,57.65,5.22,80.54,Mango
33.17,50.58,19.46,27.85,80.02,6.56,51.95,Green Gram (Moong)(Whole)
11.96,135.96,209.43,30.27,82.77,6.18,79.76,Grapes
78.6,38.57,23.57,20.21,64.29,6.89,87.05,Apple
14.86,25.24,37.7,23.64,90.59,5.64,104.38,Pomegranate
55.2,67.74,71.42,26.53,24.14,7.25,66.84,Black Gram (Urd Beans)(Whole)
92.12,75.15,42.45,26.0,83.07,5.75,135.44,Banana
19.16,59.08,21.64,34.08,75.99,6.8,49.58,Green Gram (Moong)(Whole)
93.06,54.46,53.85,26.07,74.29,6.77,99.63,Bhindi(Ladies Finger)
21.36,135.63,191.22,29.07,76.6,6.37,60.19,Grapes
11.77,53.96,19.79,28.34,66.88,7.33,61.09,Green Gram (Moong)(Whole)
22.5,73.97,32.38,15.54,43.01,7.07,126.02,Black Gram (Urd Beans)(Whole)
28.35,142.74,200.52,30.81,84.12,6.41,64.37,Grapes
35.96,20.99,29.28,30.49,51.53,5.37,84.27,Mango
2.71,16.92,36.92,23.58,92.28,6.2,117.47,Pomegranate
3.76,27.11,30.44,23.11,87.24,5.99,100.63,Pomegranate
68.76,47.01,42.42,22.31,85.27,6.24,264.44,Rice
34.44,73.75,36.25,20.49,54.64,6.18,85.61,Arhar (Tur/Red Gram)(Whole)
27.19,63.03,55.58,18.82,50.66,6.9,110.87,Black Gram (Urd Beans)(Whole)
40.65,64.55,64.57,24.85,57.37,6.63,137.81,Black Gram (Urd Beans)(Whole)
74.45,48.9,40.45,28.27,72.08,7.27,89.74,Bhindi(Ladies Finger)
69.24,41.38,44.02,20.02,84.02,6.72,283.77,Rice
39.46,58.44,17.95,30.56,61.09,7.41,76.37,Green Gram (Moong)(Whole)
24.78,55.32,34.48,34.07,45.16,5.29,86.68,Mango
74.09,34.64,32.25,21.66,63.34,6.36,95.66,Apple
21.49,54.17,21.7,34.49,76.28,7.46,48.49,Green Gram (Moong)(Whole)
75.44,48.53,40.39,26.92,88.95,7.16,254.93,Rice
29.1,54.0,22.87,33.17,83.1,6.67,59.3,Green Gram (Moong)(Whole)
26.03,58.26,18.51,34.76,68.33,6.87,75.27,Green Gram (Moong)(Whole)
98.97,75.15,44.19,24.17,79.09,6.61,91.08,Banana
19.07,30.87,24.98,33.61,55.85,5.54,83.99,Mango
26.15,31.68,31.4,31.37,52.02,5.34,99.74,Mango
24.25,59.51,19.43,32.69,63.64,6.94,74.6,Green Gram (Moong)(Whole)
100.58,89.89,48.25,28.39,75.94,5.85,203.56,Banana
103.01,66.11,47.38,28.03,78.15,7.19,152.79,Banana
50.65,64.11,64.15,20.21,40.19,7.43,77.08,Black Gram (Urd Beans)(Whole)
33.87,39.48,32.39,34.23,53.62,4.95,97.83,Mango
98.39,47.5,23.21,23.3,62.75,5.85,67.65,Apple
13.72,31.66,27.94,28.62,49.58,6.27,95.73,Mango
15.29,147.3,180.42,28.39,83.55,6.23,79.19,Grapes
94.66,67.03,48.24,24.22,81.13,5.72,95.6,Banana
93.67,54.86,52.11,27.36,66.71,6.54,91.59,Bhindi(Ladies Finger)
21.25,132.96,181.0,31.79,80.79,6.06,74.71,Grapes
17.44,145.86,205.59,31.64,79.55,6.27,61.24,Grapes
60.46,35.99,40.47,21.69,83.86,7.07,278.97,Rice
70.53,50.61,44.89,22.85,87.09,6.21,226.92,Rice
24.08,122.28,199.84,28.29,84.85,6.31,63.36,Grapes
76.46,36.39,34.91,23.96,60.3,6.35,74.05,Apple
11.03,134.7,199.82,30.42,80.54,6.3,73.85,Grapes
96.4,73.58,45.23,21.93,81.27,6.75,199.44,Banana
28.38,72.21,68.83,21.06,61.73,7.22,105.64,Black Gram (Urd Beans)(Whole)
92.0,54.0,54.24,22.46,77.4,6.89,85.76,Bhindi(Ladies Finger)
30.82,65.88,26.78,21.67,18.31,6.56,117.96,Black Gram (Urd Beans)(Whole)
11.66,18.52,36.9,20.95,86.92,5.75,115.31,Pomegranate
23.54,74.86,21.15,15.8,39.72,7.04,76.69,Black Gram (Urd Beans)(Whole)
20.87,132.05,182.19,30.37,77.51,6.5,75.35,Grapes
24.39,72.08,29.04,23.22,16.94,6.01,134.57,Arhar (Tur/Red Gram)(Whole)
40.8,66.84,27.81,21.22,17.62,6.43,105.89,Arhar (Tur/Red Gram)(Whole)
15.49,36.72,27.95,28.13,57.59,5.98,88.95,Mango
21.27,133.21,205.85,29.14,84.56,6.31,60.11,Grapes
14.63,24.42,39.98,24.38,86.15,6.14,100.23,Pomegranate
36.82,36.34,22.3,26.07,46.2,5.55,93.15,Mango
79.13,58.51,52.43,25.21,69.34,6.8,106.38,Bhindi(Ladies Finger)
96.22,56.8,20.45,23.73,56.14,6.73,89.61,Apple
77.86,30.37,33.54,21.84,51.28,5.52,85.29,Apple
72.51,55.8,21.87,24.69,59.99,6.52,87.92,Apple
15.5,123.37,190.95,29.17,76.59,6.29,70.95,Grapes
26.19,140.28,206.84,29.9,79.48,6.41,78.63,Grapes
11.52,72.62,15.91,23.31,20.5,5.9,129.59,Arhar (Tur/Red Gram)(Whole)
93.82,81.43,45.91,22.55,76.0,5.5,200.71,Banana
26.25,129.54,201.5,30.05,78.62,6.24,69.17,Grapes
11.84,133.8,205.41,29.94,84.51,6.31,78.77,Grapes
33.51,70.04,34.4,25.49,48.41,7.2,93.89,Black Gram (Urd Beans)(Whole)
32.45,66.84,21.96,22.84,40.93,5.81,129.08,Arhar (Tur/Red Gram)(Whole)
14.06,52.84,23.86,31.99,55.98,5.34,92.65,Mango
18.67,148.81,180.52,31.37,80.98,6.01,77.48,Grapes
85.81,60.09,43.98,27.83,78.39,6.62,91.94,Bhindi(Ladies Finger)
14.34,24.06,31.72,20.44,90.0,6.23,114.52,Pomegranate
69.48,50.05,44.25,22.87,88.86,6.23,259.93,Rice
78.45,49.86,50.65,23.17,78.04,6.37,87.73,Bhindi(Ladies Finger)
26.0,61.55,37.63,19.41,50.14,5.79,105.93,Arhar (Tur/Red Gram)(Whole)
79.28,56.64,54.17,28.55,76.45,7.03,99.15,Bhindi(Ladies Finger)
29.01,35.46,34.15,28.83,55.15,5.27,95.56,Mango
30.41,50.79,21.61,31.67,80.38,6.51,69.24,Green Gram (Moong)(Whole)
28.26,66.39,78.92,27.5,59.42,7.3,65.88,Black Gram (Urd Beans)(Whole)
8.62,50.6,21.01,31.13,50.94,6.14,85.51,Mango
29.96,69.08,30.35,22.01,40.92,6.22,98.16,Arhar (Tur/Red Gram)(Whole)
39.32,59.76,22.9,32.45,78.31,7.12,51.24,Green Gram (Moong)(Whole)
79.75,59.58,38.76,22.05,67.26,6.01,106.1,Bhindi(Ladies Finger)
24.69,57.53,32.01,28.71,59.45,5.18,85.56,Mango
90.06,91.75,41.08,22.84,76.78,6.54,182.15,Banana
103.25,90.07,47.0,29.42,75.43,6.64,205.38,Banana
73.14,46.4,42.72,23.95,85.75,7.39,219.18,Rice
16.41,41.51,23.22,32.59,45.74,5.34,82.84,Mango
76.92,59.19,22.64,23.02,51.81,6.98,80.67,Apple
13.58,68.97,39.72,17.94,46.09,5.86,127.0,Arhar (Tur/Red Gram)(Whole)
11.3,58.66,17.47,25.74,73.48,7.15,61.54,Green Gram (Moong)(Whole)
80.36,49.14,22.06,23.52,63.44,6.47,75.19,Apple
73.32,54.46,40.58,22.19,85.54,7.13,292.47,Rice
65.19,43.21,42.31,22.19,88.13,6.52,276.87,Rice
43.26,72.86,27.92,25.84,34.7,7.31,61.62,Black Gram (Urd Beans)(Whole)
21.68,128.18,203.46,28.97,77.18,6.25,76.14,Grapes
5.07,48.08,27.29,28.97,53.72,5.43,95.02,Mango
92.04,53.13,51.22,26.54,67.56,6.88,93.81,Bhindi(Ladies Finger)
86.94,49.24,44.59,22.68,65.23,7.46,94.03,Bhindi(Ladies Finger)
11.96,60.38,29.56,18.3,44.53,5.86,81.65,Arhar (Tur/Red Gram)(Whole)
15.48,51.16,22.29,30.82,71.36,6.51,41.58,Green Gram (Moong)(Whole)
74.85,50.71,42.65,20.12,86.98,6.33,223.03,Rice
26.22,36.46,26.43,29.14,49.16,5.38,93.55,Mango
77.23,54.38,44.38,21.84,86.45,6.42,247.75,Rice
20.22,74.45,38.52,23.4,24.14,5.93,102.29,Arhar (Tur/Red Gram)(Whole)
57.31,77.25,70.14,19.74,32.42,7.35,138.72,Black Gram (Urd Beans)(Whole)
11.87,20.58,30.62,23.66,86.14,6.15,101.25,Pomegranate
15.46,70.1,15.05,16.87,63.36,6.25,90.01,Arhar (Tur/Red Gram)(Whole)
77.91,51.35,31.34,20.02,57.97,5.53,63.09,Apple
79.53,51.29,53.57,22.72,66.5,6.84,96.45,Bhindi(Ladies Finger)
10.28,15.2,37.8,22.65,94.37,5.85,100.51,Pomegranate
23.57,124.12,205.2,29.49,75.74,6.06,70.98,Grapes
78.97,49.07,43.3,24.09,88.65,6.79,210.27,Rice
76.5,31.15,33.99,22.14,66.33,6.34,82.56,Apple
97.25,78.51,42.59,29.97,79.64,6.58,100.12,Banana
12.4,147.0,186.87,30.32,80.37,6.17,71.79,Grapes
66.68,54.53,42.86,26.72,85.62,7.47,256.79,Rice
12.1,122.7,202.37,31.71,76.31,6.13,77.53,Grapes
31.38,53.79,18.0,25.69,65.69,6.96,40.44,Green Gram (Moong)(Whole)
73.85,57.77,47.94,29.51,72.99,6.46,92.83,Bhindi(Ladies Finger)
20.2,132.04,183.26,29.34,83.8,6.36,60.08,Grapes
92.79,36.16,33.46,21.47,56.98,6.83,79.76,Apple
17.84,126.14,203.78,31.38,81.87,6.06,73.99,Grapes
26.59,146.93,184.92,31.01,79.54,6.07,67.95,Grapes
80.41,55.23,29.79,23.27,68.66,5.88,65.0,Apple
72.23,45.87,33.87,22.39,52.76,6.38,97.05,Apple
33.66,64.1,48.83,25.11,40.25,7.07,75.51,Black Gram (Urd Beans)(Whole)
29.58,122.44,195.08,28.98,81.95,6.34,72.96,Grapes
88.95,49.04,48.44,28.94,68.23,6.81,106.47,Bhindi(Ladies Finger)
7.94,21.2,32.41,22.92,85.61,6.03,109.73,Pomegranate
36.88,59.52,18.48,33.23,81.52,6.76,54.8,Green Gram (Moong)(Whole)
42.65,71.43,69.6,20.1,58.49,7.13,128.25,Black Gram (Urd Beans)(Whole)
67.33,41.35,43.73,25.89,84.97,6.25,282.73,Rice
37.73,74.21,37.07,28.47,23.58,6.12,132.43,Arhar (Tur/Red Gram)(Whole)
8.17,27.33,36.5,18.49,88.1,5.79,105.81,Pomegranate
29.18,68.55,27.8,17.86,35.18,5.73,117.43,Arhar (Tur/Red Gram)(Whole)
86.64,62.17,46.01,23.65,76.69,6.0,148.14,Banana
79.98,35.35,44.31,20.96,87.41,6.27,242.78,Rice
51.69,72.11,56.44,24.43,45.61,7.43,100.12,Black Gram (Urd Beans)(Whole)
29.63,147.38,184.8,31.28,76.46,6.44,63.32,Grapes
12.35,134.73,181.77,31.59,79.24,6.49,73.73,Grapes
20.07,52.32,32.05,34.58,46.04,4.85,82.31,Mango
14.09,121.64,204.21,28.43,75.19,6.18,79.07,Grapes
9.34,17.41,37.88,21.56,93.62,6.3,113.01,Pomegranate
78.71,62.86,38.88,28.17,75.13,6.46,98.06,Bhindi(Ladies Finger)
25.3,141.14,198.92,29.33,82.86,6.35,69.11,Grapes
29.37,57.23,25.77,30.0,57.16,6.15,93.52,Mango
67.07,47.81,43.18,26.79,81.48,6.28,243.73,Rice
53.08,60.21,66.0,26.24,21.48,6.57,90.63,Black Gram (Urd Beans)(Whole)
20.46,130.86,208.2,29.12,76.85,6.21,61.0,Grapes
91.16,56.74,30.63,21.9,63.46,5.62,79.48,Apple
89.88,52.86,40.08,26.07,67.67,6.16,95.26,Bhindi(Ladies Finger)
86.01,58.23,25.37,20.28,68.21,6.59,62.07,Apple
70.22,61.22,37.15,23.47,71.67,7.15,80.88,Bhindi(Ladies Finger)
71.12,63.89,44.5,26.91,75.86,6.57,98.54,Bhindi(Ladies Finger)
3.07,19.39,33.37,23.07,91.44,5.7,113.35,Pomegranate
18.36,59.22,20.85,26.53,66.05,6.8,65.69,Green Gram (Moong)(Whole)
44.58,66.75,20.29,19.42,33.71,5.83,120.76,Arhar (Tur/Red Gram)(Whole)
36.55,51.53,23.35,31.82,83.06,6.59,55.02,Green Gram (Moong)(Whole)
94.19,62.63,48.01,22.89,82.53,7.29,157.54,Banana
87.68,61.91,46.9,26.18,71.91,7.21,86.07,Bhindi(Ladies Finger)
10.23,22.23,22.57,26.09,59.5,6.39,81.98,Mango
2.75,27.9,31.15,21.98,85.46,5.79,118.01,Pomegranate
78.22,48.35,43.69,25.58,84.42,6.54,220.58,Rice
83.84,57.28,43.48,22.91,70.84,6.22,88.56,Bhindi(Ladies Finger)
19.81,28.55,27.17,31.49,51.12,4.58,92.17,Mango
61.43,42.17,42.73,21.34,86.05,7.25,236.2,Rice
41.7,70.56,30.08,27.87,23.09,6.11,131.65,Arhar (Tur/Red Gram)(Whole)
34.12,64.0,36.04,27.91,24.05,7.07,111.34,Black Gram (Urd Beans)(Whole)
25.59,62.49,74.04,26.25,19.12,6.59,88.37,Black Gram (Urd Beans)(Whole)
13.59,54.05,24.58,31.1,77.89,7.26,77.12,Green Gram (Moong)(Whole)
85.09,44.56,34.75,20.21,69.91,5.9,72.61,Apple
86.57,55.52,46.89,22.3,76.32,6.61,87.6,Bhindi(Ladies Finger)
55.91,60.2,69.93,19.85,49.32,7.13,144.09,Black Gram (Urd Beans)(Whole)
98.99,74.01,42.09,20.78,82.71,6.55,103.0,Banana
17.96,139.19,181.03,30.1,82.48,6.26,79.96,Grapes
9.71,18.75,35.67,19.62,91.64,6.32,105.4,Pomegranate
95.26,58.77,33.11,22.55,59.24,6.01,68.6,Apple
90.43,39.36,32.85,21.73,51.37,6.18,65.47,Apple
4.88,23.21,31.72,21.51,87.04,6.25,116.61,Pomegranate
18.37,124.66,184.08,28.07,79.51,6.43,63.86,Grapes
90.59,54.52,35.46,22.21,60.46,6.66,73.49,Apple
78.22,59.6,51.14,25.48,69.59,6.88,93.49,Bhindi(Ladies Finger)
30.71,69.79,38.89,21.29,16.43,6.46,114.84,Arhar (Tur/Red Gram)(Whole)
78.94,30.79,34.22,21.14,50.76,6.91,76.7,Apple
94.26,51.83,51.22,27.88,71.78,7.27,95.16,Bhindi(Ladies Finger)
70.68,51.6,44.32,22.07,81.8,7.44,295.92,Rice
4.81,37.9,30.97,31.19,52.7,5.15,84.84,Mango
73.64,31.58,27.29,20.87,50.69,5.96,81.2,Apple
94.76,49.06,36.72,22.63,55.53,6.24,74.27,Apple
54.94,73.57,27.71,27.21,51.12,6.65,106.77,Black Gram (Urd Beans)(Whole)
93.1,40.44,23.98,22.02,63.16,6.96,96.88,Apple
4.67,25.24,26.17,25.7,48.3,5.77,90.71,Mango
63.14,43.99,44.18,26.27,82.68,6.39,222.54,Rice
14.36,128.05,194.63,28.89,79.38,6.48,71.14,Grapes
28.28,64.69,52.28,27.85,18.58,6.56,141.26,Black Gram (Urd Beans)(Whole)
17.27,56.06,19.05,25.02,80.2,6.95,66.74,Green Gram (Moong)(Whole)
76.25,48.38,43.54,23.34,88.05,7.2,236.8,Rice
29.0,68.13,36.97,18.59,17.56,5.96,99.51,Arhar (Tur/Red Gram)(Whole)
39.58,71.96,61.1,19.09,32.19,7.2,136.11,Black Gram (Urd Beans)(Whole)
4.18,24.52,26.4,31.91,51.64,4.62,93.76,Mango
79.46,38.54,27.43,23.9,67.34,5.65,72.94,Apple
7.41,16.9,32.66,20.8,92.09,5.66,106.36,Pomegranate
31.89,53.31,17.84,32.94,84.8,7.37,62.7,Green Gram (Moong)(Whole)
77.88,45.89,41.2,26.82,85.2,6.42,256.48,Rice
48.67,79.52,58.2,22.46,36.96,6.55,71.03,Black Gram (Urd Beans)(Whole)
60.98,50.34,41.84,24.77,84.1,7.39,279.43,Rice
75.28,41.37,40.1,26.95,81.15,6.05,267.71,Rice
24.15,65.01,21.35,18.19,60.69,6.46,123.21,Arhar (Tur/Red Gram)(Whole)
14.45,73.38,20.84,15.22,53.53,5.97,99.59,Arhar (Tur/Red Gram)(Whole)
56.09,79.04,72.16,16.44,38.32,6.9,127.82,Black Gram (Urd Beans)(Whole)
66.38,36.22,42.84,25.3,88.15,6.97,278.51,Rice
17.39,122.67,180.36,30.72,82.1,6.46,63.87,Grapes
83.27,48.76,37.01,25.53,71.55,7.37,109.38,Bhindi(Ladies Finger)
12.99,141.8,183.44,31.15,75.61,6.19,68.71,Grapes
19.82,130.75,206.71,28.73,78.96,6.44,61.68,Grapes
28.2,59.51,22.75,26.67,69.51,6.65,53.34,Green Gram (Moong)(Whole)
17.03,129.97,193.78,28.8,80.05,6.11,61.87,Grapes
77.08,36.56,41.54,26.85,81.07,6.34,233.11,Rice
88.3,47.87,51.25,22.92,79.29,7.26,91.89,Bhindi(Ladies Finger)
84.62,31.27,33.53,21.94,66.93,5.98,78.01,Apple
20.4,137.49,204.84,28.74,84.24,6.37,63.83,Grapes
50.56,76.48,54.34,24.0,54.48,6.86,82.93,Black Gram (Urd Beans)(Whole)
103.79,62.94,48.56,25.46,77.27,6.04,226.33,Banana
3.03,19.71,37.74,24.51,88.21,6.49,102.31,Pomegranate
77.19,30.32,24.38,23.27,67.85,6.57,73.99,Apple
91.76,77.93,49.11,22.26,77.58,7.31,189.04,Banana
72.03,54.03,54.76,25.76,78.82,6.94,105.95,Bhindi(Ladies Finger)
90.44,81.5,45.78,23.8,76.02,6.18,206.52,Banana
34.93,31.49,27.1,27.86,48.57,4.85,97.07,Mango
85.21,65.23,46.61,22.04,76.96,6.0,151.25,Banana
56.99,69.72,78.24,19.85,15.22,7.21,125.87,Black Gram (Urd Beans)(Whole)
14.37,19.74,36.56,23.69,86.62,6.21,105.19,Pomegranate
68.16,51.73,44.28,24.55,88.39,6.67,253.9,Rice
82.46,62.17,41.48,25.26,72.34,6.27,80.2,Bhindi(Ladies Finger)
79.27,58.22,53.72,24.95,75.39,6.07,100.94,Bhindi(Ladies Finger)
72.74,62.71,40.35,28.04,67.95,6.37,106.98,Bhindi(Ladies Finger)
3.32,46.0,22.13,26.18,50.14,4.99,87.16,Mango
20.53,52.97,22.82,31.82,80.63,6.81,47.29,Green Gram (Moong)(Whole)
17.28,128.82,190.61,28.59,84.56,6.17,63.73,Grapes
86.56,61.79,39.64,23.97,65.52,6.06,89.41,Bhindi(Ladies Finger)
85.18,52.72,51.11,22.54,75.7,7.28,82.82,Bhindi(Ladies Finger)
43.14,71.1,38.19,21.22,33.0,6.99,141.61,Black Gram (Urd Beans)(Whole)
100.32,90.38,47.72,20.82,78.66,6.71,172.98,Banana
89.78,45.15,40.5,24.9,79.93,7.19,82.83,Bhindi(Ladies Finger)
7.8,24.5,32.85,17.28,92.3,6.42,108.57,Pomegranate
63.76,50.07,43.01,26.18,84.79,7.21,226.08,Rice
2.94,22.98,33.44,19.61,85.41,6.39,111.75,Pomegranate
2.74,17.23,30.05,21.53,94.12,6.32,104.3,Pomegranate
94.72,49.64,37.65,26.05,68.0,6.44,95.68,Bhindi(Ladies Finger)
10.68,53.11,27.76,32.51,52.6,6.29,81.05,Mango
72.03,36.45,26.73,22.07,53.16,5.99,72.7,Apple
70.7,33.27,23.49,24.35,54.32,6.2,80.93,Apple
87.64,69.73,44.26,20.5,77.3,6.06,137.06,Banana
27.5,64.25,23.5,27.95,16.67,6.73,85.12,Black Gram (Urd Beans)(Whole)
56.97,71.23,26.99,17.52,47.94,7.39,100.41,Black Gram (Urd Beans)(Whole)
5.46,21.08,37.54,17.94,89.74,6.1,102.99,Pomegranate
87.38,51.96,33.89,24.39,54.38,6.82,90.25,Apple
72.9,51.29,49.21,29.06,69.88,6.23,81.17,Bhindi(Ladies Finger)
11.58,26.04,27.53,30.16,53.13,5.26,83.92,Mango
52.75,66.62,51.93,17.98,59.14,7.02,137.73,Black Gram (Urd Beans)(Whole)
73.41,55.22,29.96,22.83,56.88,6.41,60.73,Apple
25.49,57.85,22.01,34.56,60.02,7.21,42.45,Green Gram (Moong)(Whole)
32.47,70.43,23.19,21.72,19.78,6.43,83.71,Arhar (Tur/Red Gram)(Whole)
97.96,44.8,31.44,20.34,56.46,5.57,82.83,Apple
81.61,38.58,20.72,20.47,69.13,6.58,94.72,Apple
36.71,60.09,27.86,27.16,46.46,5.74,136.93,Arhar (Tur/Red Gram)(Whole)
14.01,35.44,29.01,28.88,46.55,5.81,92.14,Mango
72.61,64.96,51.05,26.54,72.65,6.39,105.5,Bhindi(Ladies Finger)
63.0,52.7,42.66,22.3,86.62,6.12,243.14,Rice
10.35,59.63,17.14,27.58,61.42,6.96,60.72,Green Gram (Moong)(Whole)
3.41,21.21,31.01,16.3,88.79,5.88,100.8,Pomegranate
35.89,56.78,22.94,33.55,78.35,6.79,40.84,Green Gram (Moong)(Whole)
86.68,71.22,44.01,28.62,79.96,7.24,163.7,Banana
30.65,52.35,15.86,26.17,68.13,6.79,73.9,Green Gram (Moong)(Whole)
96.59,62.4,49.77,21.8,75.97,6.18,107.35,Banana
30.52,50.83,21.98,31.86,62.8,6.5,57.76,Green Gram (Moong)(Whole)
13.93,26.28,31.16,16.75,88.15,6.38,107.61,Pomegranate
42.91,78.55,32.35,21.57,44.72,7.47,63.17,Black Gram (Urd Beans)(Whole)
83.28,52.65,37.59,25.64,66.83,6.5,83.18,Bhindi(Ladies Finger)
18.53,133.66,201.94,28.47,84.6,6.05,69.8,Grapes
15.39,55.12,15.71,25.07,69.27,6.77,52.3,Green Gram (Moong)(Whole)
25.93,63.38,34.24,16.75,31.0,7.2,99.35,Black Gram (Urd Beans)(Whole)
92.18,68.82,46.5,20.05,77.64,7.07,180.72,Banana
31.44,33.89,25.72,30.78,48.36,5.73,95.59,Mango
8.28,41.25,21.08,31.49,46.76,5.16,80.56,Mango
24.88,132.62,200.85,31.02,84.62,6.39,61.73,Grapes
92.68,50.58,52.81,24.35,68.5,7.22,109.5,Bhindi(Ladies Finger)
20.09,122.31,198.0,31.03,83.95,6.13,64.39,Grapes
12.71,126.78,188.49,30.69,81.14,6.12,60.64,Grapes
84.3,57.18,36.1,23.55,58.13,6.25,94.04,Apple
26.8,43.28,20.5,25.66,57.02,5.44,92.91,Mango
12.63,69.81,35.85,27.38,55.12,6.1,92.97,Arhar (Tur/Red Gram)(Whole)
2.34,16.43,38.51,17.6,88.67,5.74,111.52,Pomegranate
3.08,20.36,33.45,20.1,94.39,5.66,103.21,Pomegranate
77.55,54.38,44.43,24.86,87.39,6.85,243.88,Rice
99.28,32.17,22.64,23.45,65.03,6.81,94.88,Apple
39.58,54.69,20.42,28.69,68.07,6.99,62.72,Green Gram (Moong)(Whole)
8.37,26.61,38.59,17.26,86.85,6.47,100.74,Pomegranate
91.15,75.66,48.1,24.72,79.68,6.87,187.65,Banana
20.57,58.37,15.19,25.2,76.51,7.3,57.43,Green Gram (Moong)(Whole)
94.46,51.92,44.8,25.39,77.55,6.82,95.31,Bhindi(Ladies Finger)
47.35,78.24,36.9,19.75,57.67,6.78,63.9,Black Gram (Urd Beans)(Whole)
2.9,56.38,24.39,26.57,54.41,5.23,87.94,Mango
70.16,46.32,42.67,25.16,84.2,6.84,260.42,Rice
48.9,78.87,69.44,15.88,25.98,6.58,97.66,Black Gram (Urd Beans)(Whole)
101.47,75.13,46.21,23.14,83.75,7.11,174.47,Banana
36.4,79.34,30.6,15.61,22.69,6.78,97.93,Black Gram (Urd Beans)(Whole)
19.63,126.13,191.0,30.71,82.59,6.19,61.4,Grapes
27.5,69.15,24.63,15.71,15.04,5.59,97.17,Arhar (Tur/Red Gram)(Whole)
11.85,52.57,17.02,32.86,72.28,7.09,76.27,Green Gram (Moong)(Whole)
13.43,26.31,29.24,25.05,45.65,5.62,92.43,Mango
78.12,45.45,41.25,23.61,85.55,7.39,201.8,Rice
25.89,142.67,194.93,29.79,84.77,6.43,60.56,Grapes
24.18,74.81,37.46,21.99,34.31,6.18,81.27,Arhar (Tur/Red Gram)(Whole)
22.59,70.63,25.33,26.81,61.4,5.7,138.9,Arhar (Tur/Red Gram)(Whole)
18.12,124.43,191.66,28.71,77.09,6.33,71.82,Grapes
5.35,19.68,30.37,20.71,91.63,6.13,105.46,Pomegranate
12.64,29.47,36.46,17.25,85.69,6.12,109.99,Pomegranate
7.17,28.62,33.58,18.31,86.71,5.57,106.57,Pomegranate
32.35,39.58,22.87,28.78,55.34,4.65,90.88,Mango
21.28,58.71,19.57,33.11,71.44,6.84,70.35,Green Gram (Moong)(Whole)
11.14,27.68,37.11,19.13,94.27,5.5,113.85,Pomegranate
94.22,64.45,47.91,24.32,75.23,7.31,94.86,Bhindi(Ladies Finger)
89.2,37.23,20.06,20.77,57.02,5.82,64.77,Apple
35.22,51.01,15.52,31.14,77.9,7.01,52.27,Green Gram (Moong)(Whole)
19.85,59.46,21.79,26.84,71.65,6.53,51.2,Green Gram (Moong)(Whole)
4.93,30.97,22.65,32.01,52.22,5.58,85.11,Mango
7.38,16.96,31.45,15.73,94.33,5.58,109.14,Pomegranate
74.95,54.54,25.27,23.03,66.46,6.37,99.45,Apple
100.83,86.48,48.8,28.04,81.81,6.23,211.6,Banana
27.88,55.28,34.56,30.7,55.82,4.58,92.61,Mango
20.05,55.01,18.15,25.25,62.11,6.86,62.9,Green Gram (Moong)(Whole)
10.25,134.57,200.87,28.38,82.3,6.44,72.36,Grapes
36.42,67.88,18.01,25.39,16.29,5.56,101.3,Arhar (Tur/Red Gram)(Whole)
7.73,17.28,30.48,19.07,87.48,6.49,107.56,Pomegranate
29.67,76.96,70.94,24.96,44.39,7.33,82.94,Black Gram (Urd Beans)(Whole)
28.31,74.35,37.38,29.33,48.86,6.05,84.19,Arhar (Tur/Red Gram)(Whole)
100.28,63.99,44.68,22.74,77.88,6.27,101.21,Banana
42.75,64.19,43.89,20.26,23.9,7.31,138.12,Black Gram (Urd Beans)(Whole)
16.28,146.59,200.99,28.74,80.93,6.17,61.62,Grapes
64.97,48.01,44.59,20.49,80.25,7.05,254.34,Rice
68.93,54.1,40.7,26.57,88.66,7.08,269.88,Rice
96.79,54.98,20.4,22.95,64.18,5.83,65.13,Apple
48.88,65.87,53.47,22.79,28.57,7.0,118.33,Black Gram (Urd Beans)(Whole)
19.89,57.3,16.88,25.35,72.91,7.32,75.93,Green Gram (Moong)(Whole)
7.94,17.74,30.08,20.42,91.72,5.73,109.99,Pomegranate
86.87,54.52,22.96,23.38,68.92,6.71,83.58,Apple
95.45,72.33,44.66,29.87,76.07,5.97,187.31,Banana
9.29,24.29,30.29,20.39,85.05,6.47,100.26,Pomegranate
6.05,28.26,37.41,16.73,94.59,5.52,103.76,Pomegranate
71.74,36.8,32.39,24.82,58.9,5.69,76.75,Apple
38.72,56.31,22.39,28.98,65.14,7.43,53.88,Green Gram (Moong)(Whole)
62.74,44.21,43.77,23.16,82.49,6.46,290.55,Rice
78.59,48.54,39.35,29.02,66.12,7.37,106.01,Bhindi(Ladies Finger)
45.48,64.33,25.33,20.74,60.14,6.6,87.18,Black Gram (Urd Beans)(Whole)
22.05,127.88,184.98,30.98,78.54,6.42,74.34,Grapes
99.79,91.93,42.62,27.75,79.41,7.24,194.18,Banana
36.34,58.54,19.53,29.73,69.9,7.31,57.86,Green Gram (Moong)(Whole)
28.7,55.57,20.45,31.2,76.26,6.64,61.96,Green Gram (Moong)(Whole)
47.99,75.85,20.89,18.47,39.14,6.75,120.53,Black Gram (Urd Beans)(Whole)
98.97,62.5,46.62,23.73,76.98,7.36,174.02,Banana
34.59,71.7,39.75,21.74,38.23,7.3,124.65,Black Gram (Urd Beans)(Whole)
61.28,44.36,43.43,22.74,83.9,6.97,269.49,Rice
92.37,91.89,41.37,24.83,75.59,6.41,199.42,Banana
32.27,62.84,39.17,22.24,57.05,5.77,106.28,Arhar (Tur/Red Gram)(Whole)
73.25,49.99,40.22,24.43,83.92,6.43,268.18,Rice
89.31,62.63,38.54,23.44,72.01,6.25,103.65,Bhindi(Ladies Finger)
102.4,92.21,49.01,29.3,80.36,6.85,201.81,Banana
73.24,41.6,40.46,26.47,81.43,6.77,264.53,Rice
37.43,50.52,31.28,26.9,51.7,4.71,86.91,Mango
22.29,63.17,40.86,26.92,38.23,6.81,70.19,Black Gram (Urd Beans)(Whole)
25.84,124.38,184.02,29.28,75.1,6.22,73.07,Grapes
84.19,61.64,38.55,22.98,75.23,7.27,81.33,Bhindi(Ladies Finger)
85.51,45.13,42.06,29.56,66.83,7.4,82.57,Bhindi(Ladies Finger)
61.17,49.53,43.4,23.55,82.23,7.24,261.28,Rice
42.12,73.46,36.88,17.49,39.03,6.48,126.69,Arhar (Tur/Red Gram)(Whole)
89.12,45.15,36.59,23.13,72.5,6.75,85.03,Bhindi(Ladies Finger)
12.98,26.44,37.89,18.9,86.81,5.9,111.25,Pomegranate
25.64,34.44,20.88,30.38,50.87,5.22,90.19,Mango
93.75,53.04,36.2,22.13,55.75,6.41,72.37,Apple
92.43,78.44,47.95,29.54,82.83,6.95,220.75,Banana
98.93,88.29,49.94,27.8,78.35,6.6,209.87,Banana
61.8,53.37,43.87,22.09,81.77,7.01,270.04,Rice
23.92,73.82,30.29,27.44,64.78,5.54,112.07,Arhar (Tur/Red Gram)(Whole)
54.93,78.21,71.5,20.68,61.68,7.46,100.65,Black Gram (Urd Beans)(Whole)
77.29,60.18,35.36,25.32,66.61,6.14,89.25,Bhindi(Ladies Finger)
17.34,71.88,39.13,23.52,20.93,5.64,95.74,Arhar (Tur/Red Gram)(Whole)
11.84,24.82,38.42,20.75,94.49,6.05,114.32,Pomegranate
78.93,61.15,35.79,28.49,70.95,7.23,101.03,Bhindi(Ladies Finger)
81.11,46.22,20.98,22.81,51.68,6.07,76.49,Apple
88.68,87.71,48.54,27.23,80.73,7.44,181.98,Banana
23.82,130.64,204.08,31.23,82.05,6.39,62.69,Grapes
28.98,65.09,30.49,15.57,17.02,6.53,109.52,Black Gram (Urd Beans)(Whole)
6.1,25.96,31.59,15.15,92.85,6.33,107.83,Pomegranate
91.74,63.51,36.75,28.59,79.84,6.74,108.01,Bhindi(Ladies Finger)
42.18,63.08,29.13,25.99,25.62,6.62,92.19,Black Gram (Urd Beans)(Whole)
85.41,77.0,44.4,25.53,77.82,6.34,115.35,Banana
23.21,139.27,194.49,31.74,83.2,6.13,78.43,Grapes
29.77,33.14,26.58,30.33,48.01,5.77,81.21,Mango
63.11,54.32,44.2,22.93,81.72,7.19,210.9,Rice
68.37,48.58,44.65,24.9,88.1,6.48,226.9,Rice
40.83,71.49,33.92,22.7,29.53,6.4,107.05,Arhar (Tur/Red Gram)(Whole)
70.91,55.56,42.53,28.0,77.16,6.82,84.5,Bhindi(Ladies Finger)
72.84,52.66,41.12,25.25,81.72,6.86,208.58,Rice
25.39,132.53,185.98,30.55,78.21,6.45,78.32,Grapes
22.89,59.73,22.85,25.39,67.13,6.89,66.22,Green Gram (Moong)(Whole)
19.24,54.13,15.36,34.84,62.01,6.71,40.53,Green Gram (Moong)(Whole)
38.56,26.83,30.0,32.59,58.75,5.0,88.53,Mango
92.2,56.26,35.91,24.67,69.21,7.41,94.38,Bhindi(Ladies Finger)
26.96,74.82,28.36,16.34,38.27,6.3,86.78,Arhar (Tur/Red Gram)(Whole)
64.62,37.34,40.09,22.41,88.71,6.44,287.62,Rice
17.86,127.46,193.15,28.16,78.32,6.12,79.58,Grapes
31.96,22.22,26.25,30.51,47.9,6.38,95.74,Mango
20.67,50.47,19.1,27.53,77.2,7.27,47.59,Green Gram (Moong)(Whole)
17.7,57.58,16.02,29.59,70.58,7.34,43.57,Green Gram (Moong)(Whole)
35.31,56.36,28.57,33.72,50.97,4.69,95.48,Mango
80.63,57.15,39.72,21.31,66.58,6.81,82.3,Apple
38.63,62.03,34.98,23.92,23.64,5.65,101.92,Arhar (Tur/Red Gram)(Whole)
29.81,29.3,22.53,25.05,49.91,5.47,92.02,Mango
99.94,65.43,41.84,23.77,82.37,7.4,91.27,Banana
4.62,28.23,39.21,22.33,88.51,5.74,109.51,Pomegranate
38.95,69.82,40.42,18.42,27.64,7.05,142.51,Black Gram (Urd Beans)(Whole)
35.2,69.69,35.3,20.81,16.84,5.86,88.72,Arhar (Tur/Red Gram)(Whole)
50.43,66.18,21.57,17.17,35.72,7.32,126.85,Black Gram (Urd Beans)(Whole)
11.07,140.33,198.49,31.51,75.13,6.2,63.01,Grapes
12.41,70.02,17.04,25.61,50.06,5.54,86.92,Arhar (Tur/Red Gram)(Whole)
12.02,36.15,28.99,33.02,58.65,6.2,97.86,Mango
77.02,39.65,25.66,22.21,52.46,6.42,65.22,Apple
88.26,82.17,49.29,20.65,77.33,6.38,179.3,Banana
102.24,86.66,49.57,26.96,82.21,6.6,149.59,Banana
96.73,36.62,37.47,24.29,57.96,6.85,70.24,Apple
86.89,76.8,45.85,29.59,84.61,5.78,216.03,Banana
64.66,42.01,43.81,22.69,88.47,6.62,261.17,Rice
38.81,64.54,49.19,17.08,65.1,7.11,117.75,Black Gram (Urd Beans)(Whole)
5.86,59.88,24.25,26.52,46.95,4.99,92.94,Mango
26.96,130.55,206.15,30.2,83.43,6.04,61.65,Grapes
21.85,124.38,188.94,28.98,79.45,6.31,74.69,Grapes
71.65,58.29,45.23,25.15,73.61,6.99,100.97,Bhindi(Ladies Finger)
35.7,47.4,20.38,31.68,47.58,4.89,83.77,Mango
19.69,129.83,182.58,29.95,81.67,6.19,77.2,Grapes
14.11,63.61,17.59,22.05,17.67,6.28,137.41,Arhar (Tur/Red Gram)(Whole)
85.6,47.11,21.25,23.35,68.93,6.8,69.72,Apple
69.55,45.55,43.53,22.73,82.76,6.29,217.29,Rice
26.08,143.29,187.59,30.53,84.78,6.27,78.46,Grapes
61.6,49.06,41.88,24.22,89.85,7.42,240.48,Rice
76.21,37.01,44.39,20.72,87.01,6.73,209.55,Rice
103.11,87.19,46.11,22.75,75.24,7.47,189.21,Banana
86.17,39.07,29.58,23.41,63.46,5.79,67.41,Apple
94.75,72.18,41.99,29.94,80.83,6.35,201.03,Banana
50.08,72.61,46.95,17.91,29.95,6.72,139.18,Black Gram (Urd Beans)(Whole)
67.39,41.5,43.66,23.92,89.28,7.44,270.92,Rice
23.15,127.6,207.15,29.19,84.96,6.32,61.55,Grapes
98.15,78.26,42.65,28.43,76.16,5.87,214.41,Banana
3.07,19.16,33.49,16.73,85.06,6.14,119.54,Pomegranate
6.29,17.0,32.74,19.2,94.17,5.54,109.3,Pomegranate
30.23,61.25,16.56,16.01,26.38,5.76,134.3,Arhar (Tur/Red Gram)(Whole)
12.59,137.39,208.98,28.8,78.28,6.42,79.02,Grapes
70.96,43.27,43.0,21.39,87.77,6.6,298.84,Rice
7.96,16.43,34.76,16.76,89.44,6.26,112.32,Pomegranate
13.43,136.97,192.21,30.09,84.93,6.05,64.62,Grapes
81.9,49.66,35.36,25.69,78.42,7.2,88.98,Bhindi(Ladies Finger)
81.15,55.15,29.38,21.03,53.05,6.77,78.58,Apple
91.9,75.84,43.23,28.24,83.92,6.93,129.88,Banana
3.1,25.31,38.75,21.24,90.69,6.43,114.89,Pomegranate
77.66,46.86,41.8,24.66,81.06,7.33,207.3,Rice
9.19,18.58,37.14,16.99,85.67,6.2,109.17,Pomegranate
89.36,88.46,49.68,25.66,76.79,6.56,93.09,Banana
93.67,67.72,44.39,29.69,83.24,7.35,204.51,Banana
35.75,66.97,65.49,22.17,16.47,7.28,79.07,Black Gram (Urd Beans)(Whole)
71.93,54.0,42.31,28.52,72.53,7.22,103.28,Bhindi(Ladies Finger)
76.39,43.33,41.38,22.14,85.76,6.28,291.25,Rice
28.4,65.47,17.34,24.49,40.25,6.39,107.3,Arhar (Tur/Red Gram)(Whole)
2.99,26.34,34.58,20.6,88.82,5.79,102.44,Pomegranate
90.72,43.09,32.08,21.13,56.97,6.52,83.31,Apple
43.45,67.25,29.85,24.11,24.21,5.67,116.42,Arhar (Tur/Red Gram)(Whole)
39.65,56.46,19.12,32.3,63.35,7.27,64.04,Green Gram (Moong)(Whole)
53.4,70.55,38.34,16.68,53.49,7.4,93.17,Black Gram (Urd Beans)(Whole)
96.04,88.65,43.04,26.88,79.14,6.94,168.06,Banana
54.74,75.23,69.63,17.93,52.44,7.11,128.53,Black Gram (Urd Beans)(Whole)
72.95,41.06,34.18,20.78,64.56,6.3,87.48,Apple
94.52,50.82,52.94,25.73,70.82,7.35,97.48,Bhindi(Ladies Finger)
96.74,94.58,44.42,26.88,80.67,5.56,219.24,Banana
21.35,72.61,30.17,27.42,22.2,6.31,80.53,Arhar (Tur/Red Gram)(Whole)
99.27,51.04,34.34,22.74,68.34,5.78,68.39,Apple
12.12,52.55,17.07,31.6,66.39,6.95,61.85,Green Gram (Moong)(Whole)
38.67,58.7,27.52,29.55,54.21,4.93,80.01,Mango
42.51,62.8,39.2,15.78,31.42,6.13,122.46,Arhar (Tur/Red Gram)(Whole)
38.48,56.2,23.06,33.22,65.09,6.61,75.46,Green Gram (Moong)(Whole)
33.2,73.63,55.63,23.02,47.57,7.15,65.28,Black Gram (Urd Beans)(Whole)
25.34,61.97,64.96,22.95,54.57,7.04,68.67,Black Gram (Urd Beans)(Whole)
16.22,45.05,31.94,33.82,53.05,6.48,85.56,Mango
70.36,46.95,36.48,23.29,60.39,6.73,81.57,Apple
73.26,47.88,47.75,27.19,66.1,7.44,88.41,Bhindi(Ladies Finger)
67.21,45.45,42.25,25.13,80.25,6.74,245.39,Rice
20.16,73.39,30.55,19.91,60.49,5.74,113.01,Arhar (Tur/Red Gram)(Whole)
17.68,51.27,22.69,26.65,74.22,7.19,60.47,Green Gram (Moong)(Whole)
22.64,53.85,27.57,27.8,57.25,6.29,96.54,Mango
33.83,63.22,27.02,16.32,60.87,5.53,129.34,Arhar (Tur/Red Gram)(Whole)
40.78,68.89,23.1,19.7,40.08,6.18,91.29,Arhar (Tur/Red Gram)(Whole)
71.5,47.79,36.58,23.96,65.39,7.17,107.14,Bhindi(Ladies Finger)
88.6,57.44,42.42,26.16,76.95,7.15,88.24,Bhindi(Ladies Finger)
90.07,91.9,46.36,29.73,75.14,5.66,123.63,Banana
37.95,20.32,30.38,31.37,50.69,5.86,99.28,Mango
12.52,63.09,39.16,22.41,59.94,6.18,108.97,Arhar (Tur/Red Gram)(Whole)
26.14,57.48,23.19,26.01,60.85,6.65,55.29,Green Gram (Moong)(Whole)
91.72,47.85,33.46,23.02,60.11,6.98,61.3,Apple
89.4,88.76,42.39,28.94,76.63,5.6,127.31,Banana
20.49,129.98,205.53,30.47,80.82,6.42,62.52,Grapes
80.0,39.28,20.05,23.11,62.68,5.87,70.47,Apple
12.99,26.2,34.5,23.6,90.79,5.81,118.68,Pomegranate
15.42,134.51,206.21,30.16,84.74,6.44,76.55,Grapes
33.25,64.12,19.26,19.73,29.6,6.01,137.59,Arhar (Tur/Red Gram)(Whole)
27.56,136.7,209.13,29.6,79.88,6.05,60.84,Grapes
39.44,29.8,24.97,28.83,50.43,5.8,84.7,Mango
8.26,25.83,32.86,20.7,89.35,6.36,114.82,Pomegranate
21.44,53.94,15.41,30.12,75.96,7.22,72.29,Green Gram (Moong)(Whole)
24.4,61.75,29.57,26.52,58.27,6.43,102.92,Arhar (Tur/Red Gram)(Whole)
96.48,89.88,44.01,21.22,80.28,5.86,99.72,Banana
74.64,39.01,42.23,20.48,89.72,6.18,283.12,Rice
89.81,41.05,28.19,20.69,68.98,6.9,92.22,Apple
44.73,61.23,32.5,16.14,45.3,6.36,131.67,Arhar (Tur/Red Gram)(Whole)
62.65,50.0,40.92,24.76,86.69,6.57,266.45,Rice
25.51,142.75,196.8,30.42,79.19,6.0,79.65,Grapes
22.0,73.87,22.05,17.41,23.43,6.3,89.42,Arhar (Tur/Red Gram)(Whole)
14.5,22.44,38.42,22.24,89.27,5.95,112.77,Pomegranate
18.12,67.98,39.33,28.34,17.86,5.82,126.38,Arhar (Tur/Red Gram)(Whole)
14.54,23.12,34.0,21.41,94.45,5.9,101.8,Pomegranate
75.22,44.84,42.49,20.37,85.2,7.45,279.91,Rice
49.01,64.86,37.45,22.32,15.6,7.49,64.99,Black Gram (Urd Beans)(Whole)
103.66,94.38,42.67,20.6,75.54,6.13,142.49,Banana
96.39,60.11,48.58,21.04,75.42,5.51,118.59,Banana
36.21,52.2,17.18,33.5,72.43,7.04,50.52,Green Gram (Moong)(Whole)
100.15,60.12,48.07,25.47,81.23,6.15,173.25,Banana
6.98,24.6,30.88,23.46,88.72,5.84,115.47,Pomegranate
73.64,45.83,33.44,24.86,69.81,5.98,74.42,Apple
32.59,62.3,19.6,28.3,60.67,6.3,105.75,Arhar (Tur/Red Gram)(Whole)
53.14,64.92,52.62,22.24,18.89,6.64,138.15,Black Gram (Urd Beans)(Whole)
71.67,60.36,48.04,28.77,79.81,6.32,80.1,Bhindi(Ladies Finger)
44.55,63.09,29.6,27.54,18.45,6.28,84.24,Arhar (Tur/Red Gram)(Whole)
17.56,41.53,23.44,33.9,45.05,5.33,94.75,Mango
72.3,35.63,21.15,24.89,69.18,6.97,62.07,Apple
29.23,68.04,63.37,20.54,47.93,6.91,91.12,Black Gram (Urd Beans)(Whole)
76.52,64.14,49.23,26.82,72.32,6.32,88.93,Bhindi(Ladies Finger)
47.79,71.1,26.15,21.71,59.63,7.12,63.69,Black Gram (Urd Beans)(Whole)
18.55,67.59,37.69,20.88,26.13,6.17,138.59,Arhar (Tur/Red Gram)(Whole)
6.05,23.4,37.48,17.02,90.3,6.05,112.11,Pomegranate
94.9,59.01,44.95,20.85,76.44,6.94,94.72,Banana
86.2,91.19,41.8,22.58,82.51,7.12,195.84,Banana
25.16,120.53,203.53,31.82,78.2,6.37,69.87,Grapes
20.84,138.6,210.0,28.36,79.9,6.13,61.78,Grapes
95.19,91.68,47.3,25.14,84.42,6.23,197.94,Banana
11.7,56.69,17.74,32.45,77.78,6.85,60.47,Green Gram (Moong)(Whole)
94.97,56.48,43.25,23.78,70.04,6.54,106.31,Bhindi(Ladies Finger)
39.27,72.74,37.62,24.74,66.9,6.55,144.5,Black Gram (Urd Beans)(Whole)
26.2,136.65,190.99,30.65,78.36,6.45,63.37,Grapes
33.13,54.96,18.1,29.19,80.44,7.38,69.73,Green Gram (Moong)(Whole)
101.38,58.25,47.51,21.97,84.78,5.66,226.71,Banana
90.1,50.55,50.07,26.97,66.33,7.24,87.77,Bhindi(Ladies Finger)
26.16,73.97,73.9,23.09,17.92,7.27,83.19,Black Gram (Urd Beans)(Whole)
99.31,34.79,23.39,21.69,67.15,6.1,78.16,Apple
93.83,55.26,34.26,21.54,67.04,6.44,89.53,Apple
35.91,21.99,24.48,27.62,51.82,5.28,84.81,Mango
77.18,35.29,34.56,22.45,63.58,5.76,61.65,Apple
73.94,63.61,39.55,27.8,66.47,6.63,85.12,Bhindi(Ladies Finger)
29.94,143.35,202.58,28.82,83.2,6.08,68.05,Grapes
27.15,36.2,22.63,33.53,55.81,5.06,84.05,Mango
27.15,59.97,24.71,26.28,69.92,7.16,52.01,Green Gram (Moong)(Whole)
89.39,45.67,33.6,24.59,64.79,6.67,64.77,Apple
83.7,55.67,25.97,22.98,67.89,6.57,66.36,Apple
39.46,58.02,17.48,31.16,67.5,6.83,71.85,Green Gram (Moong)(Whole)
96.77,43.78,32.03,20.13,53.77,6.27,83.2,Apple
2.12,30.52,20.21,30.38,52.75,5.09,87.89,Mango
72.78,32.07,23.81,24.52,57.28,6.26,96.98,Apple
94.9,58.67,23.23,25.0,59.1,6.48,80.76,Apple
4.41,21.33,39.46,24.87,93.33,6.44,108.69,Pomegranate
85.92,93.42,47.92,25.94,76.2,6.42,91.0,Banana
16.1,122.02,186.81,31.65,83.02,6.31,62.32,Grapes
68.14,45.69,42.33,22.69,80.21,7.49,276.18,Rice
74.35,47.7,40.01,20.08,87.7,6.01,282.92,Rice
18.28,149.2,186.57,28.8,81.36,6.43,78.73,Grapes
98.62,76.5,49.35,20.36,79.13,7.03,198.1,Banana
36.59,44.66,30.22,33.31,55.98,4.51,83.59,Mango
69.32,48.67,44.78,20.71,87.42,7.1,267.17,Rice
78.77,51.21,20.81,20.88,65.51,5.63,95.62,Apple
49.83,62.81,44.81,22.22,67.84,7.13,95.77,Black Gram (Urd Beans)(Whole)
69.3,47.05,40.28,24.58,85.99,6.81,210.41,Rice
12.65,70.75,16.54,29.9,49.82,5.92,111.25,Arhar (Tur/Red Gram)(Whole)
20.5,136.43,202.85,29.87,80.66,6.44,76.57,Grapes
88.24,72.63,49.59,28.86,84.19,6.39,182.65,Banana
14.54,130.93,199.23,30.44,82.76,6.22,77.92,Grapes
98.98,80.19,49.68,29.42,81.2,6.16,216.07,Banana
22.12,69.87,70.31,24.96,33.49,7.15,76.99,Black Gram (Urd Beans)(Whole)
38.19,52.38,15.77,30.27,63.26,6.54,65.26,Green Gram (Moong)(Whole)
84.5,58.8,54.92,28.44,78.24,6.71,100.43,Bhindi(Ladies Finger)
14.69,16.28,34.21,15.33,86.6,5.78,111.16,Pomegranate
28.11,34.69,32.32,31.49,51.93,5.51,95.63,Mango
90.79,58.11,45.47,22.33,77.81,6.52,84.1,Bhindi(Ladies Finger)
14.77,50.34,15.96,29.47,75.5,6.79,65.61,Green Gram (Moong)(Whole)
14.85,25.58,37.66,22.15,85.06,6.35,119.92,Pomegranate
80.34,58.54,41.27,24.99,73.49,6.46,102.2,Bhindi(Ladies Finger)
28.34,67.92,19.65,17.96,35.69,5.73,121.23,Arhar (Tur/Red Gram)(Whole)
80.63,58.57,23.36,22.58,64.83,5.8,78.44,Apple
77.05,56.27,54.69,22.6,72.78,6.04,97.15,Bhindi(Ladies Finger)
70.33,44.08,40.64,20.9,84.04,6.94,292.3,Rice
91.07,76.49,41.11,27.15,80.72,7.23,157.76,Banana
63.36,39.17,41.57,22.58,89.48,6.75,296.14,Rice
5.58,19.48,39.21,22.61,91.06,5.66,116.12,Pomegranate
21.9,32.89,30.8,25.21,54.9,4.73,83.43,Mango
95.3,94.4,46.88,28.95,83.24,5.66,131.92,Banana
6.73,20.23,31.11,20.56,90.4,6.16,102.72,Pomegranate
93.62,61.14,45.86,29.84,69.73,6.45,109.53,Bhindi(Ladies Finger)
7.93,26.93,38.27,16.28,91.73,6.22,102.6,Pomegranate
24.73,131.94,188.88,29.47,79.5,6.06,70.21,Grapes
19.11,141.87,183.69,30.31,82.07,6.44,67.17,Grapes
44.8,73.24,29.46,16.19,53.7,6.28,85.1,Arhar (Tur/Red Gram)(Whole)
78.83,38.88,44.13,26.39,89.46,7.04,252.37,Rice
77.89,34.71,25.05,24.52,64.25,5.76,71.77,Apple
31.14,53.69,20.05,26.33,83.85,6.58,69.75,Green Gram (Moong)(Whole)
18.94,53.86,15.22,33.59,67.21,6.66,54.39,Green Gram (Moong)(Whole)
73.56,36.69,42.52,26.11,83.38,6.26,216.83,Rice
16.67,142.96,198.54,31.4,78.7,6.45,60.78,Grapes
94.11,52.05,37.56,21.88,54.61,6.13,74.32,Apple
88.95,45.37,45.16,29.63,69.61,6.79,107.56,Bhindi(Ladies Finger)
65.6,35.5,43.4,24.45,83.37,6.2,210.35,Rice
81.67,40.88,30.11,24.91,52.47,6.85,92.4,Apple
3.16,29.74,38.29,23.51,86.98,5.71,116.6,Pomegranate
81.03,31.26,38.13,21.36,66.3,6.87,62.08,Apple
29.73,52.45,21.59,28.44,68.17,6.88,66.14,Green Gram (Moong)(Whole)
53.4,75.78,75.42,18.02,17.57,7.0,88.95,Black Gram (Urd Beans)(Whole)
96.62,82.04,47.47,29.14,78.01,6.38,147.15,Banana
71.75,36.1,21.86,22.47,50.56,6.15,86.46,Apple
82.43,59.31,35.8,27.95,69.24,7.01,85.3,Bhindi(Ladies Finger)
10.17,18.27,38.72,24.74,86.66,6.15,101.34,Pomegranate
29.98,149.06,186.72,28.68,83.64,6.24,64.87,Grapes
45.31,72.07,43.86,18.03,28.37,6.54,120.65,Black Gram (Urd Beans)(Whole)
62.05,36.3,40.75,21.24,89.09,6.97,284.99,Rice
52.81,64.09,23.06,27.01,32.23,7.35,97.95,Black Gram (Urd Beans)(Whole)
81.5,57.39,51.12,25.25,76.49,6.75,109.06,Bhindi(Ladies Finger)
14.07,27.84,30.9,22.13,91.05,6.07,111.73,Pomegranate
102.29,61.05,44.71,23.73,79.47,6.88,221.77,Banana
75.06,42.89,44.89,21.92,85.24,6.6,278.48,Rice
21.06,50.36,20.9,33.32,54.54,6.07,85.78,Mango
86.96,32.4,38.32,20.84,62.68,5.86,82.99,Apple
44.85,74.68,28.72,28.03,17.97,5.73,81.77,Arhar (Tur/Red Gram)(Whole)
90.82,35.06,24.06,24.11,58.32,5.86,69.96,Apple
90.8,56.85,47.57,22.93,65.6,7.25,98.31,Bhindi(Ladies Finger)
13.29,20.58,35.37,18.96,85.31,6.24,108.38,Pomegranate
13.7,17.22,32.58,23.7,89.84,6.05,111.73,Pomegranate
33.4,62.93,34.84,17.58,61.12,5.91,115.43,Arhar (Tur/Red Gram)(Whole)
71.47,37.08,41.43,26.36,85.32,6.28,244.45,Rice
25.7,138.49,190.29,29.13,76.68,6.47,60.33,Grapes
59.29,61.35,73.14,25.52,16.99,6.73,103.02,Black Gram (Urd Beans)(Whole)
90.59,55.06,45.13,24.07,66.05,6.21,88.92,Bhindi(Ladies Finger)
43.81,66.55,26.29,23.9,25.08,6.58,121.2,Black Gram (Urd Beans)(Whole)
70.94,37.28,42.51,20.99,83.03,7.47,234.25,Rice
28.27,122.17,188.97,28.75,83.92,6.01,75.11,Grapes
95.83,70.08,46.47,20.75,81.19,6.75,97.04,Banana
97.96,63.67,49.01,25.58,80.96,6.16,220.46,Banana
76.25,50.9,24.64,22.53,67.42,6.65,83.04,Apple
35.32,64.69,77.02,18.16,56.88,7.01,124.36,Black Gram (Urd Beans)(Whole)
12.1,23.32,32.24,25.54,52.73,5.66,94.14,Mango
89.81,52.08,53.89,22.03,78.92,6.84,107.85,Bhindi(Ladies Finger)
99.01,82.07,45.21,21.99,83.38,6.3,162.34,Banana
24.36,54.25,21.72,34.5,76.06,7.09,49.28,Green Gram (Moong)(Whole)
34.1,73.47,75.44,26.58,23.66,6.73,71.86,Black Gram (Urd Beans)(Whole)
96.21,93.71,45.11,28.62,82.08,6.27,100.18,Banana
95.46,65.87,46.86,27.34,80.31,5.59,210.25,Banana
8.56,15.42,33.73,17.59,90.9,6.27,119.15,Pomegranate
59.79,61.87,39.74,27.29,38.09,6.94,132.75,Black Gram (Urd Beans)(Whole)
78.07,49.94,40.24,20.41,87.09,7.27,290.49,Rice
59.36,69.87,44.27,22.19,43.42,7.33,109.6,Black Gram (Urd Beans)(Whole)
12.62,147.83,182.77,28.36,79.16,6.22,68.3,Grapes
83.8,35.24,27.49,23.61,57.62,6.78,94.9,Apple
44.62,67.29,26.1,17.84,40.38,6.29,126.98,Arhar (Tur/Red Gram)(Whole)
6.22,23.46,33.73,19.47,88.3,6.2,119.92,Pomegranate
70.11,46.64,44.84,20.6,89.61,6.74,264.25,Rice
44.94,74.99,26.59,26.82,53.25,5.72,114.94,Arhar (Tur/Red Gram)(Whole)
96.33,33.38,26.75,22.46,60.48,6.57,71.34,Apple
10.34,23.89,33.72,17.48,85.33,5.58,113.41,Pomegranate
14.87,23.1,37.47,23.9,86.09,6.35,107.85,Pomegranate
85.13,58.63,23.14,21.16,56.14,6.97,86.34,Apple
2.62,25.78,37.1,24.58,88.9,5.6,102.52,Pomegranate
65.13,43.17,41.88,23.34,80.69,6.25,254.2,Rice
94.45,90.74,44.31,20.12,84.12,6.34,212.62,Banana
34.47,54.51,15.03,28.52,79.43,6.81,47.33,Green Gram (Moong)(Whole)
13.34,17.59,30.54,20.36,89.56,6.15,100.09,Pomegranate
7.55,21.54,37.3,24.82,90.57,5.81,112.92,Pomegranate
14.12,25.43,30.31,21.22,87.0,5.74,113.56,Pomegranate
13.92,72.24,30.24,15.74,58.31,5.81,86.09,Arhar (Tur/Red Gram)(Whole)
98.04,84.51,41.46,20.79,76.64,6.76,181.55,Banana
29.46,53.52,19.92,34.36,62.6,7.2,60.98,Green Gram (Moong)(Whole)
74.78,53.95,36.99,24.92,69.96,6.59,91.6,Bhindi(Ladies Finger)
12.47,24.35,33.02,18.53,92.77,6.14,112.76,Pomegranate
12.62,129.29,193.15,29.06,77.64,6.15,63.36,Grapes
96.33,94.46,48.13,21.37,82.69,7.16,210.92,Banana
67.7,50.36,42.99,22.83,81.57,6.55,262.33,Rice
21.59,140.82,189.85,28.45,78.06,6.2,73.41,Grapes
26.69,53.9,20.74,31.11,83.92,7.17,59.37,Green Gram (Moong)(Whole)
24.78,38.3,21.75,31.85,46.99,5.31,81.34,Mango
6.42,29.65,38.54,24.29,89.36,6.5,112.55,Pomegranate
93.0,82.6,42.6,26.46,77.67,5.58,123.14,Banana
81.84,43.55,28.2,21.36,68.2,6.52,97.89,Apple
36.9,52.57,17.82,34.02,73.14,6.66,60.57,Green Gram (Moong)(Whole)
2.9,29.52,30.1,15.4,85.69,6.18,115.24,Pomegranate
30.31,61.67,36.21,20.06,58.97,5.59,96.54,Arhar (Tur/Red Gram)(Whole)
29.85,143.79,188.66,30.83,76.66,6.15,60.49,Grapes
12.46,18.07,38.89,21.77,91.07,5.92,102.87,Pomegranate
25.93,79.85,38.01,16.41,58.21,7.46,89.76,Black Gram (Urd Beans)(Whole)
29.25,54.05,20.93,33.69,57.2,6.21,86.36,Mango
20.85,63.84,16.76,19.13,27.5,5.79,89.4,Arhar (Tur/Red Gram)(Whole)
45.02,62.87,53.04,22.82,16.54,7.27,121.84,Black Gram (Urd Beans)(Whole)
24.58,146.43,181.29,30.31,78.47,6.04,61.77,Grapes
43.32,77.19,71.71,21.59,18.67,7.04,110.33,Black Gram (Urd Beans)(Whole)
15.82,54.57,18.7,34.94,64.31,6.61,68.52,Green Gram (Moong)(Whole)
73.6,44.48,41.6,23.91,80.35,6.5,289.19,Rice
91.5,66.94,45.14,22.25,76.83,6.28,102.61,Banana
40.51,63.02,44.37,21.75,47.44,7.01,62.55,Black Gram (Urd Beans)(Whole)
34.14,69.9,29.95,17.85,15.16,6.02,83.84,Arhar (Tur/Red Gram)(Whole)
23.13,42.65,34.61,28.23,52.45,5.81,93.98,Mango
18.17,133.1,196.18,31.76,76.54,6.36,71.71,Grapes
8.84,15.14,39.36,23.34,94.14,5.87,119.89,Pomegranate
30.86,52.36,15.06,25.79,60.83,7.13,79.35,Green Gram (Moong)(Whole)
86.82,63.92,39.67,24.21,75.82,6.4,94.33,Bhindi(Ladies Finger)
79.84,54.77,52.68,27.79,76.12,6.56,84.17,Bhindi(Ladies Finger)
96.24,66.49,44.89,24.36,76.28,5.68,163.92,Banana
14.64,121.93,198.4,31.52,75.87,6.01,68.53,Grapes
12.73,143.35,190.35,29.0,82.73,6.2,76.64,Grapes
11.67,40.61,26.02,28.53,58.72,4.96,88.72,Mango
10.15,24.88,36.78,23.47,91.95,5.91,117.39,Pomegranate
83.54,53.64,23.79,21.18,64.8,6.41,93.85,Apple
29.49,137.02,207.1,31.16,77.07,6.33,79.79,Grapes
28.45,145.98,198.92,29.14,80.86,6.35,68.77,Grapes
11.18,21.35,37.94,19.45,93.9,5.8,110.19,Pomegranate
57.21,70.62,78.81,17.45,68.04,6.82,103.1,Black Gram (Urd Beans)(Whole)
27.51,131.92,192.45,30.53,82.88,6.34,64.35,Grapes
24.54,38.9,33.76,33.48,52.37,5.11,96.44,Mango
22.71,138.68,189.59,28.35,80.82,6.25,66.44,Grapes
18.07,71.97,29.54,22.48,29.65,5.55,108.78,Arhar (Tur/Red Gram)(Whole)
22.35,51.51,24.08,33.82,74.11,6.72,79.96,Green Gram (Moong)(Whole)
37.98,67.26,20.21,24.72,38.44,6.45,128.73,Arhar (Tur/Red Gram)(Whole)
74.49,53.37,21.2,23.04,61.1,6.13,80.14,Apple
28.95,78.53,71.59,23.53,26.62,7.24,129.51,Black Gram (Urd Beans)(Whole)
57.75,77.97,59.67,17.27,40.43,6.73,62.69,Black Gram (Urd Beans)(Whole)
78.99,54.31,30.91,22.67,54.03,6.7,61.42,Apple
89.2,65.33,46.69,29.45,79.49,6.79,110.98,Banana
26.62,147.38,198.93,30.0,78.29,6.27,70.82,Grapes
73.43,59.54,30.61,22.42,63.27,6.06,67.66,Apple
98.52,56.7,26.08,20.81,52.92,6.56,71.56,Apple
29.59,144.01,181.36,32.0,81.24,6.16,73.08,Grapes
93.48,64.14,38.31,23.33,68.98,7.29,91.13,Bhindi(Ladies Finger)
76.6,49.0,25.74,20.27,65.96,5.77,76.59,Apple
78.41,45.0,44.39,20.46,87.04,6.61,248.38,Rice
25.23,64.46,31.82,23.29,37.4,5.98,115.63,Arhar (Tur/Red Gram)(Whole)
57.4,76.71,26.92,16.74,27.23,7.15,98.82,Black Gram (Urd Beans)(Whole)
34.64,57.29,23.08,32.57,52.13,4.63,83.71,Mango
102.95,61.99,42.86,22.66,80.77,6.53,177.75,Banana
7.71,27.01,35.28,17.38,94.0,5.5,107.18,Pomegranate
26.83,74.53,35.7,28.83,18.07,6.24,96.29,Arhar (Tur/Red Gram)(Whole)
5.35,45.68,23.21,30.07,58.11,5.51,85.51,Mango
81.74,48.45,23.11,20.53,65.62,6.91,71.59,Apple
95.27,47.57,30.36,24.68,68.83,5.8,74.35,Apple
13.3,55.34,24.78,27.85,55.04,6.32,92.22,Mango
21.93,56.45,23.72,33.86,46.6,6.35,90.71,Mango
79.23,54.68,41.65,23.31,70.29,7.39,100.92,Bhindi(Ladies Finger)
87.14,37.64,31.63,24.42,64.98,5.76,62.04,Apple
38.46,74.9,53.56,24.19,57.0,6.66,113.36,Black Gram (Urd Beans)(Whole)
20.01,141.39,209.62,30.81,81.74,6.38,71.55,Grapes
43.03,73.02,16.18,21.81,58.13,5.86,119.0,Arhar (Tur/Red Gram)(Whole)
90.46,52.63,50.63,23.86,76.89,6.42,102.09,Bhindi(Ladies Finger)
15.08,31.58,25.95,34.63,45.58,5.89,83.95,Mango
12.16,68.65,29.52,26.13,63.66,5.93,134.47,Arhar (Tur/Red Gram)(Whole)
19.56,60.3,15.34,24.93,48.18,5.8,82.99,Arhar (Tur/Red Gram)(Whole)
72.77,62.16,51.64,22.75,79.54,6.11,103.57,Bhindi(Ladies Finger)
16.51,62.95,20.37,15.16,56.45,6.28,127.78,Arhar (Tur/Red Gram)(Whole)
15.16,135.0,199.68,31.96,80.7,6.1,60.86,Grapes
36.86,63.62,41.47,24.0,18.61,6.6,110.3,Black Gram (Urd Beans)(Whole)
96.18,43.28,33.03,21.31,58.9,6.08,87.49,Apple
21.26,61.92,30.78,23.18,37.33,5.7,132.41,Arhar (Tur/Red Gram)(Whole)
16.9,57.67,21.91,29.38,80.88,7.23,56.79,Green Gram (Moong)(Whole)
32.61,72.14,37.95,17.78,56.1,6.07,139.09,Arhar (Tur/Red Gram)(Whole)
4.98,26.36,37.07,21.45,94.22,5.65,119.96,Pomegranate
36.52,23.8,22.89,29.39,49.86,5.33,84.25,Mango
72.04,50.15,42.36,28.17,66.03,7.16,102.99,Bhindi(Ladies Finger)
32.35,60.19,26.72,15.18,33.16,6.53,102.58,Black Gram (Urd Beans)(Whole)
78.8,53.62,35.88,29.08,69.67,7.15,100.49,Bhindi(Ladies Finger)
21.11,66.83,34.94,19.17,66.0,7.17,88.8,Black Gram (Urd Beans)(Whole)
78.55,58.09,38.9,26.54,65.53,6.28,109.96,Bhindi(Ladies Finger)
94.46,48.81,35.69,29.67,76.66,7.12,93.62,Bhindi(Ladies Finger)
18.02,56.55,34.23,25.67,57.45,5.13,87.82,Mango
17.75,24.82,20.19,26.8,58.79,4.88,83.37,Mango
32.7,52.72,22.05,27.1,72.09,7.49,66.69,Green Gram (Moong)(Whole)
38.78,51.07,19.35,32.71,68.25,7.34,54.49,Green Gram (Moong)(Whole)
54.02,70.45,72.62,16.94,37.22,6.82,68.13,Black Gram (Urd Beans)(Whole)
86.2,59.61,46.28,21.99,81.44,6.64,112.97,Banana
30.21,52.81,23.55,34.63,62.83,6.94,48.2,Green Gram (Moong)(Whole)
91.59,57.02,34.39,21.94,58.27,5.52,83.46,Apple
32.65,55.41,21.04,34.48,74.51,6.61,78.93,Green Gram (Moong)(Whole)
7.01,28.01,38.19,24.26,92.37,6.21,109.27,Pomegranate
102.62,80.97,41.41,27.89,75.68,7.32,104.13,Banana
79.93,52.26,41.1,20.5,87.96,6.09,242.57,Rice
13.47,125.92,198.32,28.87,79.56,6.15,65.54,Grapes
56.24,70.82,57.33,23.5,56.73,6.69,144.24,Black Gram (Urd Beans)(Whole)
36.84,45.04,20.48,26.87,57.87,5.01,99.84,Mango
91.96,67.62,46.1,27.1,83.22,6.81,161.12,Banana
31.86,54.15,15.82,27.18,67.78,6.77,51.35,Green Gram (Moong)(Whole)
12.11,25.36,39.15,17.47,85.59,5.89,119.05,Pomegranate
13.66,56.18,17.75,27.8,67.93,7.39,44.32,Green Gram (Moong)(Whole)
11.93,19.91,36.85,22.7,88.88,5.57,115.11,Pomegranate
89.42,72.74,43.76,20.34,76.05,6.33,174.66,Banana
99.87,35.99,21.87,20.73,69.23,5.62,92.98,Apple
70.29,39.75,40.03,21.42,81.7,7.3,247.44,Rice
3.74,24.81,34.37,22.8,87.24,5.93,105.16,Pomegranate
73.92,63.09,39.95,25.69,67.15,6.16,98.08,Bhindi(Ladies Finger)
25.88,65.02,37.19,26.96,66.15,7.29,74.67,Black Gram (Urd Beans)(Whole)
22.81,71.86,16.38,21.54,17.52,5.9,97.89,Arhar (Tur/Red Gram)(Whole)
71.54,42.47,43.59,23.76,88.15,7.08,245.32,Rice
94.44,56.8,52.18,29.32,72.21,6.37,96.04,Bhindi(Ladies Finger)
61.07,36.34,42.45,20.69,84.6,7.43,293.75,Rice
75.22,55.39,36.92,21.15,67.1,5.95,86.92,Apple
42.65,70.41,30.58,21.51,47.01,6.07,113.39,Arhar (Tur/Red Gram)(Whole)
15.41,57.32,18.8,32.56,63.61,7.12,52.11,Green Gram (Moong)(Whole)
9.21,23.5,31.07,15.74,86.04,6.46,106.5,Pomegranate
102.23,58.36,48.45,21.78,83.79,7.35,208.54,Banana
77.84,57.48,51.06,23.83,78.95,6.61,84.64,Bhindi(Ladies Finger)
36.44,32.41,20.37,30.6,56.21,5.99,90.41,Mango
27.29,129.56,190.62,31.2,84.42,6.39,69.6,Grapes
32.96,54.2,19.13,34.49,81.51,7.04,42.37,Green Gram (Moong)(Whole)
43.7,70.64,35.36,29.3,59.92,5.93,91.0,Arhar (Tur/Red Gram)(Whole)
31.02,61.75,15.43,21.23,37.14,6.44,101.55,Arhar (Tur/Red Gram)(Whole)
15.45,120.7,191.48,30.28,84.15,6.09,66.24,Grapes
12.86,142.0,208.69,30.47,77.67,6.25,79.99,Grapes
80.11,45.82,41.22,29.38,79.28,6.52,100.23,Bhindi(Ladies Finger)
68.53,39.29,43.77,26.37,82.27,6.17,209.31,Rice
74.8,54.17,49.02,26.38,68.55,6.3,91.13,Bhindi(Ladies Finger)
95.69,30.8,34.19,24.18,53.94,6.35,62.78,Apple
76.91,52.68,42.78,21.15,84.57,6.99,240.33,Rice
50.8,60.01,20.61,24.76,55.03,7.22,113.31,Black Gram (Urd Beans)(Whole)
21.74,57.08,15.69,31.87,68.63,7.28,57.75,Green Gram (Moong)(Whole)
73.34,48.55,44.53,25.18,81.24,6.83,295.76,Rice
37.8,74.77,16.43,22.83,31.0,5.73,102.8,Arhar (Tur/Red Gram)(Whole)
88.96,65.95,45.38,23.06,80.47,7.34,176.39,Banana
27.95,55.01,23.09,30.33,70.1,6.63,50.99,Green Gram (Moong)(Whole)
35.75,54.32,17.13,33.66,84.44,6.5,57.62,Green Gram (Moong)(Whole)
24.34,78.53,72.45,22.88,52.94,6.72,140.4,Black Gram (Urd Beans)(Whole)
5.35,16.93,36.73,20.81,86.77,5.57,115.15,Pomegranate
43.53,69.94,33.22,28.13,19.04,6.02,129.88,Arhar (Tur/Red Gram)(Whole)
11.98,52.32,18.8,30.77,81.0,7.27,56.09,Green Gram (Moong)(Whole)
31.66,59.19,17.79,27.75,81.52,7.28,58.02,Green Gram (Moong)(Whole)
54.93,67.42,35.25,16.38,30.3,7.05,103.92,Black Gram (Urd Beans)(Whole)
103.42,63.48,47.17,20.31,75.51,6.34,228.93,Banana
95.15,69.58,43.7,27.72,76.53,6.78,164.09,Banana
88.65,94.84,48.19,26.41,79.11,6.74,205.56,Banana
22.46,65.04,24.36,28.08,38.7,5.79,89.27,Arhar (Tur/Red Gram)(Whole)
33.86,63.95,16.06,28.08,34.48,5.77,100.62,Arhar (Tur/Red Gram)(Whole)
23.11,55.82,21.76,31.15,83.57,7.14,64.85,Green Gram (Moong)(Whole)
27.98,67.03,32.89,20.84,50.01,6.45,103.9,Arhar (Tur/Red Gram)(Whole)
15.5,53.52,16.31,34.93,63.74,7.49,44.96,Green Gram (Moong)(Whole)
10.37,26.0,33.75,28.27,55.4,5.5,98.63,Mango
73.57,58.34,37.49,20.82,68.06,6.98,85.17,Apple
21.3,72.05,25.27,27.39,55.87,6.21,92.08,Arhar (Tur/Red Gram)(Whole)
92.48,85.52,44.84,25.73,80.23,7.4,138.85,Banana
11.62,61.6,38.85,22.06,27.12,5.62,103.54,Arhar (Tur/Red Gram)(Whole)
72.45,59.79,39.88,24.42,60.93,5.97,87.09,Apple
72.1,51.53,38.59,25.66,76.66,6.28,86.09,Bhindi(Ladies Finger)
6.25,16.9,34.54,20.41,88.49,5.53,118.38,Pomegranate
71.72,35.77,40.46,23.94,81.55,6.93,266.84,Rice
76.07,36.43,38.02,20.21,68.45,6.37,70.61,Apple
62.86,54.1,43.9,23.81,80.43,6.67,215.52,Rice
46.87,66.83,24.64,22.92,22.38,7.3,61.07,Black Gram (Urd Beans)(Whole)
5.7,22.39,38.17,20.01,85.95,5.69,103.37,Pomegranate
60.67,53.44,44.14,25.54,88.0,6.85,230.1,Rice
27.84,50.67,19.62,28.36,66.69,7.16,76.89,Green Gram (Moong)(Whole)
4.53,58.33,29.36,34.82,54.23,5.25,91.86,Mango
72.96,37.52,33.92,21.1,66.52,6.67,64.21,Apple
74.06,58.26,35.81,24.1,67.5,6.83,98.82,Bhindi(Ladies Finger)
76.46,46.87,40.01,24.42,85.22,6.15,257.95,Rice
28.37,21.29,21.52,28.11,48.81,5.47,82.98,Mango
54.19,75.73,66.09,24.05,65.63,6.72,121.86,Black Gram (Urd Beans)(Whole)
19.66,54.63,16.04,25.89,67.75,7.34,60.19,Green Gram (Moong)(Whole)
16.4,131.36,199.26,30.71,78.09,6.49,67.03,Grapes
77.18,51.93,24.19,22.68,68.14,6.67,86.46,Apple
26.33,61.0,26.28,23.05,44.37,5.91,123.59,Arhar (Tur/Red Gram)(Whole)
12.95,145.49,195.49,29.26,78.91,6.45,66.26,Grapes
69.08,46.68,42.95,22.03,88.78,6.75,285.57,Rice
71.34,60.05,41.37,23.49,66.95,6.42,87.43,Bhindi(Ladies Finger)
13.05,134.19,184.75,28.8,81.61,6.31,74.45,Grapes
75.94,50.02,43.76,22.56,85.98,7.24,233.4,Rice
102.96,66.43,45.32,27.37,83.98,6.23,186.47,Banana
74.75,32.48,38.95,21.29,67.03,6.31,84.38,Apple
3.08,56.41,24.58,27.6,45.97,6.15,96.93,Mango
8.55,28.56,21.77,26.4,56.99,4.6,92.62,Mango
12.12,50.49,15.02,34.77,77.18,7.03,57.38,Green Gram (Moong)(Whole)
12.37,40.78,25.43,29.33,47.89,5.97,84.03,Mango
29.65,145.14,204.85,28.55,76.97,6.47,77.44,Grapes
13.27,15.73,32.67,16.58,88.2,5.71,111.85,Pomegranate
13.54,25.46,37.08,19.32,86.94,6.34,108.18,Pomegranate
63.15,38.45,43.77,21.73,85.7,7.46,239.86,Rice
4.96,31.99,30.23,34.52,52.07,5.96,93.55,Mango
90.17,52.01,28.67,23.74,63.93,6.03,72.92,Apple
96.32,40.05,35.05,24.65,66.65,6.41,85.29,Apple
76.14,50.65,50.31,27.06,74.81,6.74,104.61,Bhindi(Ladies Finger)
96.53,78.85,43.56,26.93,77.85,6.85,143.93,Banana
17.59,130.51,183.27,31.42,84.44,6.12,62.61,Grapes
12.68,120.14,190.71,30.03,75.67,6.05,65.55,Grapes
27.36,56.38,18.49,30.66,75.1,7.27,54.26,Green Gram (Moong)(Whole)
37.91,55.11,19.7,25.19,70.73,7.25,74.22,Green Gram (Moong)(Whole)
76.78,53.19,50.65,27.2,65.02,7.17,109.62,Bhindi(Ladies Finger)
24.47,67.4,57.2,18.92,40.91,7.23,92.85,Black Gram (Urd Beans)(Whole)
17.82,63.97,18.68,25.02,51.46,6.4,118.97,Arhar (Tur/Red Gram)(Whole)
10.44,72.89,27.76,22.14,53.14,6.18,111.42,Arhar (Tur/Red Gram)(Whole)
39.42,67.84,15.64,27.5,21.08,6.12,115.27,Arhar (Tur/Red Gram)(Whole)
23.03,68.29,37.78,19.07,52.18,6.61,65.61,Black Gram (Urd Beans)(Whole)
21.29,143.39,182.82,30.66,80.17,6.28,64.65,Grapes
73.8,51.05,26.03,24.75,54.8,5.99,70.63,Apple
26.51,72.88,51.49,18.65,20.01,6.92,103.45,Black Gram (Urd Beans)(Whole)
21.11,49.36,31.76,32.55,46.08,5.94,90.1,Mango
92.33,58.31,48.1,26.56,75.14,6.22,194.14,Banana
8.39,22.02,38.01,15.81,88.68,6.35,112.16,Pomegranate
15.22,148.89,193.99,29.84,81.53,6.27,66.23,Grapes
8.89,24.39,32.79,24.26,87.14,6.09,104.27,Pomegranate
2.66,21.04,34.14,15.82,92.39,5.53,106.62,Pomegranate
16.8,53.99,15.66,34.87,75.98,6.68,76.63,Green Gram (Moong)(Whole)
26.57,53.8,18.79,31.35,84.08,6.56,60.95,Green Gram (Moong)(Whole)
38.03,74.07,24.9,23.62,35.05,6.47,103.62,Arhar (Tur/Red Gram)(Whole)
12.26,29.8,34.03,22.01,89.87,6.13,118.18,Pomegranate
13.86,124.61,207.02,28.88,76.01,6.1,69.2,Grapes
10.76,137.92,204.89,29.92,75.15,6.25,75.43,Grapes
29.78,36.96,33.73,31.13,51.91,5.76,83.93,Mango
44.67,73.7,61.05,18.26,61.42,6.7,98.61,Black Gram (Urd Beans)(Whole)
12.8,18.24,32.63,19.48,88.44,5.88,116.04,Pomegranate
9.44,24.38,38.69,22.81,85.36,5.52,106.84,Pomegranate
91.97,46.65,34.64,24.63,66.57,6.6,66.41,Apple
5.69,21.43,33.78,24.8,88.98,6.34,104.71,Pomegranate
86.13,67.14,45.55,24.83,83.86,5.69,140.72,Banana
30.24,67.13,21.01,27.07,41.92,6.34,97.05,Arhar (Tur/Red Gram)(Whole)
96.03,59.41,37.97,23.96,57.82,5.54,83.84,Apple
29.22,70.49,16.84,26.75,54.19,5.89,113.93,Arhar (Tur/Red Gram)(Whole)
93.21,62.87,54.85,26.44,70.6,7.06,91.98,Bhindi(Ladies Finger)
12.73,22.75,32.28,20.45,91.33,6.39,114.58,Pomegranate
83.83,65.0,46.59,25.17,76.63,6.42,100.88,Bhindi(Ladies Finger)
14.76,55.45,30.43,30.15,49.4,5.53,87.5,Mango
98.55,56.92,30.99,24.32,50.47,5.54,69.61,Apple
12.62,57.99,24.85,27.98,71.14,7.15,62.45,Green Gram (Moong)(Whole)
6.75,32.69,29.45,27.9,53.53,5.02,82.63,Mango
21.43,29.14,33.02,31.08,53.27,6.48,98.09,Mango
44.31,63.84,31.62,24.56,55.22,6.12,82.12,Arhar (Tur/Red Gram)(Whole)
11.08,138.38,197.03,29.0,81.11,6.13,71.68,Grapes
9.45,27.84,39.73,17.96,94.3,6.14,114.56,Pomegranate
46.88,75.16,58.67,22.25,42.65,7.35,63.51,Black Gram (Urd Beans)(Whole)
75.26,46.89,52.18,29.1,77.03,6.51,84.32,Bhindi(Ladies Finger)
76.86,50.54,42.93,25.69,83.35,6.9,264.61,Rice
18.87,145.68,190.5,30.13,78.35,6.23,72.96,Grapes
74.47,52.81,36.42,22.04,58.2,6.99,96.46,Apple
33.61,67.46,38.51,15.03,37.27,7.18,70.19,Black Gram (Urd Beans)(Whole)
25.06,59.1,16.13,31.1,73.93,7.38,71.74,Green Gram (Moong)(Whole)
13.61,69.72,35.91,20.74,39.47,6.38,96.19,Arhar (Tur/Red Gram)(Whole)
87.27,54.1,38.01,21.52,68.46,6.13,79.49,Apple
6.92,15.32,30.35,22.22,94.35,6.45,101.32,Pomegranate
27.02,57.8,17.41,31.05,66.0,7.16,60.13,Green Gram (Moong)(Whole)
100.72,89.37,42.33,23.41,82.34,6.52,100.67,Banana
24.2,73.88,61.82,24.4,17.68,6.97,73.04,Black Gram (Urd Beans)(Whole)
62.88,51.71,44.12,24.43,89.74,6.5,248.21,Rice
71.19,61.26,50.33,27.26,74.93,6.77,96.18,Bhindi(Ladies Finger)
32.37,71.03,28.84,18.17,18.94,6.16,125.03,Arhar (Tur/Red Gram)(Whole)
28.36,135.55,204.99,28.61,81.82,6.04,65.22,Grapes
12.43,52.52,19.74,34.78,71.43,7.39,43.86,Green Gram (Moong)(Whole)
25.97,59.34,21.71,29.0,62.85,7.33,58.02,Green Gram (Moong)(Whole)
39.21,41.58,21.03,34.04,58.11,5.35,88.64,Mango
90.3,57.44,24.68,20.52,62.62,5.93,78.44,Apple
11.09,38.48,33.75,27.25,54.09,5.97,80.64,Mango
22.81,73.46,39.59,19.87,60.44,6.64,75.64,Black Gram (Urd Beans)(Whole)
18.62,131.61,182.32,30.44,78.29,6.19,77.22,Grapes
85.74,45.3,24.72,24.86,55.77,5.78,89.11,Apple
103.99,72.09,45.46,26.59,79.04,6.1,138.96,Banana
73.96,44.76,38.08,22.62,63.13,6.85,92.85,Apple
68.19,49.0,44.37,20.63,88.28,6.86,278.27,Rice
11.97,135.31,199.22,31.9,77.89,6.23,60.76,Grapes
13.55,21.37,39.08,17.03,92.88,6.36,110.43,Pomegranate
53.85,66.17,44.69,22.94,23.08,7.02,93.24,Black Gram (Urd Beans)(Whole)
72.23,54.3,48.78,23.52,77.46,6.45,109.08,Bhindi(Ladies Finger)
85.02,47.05,49.67,29.73,65.26,6.87,80.51,Bhindi(Ladies Finger)
9.49,24.77,33.28,21.67,88.44,6.39,108.06,Pomegranate
35.93,79.47,31.55,25.88,51.61,6.61,137.17,Black Gram (Urd Beans)(Whole)
28.34,66.73,18.57,26.54,58.58,6.2,124.96,Arhar (Tur/Red Gram)(Whole)
92.77,40.17,36.1,22.17,67.12,6.68,65.92,Apple
95.21,56.33,33.18,24.01,56.14,6.72,96.06,Apple
29.13,59.31,23.82,31.76,55.27,6.18,96.3,Mango
14.14,145.09,201.28,29.31,77.01,6.26,60.73,Grapes
4.93,15.96,30.56,23.4,92.55,5.73,117.5,Pomegranate
78.88,59.99,53.06,29.91,72.98,6.57,88.19,Bhindi(Ladies Finger)
21.21,59.83,17.01,29.07,80.22,6.58,69.62,Green Gram (Moong)(Whole)
13.73,142.02,194.36,28.63,80.02,6.44,74.2,Grapes
100.23,87.27,49.44,21.64,78.0,7.49,196.98,Banana
20.54,126.77,200.33,30.94,77.43,6.01,64.96,Grapes
31.35,78.6,63.85,21.47,53.85,7.14,101.52,Black Gram (Urd Beans)(Whole)
28.81,127.47,190.94,29.0,75.33,6.27,60.32,Grapes
49.76,62.77,30.81,15.66,36.14,6.53,138.18,Black Gram (Urd Beans)(Whole)
39.77,66.55,33.53,29.37,22.48,6.13,136.89,Arhar (Tur/Red Gram)(Whole)
13.9,42.64,21.71,27.52,49.39,5.98,98.19,Mango
95.38,63.86,48.88,20.84,84.65,6.98,163.03,Banana
71.19,49.16,39.12,28.92,74.69,7.15,97.12,Bhindi(Ladies Finger)
19.67,62.29,23.79,20.21,23.56,5.79,103.66,Arhar (Tur/Red Gram)(Whole)
64.62,42.65,44.99,22.29,80.34,6.34,239.73,Rice
86.38,70.94,41.01,27.46,81.92,7.17,123.68,Banana
60.81,44.27,43.61,26.59,81.93,7.05,269.89,Rice
59.59,70.57,59.93,24.41,22.76,6.74,96.72,Black Gram (Urd Beans)(Whole)
80.28,58.84,22.38,21.35,65.89,6.69,70.97,Apple
97.67,63.84,46.18,28.95,82.3,5.96,193.91,Banana
86.25,70.8,42.89,28.73,76.39,5.86,170.64,Banana
42.11,63.66,39.36,23.85,27.49,6.15,132.99,Arhar (Tur/Red Gram)(Whole)
54.81,77.4,55.0,15.84,18.41,6.75,100.05,Black Gram (Urd Beans)(Whole)
28.67,64.89,30.24,26.14,49.01,6.64,63.62,Black Gram (Urd Beans)(Whole)
70.99,52.97,45.05,26.97,78.3,6.92,106.28,Bhindi(Ladies Finger)
90.8,49.82,51.31,29.01,74.63,6.5,82.12,Bhindi(Ladies Finger)
96.33,66.99,45.86,27.01,79.32,6.73,93.59,Banana
32.91,50.29,22.14,30.69,78.76,6.76,42.5,Green Gram (Moong)(Whole)
84.37,58.66,38.12,24.07,60.18,6.16,63.85,Apple
98.04,39.92,37.71,24.06,63.71,6.07,78.64,Apple
12.88,51.23,23.13,27.46,67.18,6.58,67.32,Green Gram (Moong)(Whole)
15.48,143.44,184.88,31.68,75.79,6.33,75.96,Grapes
82.41,31.04,37.37,22.02,53.77,6.39,99.53,Apple
15.42,71.84,15.92,24.25,31.69,5.84,131.05,Arhar (Tur/Red Gram)(Whole)
33.45,73.78,28.69,26.53,16.48,6.0,111.39,Arhar (Tur/Red Gram)(Whole)
31.53,32.47,28.93,28.41,45.56,6.35,82.65,Mango
30.02,27.56,28.25,29.16,51.07,5.18,96.21,Mango
83.0,45.5,20.78,21.67,64.86,6.41,90.08,Apple
35.07,55.53,22.2,34.23,73.18,7.05,59.35,Green Gram (Moong)(Whole)
18.64,56.93,24.18,27.43,77.75,7.18,47.5,Green Gram (Moong)(Whole)
36.01,73.65,22.01,17.35,28.99,6.62,119.15,Black Gram (Urd Beans)(Whole)
8.43,19.42,32.5,24.71,92.23,6.32,114.03,Pomegranate
23.57,71.6,33.98,16.95,25.46,5.75,123.83,Arhar (Tur/Red Gram)(Whole)
32.95,57.75,23.03,30.98,67.66,6.73,63.62,Green Gram (Moong)(Whole)
36.97,69.95,37.54,16.37,17.46,5.91,121.87,Arhar (Tur/Red Gram)(Whole)
37.09,53.17,26.42,31.64,54.67,5.01,88.27,Mango
4.87,27.53,31.45,17.18,89.17,5.62,112.4,Pomegranate
79.67,57.54,39.81,23.45,62.25,5.51,80.84,Apple
13.28,26.36,36.3,22.21,94.02,6.17,119.9,Pomegranate
94.91,73.74,49.35,21.38,80.53,7.39,142.18,Banana
10.96,135.03,187.42,30.66,81.45,6.37,75.05,Grapes
78.33,47.63,44.7,22.36,84.68,6.72,232.09,Rice
14.65,44.76,28.61,31.83,58.12,5.44,90.3,Mango
80.01,48.79,46.79,29.89,78.22,6.93,104.73,Bhindi(Ladies Finger)
26.94,58.95,22.76,26.93,52.04,5.07,93.88,Mango
101.92,81.32,43.5,27.41,80.56,7.13,215.3,Banana
73.35,37.71,42.67,20.99,80.44,6.54,235.84,Rice
36.55,73.49,17.69,28.17,16.32,6.37,139.78,Arhar (Tur/Red Gram)(Whole)
5.16,24.36,36.86,20.42,94.57,5.54,110.96,Pomegranate
6.35,48.02,22.41,31.8,56.36,6.09,94.03,Mango
70.35,48.91,36.84,21.99,56.21,6.71,97.85,Apple
43.2,74.43,38.1,18.33,17.13,5.98,90.75,Arhar (Tur/Red Gram)(Whole)
18.82,60.7,22.84,25.12,63.24,6.3,113.13,Arhar (Tur/Red Gram)(Whole)
12.53,53.12,17.97,27.94,79.71,7.04,42.39,Green Gram (Moong)(Whole)
73.47,40.42,41.0,26.26,89.34,6.92,266.99,Rice
74.76,45.43,44.87,21.72,82.97,6.7,234.22,Rice
89.79,71.86,48.16,29.51,76.68,6.22,150.67,Banana
102.15,67.02,47.84,22.18,84.54,6.58,229.76,Banana
44.28,64.82,18.95,28.41,24.14,5.82,121.97,Arhar (Tur/Red Gram)(Whole)
29.76,67.37,32.62,20.59,23.76,6.11,121.7,Arhar (Tur/Red Gram)(Whole)
38.51,66.42,30.6,25.15,55.1,6.99,110.58,Black Gram (Urd Beans)(Whole)
13.0,67.03,19.08,28.22,46.07,6.17,124.04,Arhar (Tur/Red Gram)(Whole)
65.45,49.03,41.44,26.3,86.67,6.11,246.3,Rice
84.0,51.94,26.87,22.59,56.67,6.83,76.45,Apple
40.99,74.2,19.05,18.24,37.97,5.69,85.21,Arhar (Tur/Red Gram)(Whole)
99.52,80.21,46.75,25.27,83.15,6.71,163.04,Banana
51.8,62.98,78.24,26.46,66.49,6.91,69.0,Black Gram (Urd Beans)(Whole)
54.14,71.6,37.01,27.8,56.54,7.09,138.23,Black Gram (Urd Beans)(Whole)
85.79,54.65,50.86,22.32,74.52,6.18,82.36,Bhindi(Ladies Finger)
69.79,35.4,42.08,20.18,89.48,7.26,292.63,Rice
85.35,47.15,39.69,23.82,55.47,5.62,61.76,Apple
33.02,45.16,21.82,34.18,46.23,5.62,85.55,Mango
30.78,65.7,69.96,25.34,37.98,6.67,88.74,Black Gram (Urd Beans)(Whole)
78.56,50.9,44.69,26.96,87.54,7.27,289.41,Rice
97.09,46.54,26.03,24.86,51.49,6.67,91.62,Apple
13.82,143.54,181.28,28.87,76.56,6.25,75.07,Grapes
96.91,56.77,26.09,22.95,51.0,5.5,94.06,Apple
27.4,35.35,26.91,26.93,48.46,4.65,91.98,Mango
71.44,50.72,42.12,23.44,82.09,7.03,270.98,Rice
34.82,74.35,64.54,15.15,54.52,7.1,104.69,Black Gram (Urd Beans)(Whole)
28.01,64.21,38.35,25.19,43.2,6.03,96.88,Arhar (Tur/Red Gram)(Whole)
67.23,46.03,40.12,21.81,82.41,7.23,265.62,Rice
25.29,42.2,22.34,30.07,55.48,5.38,94.54,Mango
42.05,73.6,69.48,24.15,59.41,7.42,147.25,Black Gram (Urd Beans)(Whole)
95.63,91.73,45.09,21.34,77.96,7.26,200.44,Banana
76.18,58.68,53.18,29.75,74.02,6.81,93.67,Bhindi(Ladies Finger)
80.71,59.87,38.08,23.9,64.39,6.06,63.74,Apple
82.24,54.81,28.61,24.07,62.86,6.95,73.98,Apple
70.7,57.7,44.75,25.15,75.55,6.79,107.32,Bhindi(Ladies Finger)
26.75,55.57,18.37,31.62,80.53,7.46,79.43,Green Gram (Moong)(Whole)
44.3,63.53,20.61,24.3,57.17,6.49,112.99,Arhar (Tur/Red Gram)(Whole)
80.22,57.95,35.38,24.22,72.42,6.19,87.96,Bhindi(Ladies Finger)
92.32,68.87,41.74,26.68,77.06,7.37,195.01,Banana
95.08,33.26,20.32,21.36,66.31,5.53,89.67,Apple
81.4,49.45,33.09,23.46,54.12,6.08,83.3,Apple
51.03,71.71,30.6,15.32,54.48,7.22,118.22,Black Gram (Urd Beans)(Whole)
8.16,24.37,33.52,17.64,88.93,5.79,114.06,Pomegranate
28.57,78.93,60.68,27.29,60.47,6.9,61.63,Black Gram (Urd Beans)(Whole)
75.65,36.0,21.29,22.32,59.72,6.75,93.73,Apple
13.27,144.16,207.21,28.15,77.5,6.12,76.3,Grapes
85.44,67.31,44.57,21.39,78.01,6.79,187.84,Banana
41.09,76.31,31.66,26.73,55.41,6.57,132.74,Black Gram (Urd Beans)(Whole)
12.11,136.72,206.34,28.29,78.83,6.13,75.71,Grapes
79.93,32.86,34.17,20.46,56.7,6.42,92.29,Apple
27.42,52.33,17.69,30.97,76.63,6.92,58.01,Green Gram (Moong)(Whole)
89.3,76.37,42.98,22.77,84.66,6.52,215.95,Banana
49.03,78.73,58.55,25.74,43.82,7.17,115.71,Black Gram (Urd Beans)(Whole)
64.68,35.7,41.59,23.41,88.16,7.49,266.21,Rice
67.35,54.69,44.62,24.93,88.04,6.97,205.48,Rice
14.74,50.99,23.71,28.47,75.72,7.15,68.36,Green Gram (Moong)(Whole)
91.16,62.61,51.9,29.9,65.26,6.85,96.32,Bhindi(Ladies Finger)
14.13,51.41,17.31,28.02,60.49,7.28,55.41,Green Gram (Moong)(Whole)
46.39,75.21,69.59,25.12,34.77,6.64,92.03,Black Gram (Urd Beans)(Whole)
74.49,49.3,44.47,24.25,86.06,6.59,267.79,Rice
34.66,73.27,18.83,17.05,29.86,5.79,96.84,Arhar (Tur/Red Gram)(Whole)
23.43,147.98,188.22,30.89,77.08,6.24,75.25,Grapes
35.07,71.43,76.66,19.83,35.98,6.54,133.72,Black Gram (Urd Beans)(Whole)
24.79,149.17,204.63,31.02,83.09,6.13,69.47,Grapes
16.4,57.64,18.82,25.48,60.11,7.29,78.83,Green Gram (Moong)(Whole)
18.42,73.37,38.64,26.99,47.84,6.38,87.42,Arhar (Tur/Red Gram)(Whole)
24.06,120.99,192.77,28.66,76.61,6.14,64.91,Grapes
26.17,73.59,16.65,18.76,22.93,6.13,138.81,Arhar (Tur/Red Gram)(Whole)
76.63,50.73,42.64,23.94,81.66,7.44,228.1,Rice
90.54,57.2,46.5,23.34,72.2,6.7,108.94,Bhindi(Ladies Finger)
88.41,70.66,42.57,20.22,76.81,6.18,93.34,Banana
76.35,47.79,40.14,25.14,84.07,6.92,244.0,Rice
20.3,38.43,30.14,34.23,48.33,5.03,96.96,Mango
77.21,62.27,50.61,29.94,65.95,6.26,97.87,Bhindi(Ladies Finger)
32.23,71.79,15.41,22.52,24.28,6.02,108.15,Arhar (Tur/Red Gram)(Whole)
11.31,26.79,33.82,29.23,54.38,5.03,80.92,Mango
88.35,87.41,43.59,28.18,76.4,6.2,229.51,Banana
39.64,51.01,18.2,28.29,75.17,6.6,66.46,Green Gram (Moong)(Whole)
81.13,49.47,47.58,29.65,66.7,7.01,100.13,Bhindi(Ladies Finger)
17.01,69.09,27.48,28.51,38.88,5.99,95.19,Arhar (Tur/Red Gram)(Whole)
80.11,57.13,41.28,24.28,72.55,6.35,98.66,Bhindi(Ladies Finger)
37.96,60.85,21.81,17.78,51.96,5.97,102.75,Arhar (Tur/Red Gram)(Whole)
97.76,54.88,29.61,24.01,68.65,6.05,60.06,Apple
56.08,72.01,23.56,24.02,32.85,6.87,78.2,Black Gram (Urd Beans)(Whole)
15.36,72.5,27.77,22.79,38.0,6.19,122.24,Arhar (Tur/Red Gram)(Whole)
25.09,57.68,32.17,27.72,49.38,5.25,91.23,Mango
10.94,23.47,38.36,17.32,93.3,6.2,100.02,Pomegranate
15.23,52.28,20.08,33.05,77.83,6.71,43.57,Green Gram (Moong)(Whole)
32.81,51.63,24.59,31.7,70.53,7.03,70.81,Green Gram (Moong)(Whole)
13.4,15.66,36.89,19.36,87.25,6.43,101.76,Pomegranate
66.88,50.89,43.95,22.59,82.76,6.68,229.99,Rice
21.2,78.37,71.1,21.8,55.79,6.86,81.24,Black Gram (Urd Beans)(Whole)
97.45,75.13,44.52,25.54,75.15,6.03,135.71,Banana
64.54,48.89,40.05,22.55,88.79,6.45,275.91,Rice
7.58,18.63,36.23,17.1,86.46,6.11,101.12,Pomegranate
32.3,40.67,22.83,25.25,51.4,4.93,82.92,Mango
22.37,55.15,15.92,29.12,72.74,6.71,62.14,Green Gram (Moong)(Whole)
98.11,59.67,36.06,22.72,69.98,5.59,99.4,Apple
7.84,21.85,32.27,32.26,50.2,5.1,87.03,Mango
69.64,42.29,40.43,23.44,83.16,6.4,234.45,Rice
74.13,64.41,41.02,27.31,67.15,6.25,81.68,Bhindi(Ladies Finger)
69.29,40.38,41.85,23.59,84.44,6.37,211.33,Rice
77.71,48.88,23.19,23.13,51.62,5.5,69.12,Apple
43.74,63.24,66.97,17.57,54.86,6.65,120.01,Black Gram (Urd Beans)(Whole)
17.47,51.24,16.97,33.75,68.81,6.63,50.23,Green Gram (Moong)(Whole)
38.38,73.09,27.66,21.12,16.62,6.34,138.64,Arhar (Tur/Red Gram)(Whole)
87.73,63.87,46.34,25.63,78.64,7.49,221.26,Banana
70.33,35.57,40.87,24.72,87.91,7.02,205.92,Rice
70.85,34.88,32.48,22.85,61.94,5.97,75.43,Apple
37.42,62.17,51.83,19.11,62.59,7.4,125.56,Black Gram (Urd Beans)(Whole)
70.83,39.13,44.65,20.49,89.46,7.4,287.75,Rice
65.54,35.23,43.87,23.46,81.93,6.91,232.68,Rice
29.46,76.81,75.1,24.57,23.12,6.93,126.3,Black Gram (Urd Beans)(Whole)
76.4,50.71,24.25,21.95,52.74,6.28,82.11,Apple
30.66,66.6,74.05,20.89,45.66,7.12,81.7,Black Gram (Urd Beans)(Whole)
86.98,63.85,51.65,25.98,66.85,7.35,91.71,Bhindi(Ladies Finger)
104.23,94.11,46.36,27.71,82.72,7.08,170.25,Banana
93.78,62.92,43.1,23.5,72.96,7.13,109.62,Bhindi(Ladies Finger)
36.67,65.97,15.04,24.57,63.67,6.49,92.16,Arhar (Tur/Red Gram)(Whole)
13.02,70.22,29.27,23.02,17.97,6.05,99.36,Arhar (Tur/Red Gram)(Whole)
10.26,27.07,23.33,29.57,52.12,4.87,91.67,Mango
32.99,33.7,27.55,26.44,51.87,5.13,80.76,Mango
76.16,41.21,44.62,24.94,87.91,6.22,243.01,Rice
8.78,47.49,26.45,26.23,58.74,5.63,97.32,Mango
29.0,67.01,39.16,15.17,62.76,5.91,87.03,Arhar (Tur/Red Gram)(Whole)
96.37,86.03,48.25,21.95,82.24,7.46,141.77,Banana
100.84,78.46,48.21,21.75,84.45,7.09,139.33,Banana
9.08,45.15,25.39,25.39,45.25,6.16,97.03,Mango
36.14,36.71,24.42,25.26,55.45,6.5,88.26,Mango
88.23,48.07,40.99,26.57,75.35,6.83,94.6,Bhindi(Ladies Finger)
5.9,18.09,34.92,19.07,91.05,6.45,102.85,Pomegranate
11.48,22.85,38.17,23.17,91.1,6.28,115.35,Pomegranate
65.36,47.21,41.04,24.92,88.89,6.42,287.28,Rice
89.27,94.09,41.53,29.07,77.49,6.46,223.09,Banana
99.06,56.74,34.69,20.18,52.76,6.17,85.44,Apple
96.72,84.15,47.22,26.31,80.27,5.56,162.51,Banana
17.62,72.15,18.53,25.72,49.74,6.22,126.01,Arhar (Tur/Red Gram)(Whole)
74.38,44.41,43.85,20.54,80.31,6.47,241.18,Rice
70.45,55.92,33.51,24.57,62.41,5.7,85.17,Apple
17.36,130.03,188.55,31.07,80.39,6.04,70.99,Grapes
33.42,69.11,62.84,21.59,61.39,7.45,66.79,Black Gram (Urd Beans)(Whole)
82.62,55.9,24.41,24.18,54.34,6.4,73.49,Apple
11.81,51.17,22.85,29.15,66.88,7.19,58.58,Green Gram (Moong)(Whole)
32.09,58.99,21.13,25.96,50.16,5.95,88.08,Mango
12.34,60.45,35.02,27.92,55.0,6.13,136.61,Arhar (Tur/Red Gram)(Whole)
94.84,64.64,42.73,24.69,68.13,7.11,84.97,Bhindi(Ladies Finger)
20.37,52.25,21.07,25.74,74.62,7.32,47.48,Green Gram (Moong)(Whole)
39.95,66.39,21.1,25.62,63.0,7.06,65.27,Black Gram (Urd Beans)(Whole)
103.36,73.72,41.25,29.48,75.11,7.09,181.42,Banana
13.21,47.64,24.5,34.61,49.14,6.3,81.5,Mango
34.13,21.77,34.81,32.51,52.99,5.06,83.43,Mango
8.3,22.07,32.33,22.82,92.41,5.53,102.67,Pomegranate
20.06,66.71,28.29,19.9,52.86,6.46,118.58,Arhar (Tur/Red Gram)(Whole)
15.56,147.92,199.41,28.6,76.45,6.46,63.28,Grapes
80.18,49.7,22.64,20.91,59.39,5.52,62.26,Apple
95.75,85.32,41.51,26.71,84.78,6.39,111.67,Banana
13.9,18.89,33.45,22.87,87.9,6.3,118.6,Pomegranate
72.21,52.18,47.99,28.55,70.2,6.17,95.81,Bhindi(Ladies Finger)
70.47,63.59,47.69,26.64,79.75,6.64,82.48,Bhindi(Ladies Finger)
61.4,46.96,41.26,23.33,86.19,6.23,290.23,Rice
87.94,58.36,44.62,25.72,84.2,7.37,192.6,Banana
84.91,59.77,54.26,22.05,72.17,7.01,89.49,Bhindi(Ladies Finger)
37.89,58.39,17.47,33.67,66.85,7.35,56.69,Green Gram (Moong)(Whole)
18.42,145.23,196.93,29.9,77.76,6.45,72.05,Grapes
47.75,72.0,31.15,27.97,43.5,7.11,114.2,Black Gram (Urd Beans)(Whole)
23.0,60.57,39.74,21.75,35.59,7.11,79.59,Black Gram (Urd Beans)(Whole)
21.11,66.64,16.85,26.76,23.29,5.55,95.86,Arhar (Tur/Red Gram)(Whole)
91.28,64.68,42.25,25.29,69.41,6.87,108.81,Bhindi(Ladies Finger)
20.72,54.38,20.73,30.5,63.86,7.03,55.56,Green Gram (Moong)(Whole)
38.55,62.12,27.97,25.26,24.94,7.17,118.47,Black Gram (Urd Beans)(Whole)
31.59,65.14,23.67,26.67,31.41,5.86,131.58,Arhar (Tur/Red Gram)(Whole)
26.84,67.88,18.19,19.49,22.36,5.94,91.62,Arhar (Tur/Red Gram)(Whole)
29.58,34.19,29.31,29.21,59.32,5.23,99.86,Mango
86.41,43.33,20.19,23.62,50.08,6.03,95.39,Apple
23.62,121.96,200.62,28.67,81.86,6.22,75.19,Grapes
24.78,50.26,22.08,32.14,84.53,7.24,78.65,Green Gram (Moong)(Whole)
17.7,74.83,25.85,17.23,17.07,6.2,89.2,Arhar (Tur/Red Gram)(Whole)
93.45,90.99,49.36,24.31,83.65,6.85,143.59,Banana
80.35,57.65,40.81,25.03,76.33,7.49,98.23,Bhindi(Ladies Finger)
27.38,142.75,204.55,29.45,84.41,6.5,75.14,Grapes
86.62,52.07,40.81,23.51,78.25,6.94,104.8,Bhindi(Ladies Finger)
9.94,19.42,32.35,22.45,85.14,6.01,101.51,Pomegranate
86.56,50.56,37.18,22.27,54.57,6.86,60.55,Apple
102.19,92.63,45.61,28.13,77.8,7.42,120.97,Banana
72.6,51.04,43.71,20.27,88.21,6.32,257.82,Rice
28.89,140.35,194.48,30.17,83.91,6.04,61.22,Grapes
29.37,144.41,199.08,28.91,78.12,6.49,70.05,Grapes
35.17,56.88,24.36,33.07,75.55,6.96,52.57,Green Gram (Moong)(Whole)
78.58,49.21,22.04,20.72,66.6,6.16,80.51,Apple
42.16,60.1,23.41,20.08,27.5,5.78,100.24,Arhar (Tur/Red Gram)(Whole)
73.85,51.43,40.52,25.82,89.87,7.3,294.7,Rice
38.85,72.74,59.62,24.75,60.37,6.86,80.28,Black Gram (Urd Beans)(Whole)
10.48,123.22,186.55,28.23,75.51,6.09,76.94,Grapes
7.86,51.0,22.59,32.45,54.64,6.47,95.65,Mango
67.78,46.61,42.42,25.05,81.18,6.33,226.6,Rice
29.76,129.55,200.7,31.05,82.82,6.33,77.22,Grapes
57.98,76.37,77.0,15.24,44.59,7.37,119.33,Black Gram (Urd Beans)(Whole)
27.17,61.12,29.76,29.73,46.35,5.7,127.8,Arhar (Tur/Red Gram)(Whole)
14.49,51.89,22.09,30.37,77.96,7.41,71.09,Green Gram (Moong)(Whole)
17.95,132.6,196.71,28.15,75.58,6.06,60.5,Grapes
8.34,16.41,30.63,22.02,91.17,5.79,108.67,Pomegranate
69.77,54.94,44.51,26.42,83.35,6.14,270.16,Rice
90.75,78.07,41.1,29.12,80.52,7.22,227.52,Banana
39.22,51.41,15.99,30.11,72.88,7.46,60.58,Green Gram (Moong)(Whole)
87.07,53.3,36.21,23.28,75.7,6.07,85.77,Bhindi(Ladies Finger)
80.48,52.76,36.18,24.79,75.92,6.6,85.52,Bhindi(Ladies Finger)
22.86,51.86,20.15,30.43,73.07,7.33,41.16,Green Gram (Moong)(Whole)
34.97,73.03,37.71,25.76,22.32,5.97,130.0,Arhar (Tur/Red Gram)(Whole)
25.92,53.49,15.42,27.76,68.73,6.55,51.69,Green Gram (Moong)(Whole)
18.75,48.31,25.25,31.41,56.66,5.5,95.22,Mango
7.08,25.91,33.93,18.62,85.96,5.61,106.49,Pomegranate
22.89,51.35,15.66,27.25,63.67,7.2,64.48,Green Gram (Moong)(Whole)
31.28,68.53,36.18,27.29,62.74,5.76,115.14,Arhar (Tur/Red Gram)(Whole)
14.17,17.88,34.54,18.1,88.16,6.13,107.43,Pomegranate
72.53,48.61,40.12,24.02,85.29,6.06,236.4,Rice
10.6,51.79,17.19,34.9,76.7,6.8,53.63,Green Gram (Moong)(Whole)
89.94,83.91,42.54,20.04,82.84,7.19,127.15,Banana
19.55,29.04,21.66,33.77,45.35,5.51,80.99,Mango
14.25,41.98,29.32,27.62,57.2,4.83,99.91,Mango
23.67,129.22,209.53,31.17,80.01,6.18,79.17,Grapes
54.41,74.19,20.19,27.97,39.03,6.79,88.61,Black Gram (Urd Beans)(Whole)
64.61,43.09,44.28,21.81,87.84,6.24,286.9,Rice
96.56,81.68,45.79,24.79,76.02,5.81,213.82,Banana
37.07,59.68,25.69,27.52,50.09,4.99,93.7,Mango
19.11,37.24,21.26,32.63,57.88,6.41,87.87,Mango
87.97,53.92,23.87,21.07,53.41,6.74,67.78,Apple
20.97,67.91,20.07,24.66,33.17,6.33,122.62,Arhar (Tur/Red Gram)(Whole)
79.24,62.58,37.87,29.61,70.11,6.36,103.99,Bhindi(Ladies Finger)
29.4,57.08,20.46,34.6,74.58,6.59,51.32,Green Gram (Moong)(Whole)
12.21,27.1,30.78,16.55,85.32,5.56,103.02,Pomegranate
13.36,65.39,22.51,18.58,58.64,5.79,126.84,Arhar (Tur/Red Gram)(Whole)
13.24,65.78,39.91,22.98,54.62,6.18,112.4,Arhar (Tur/Red Gram)(Whole)
73.51,45.6,40.46,24.69,89.31,6.25,269.22,Rice
72.29,44.52,27.32,23.71,51.85,6.62,68.9,Apple
102.69,85.08,49.43,23.97,84.74,6.49,166.89,Banana
35.67,44.49,33.93,27.11,56.04,5.46,90.14,Mango
12.52,145.28,190.86,28.55,76.81,6.3,61.2,Grapes
100.56,69.02,47.57,26.08,79.5,6.23,180.35,Banana
11.46,66.85,25.96,22.15,46.86,5.88,123.08,Arhar (Tur/Red Gram)(Whole)
15.27,125.45,204.79,29.15,83.33,6.17,60.34,Grapes
15.75,132.85,195.44,29.76,76.25,6.13,75.71,Grapes
20.0,58.41,21.64,30.88,74.26,6.67,70.62,Green Gram (Moong)(Whole)
91.73,94.46,49.71,22.86,83.1,5.76,213.66,Banana
97.44,63.58,46.04,29.04,75.78,5.65,203.6,Banana
12.14,137.71,184.69,29.52,78.96,6.45,76.29,Grapes
100.31,83.72,49.16,25.52,76.91,6.08,186.98,Banana
84.44,57.2,54.61,28.58,77.67,6.59,92.01,Bhindi(Ladies Finger)
3.53,39.55,28.59,25.39,46.82,4.6,88.55,Mango
93.12,49.65,39.26,28.41,68.85,6.08,108.34,Bhindi(Ladies Finger)
21.58,140.65,196.45,31.76,75.82,6.46,60.41,Grapes
103.4,69.47,45.83,22.28,81.98,7.14,144.89,Banana
10.36,27.63,36.11,17.27,92.99,6.21,118.9,Pomegranate
86.17,47.12,47.47,27.02,72.33,6.12,92.75,Bhindi(Ladies Finger)
8.38,20.21,35.73,24.5,93.45,6.01,104.4,Pomegranate
3.29,19.19,37.7,18.77,86.56,6.05,103.5,Pomegranate
22.45,126.59,180.07,29.81,80.4,6.44,79.11,Grapes
79.77,33.2,37.22,23.81,51.27,5.97,91.41,Apple
92.12,46.9,38.69,28.06,66.19,6.59,107.54,Bhindi(Ladies Finger)
24.96,56.85,32.27,29.93,46.78,4.88,89.53,Mango
21.86,129.26,195.62,31.13,79.08,6.29,75.55,Grapes
30.83,51.76,23.15,34.2,60.02,6.75,59.58,Green Gram (Moong)(Whole)
49.65,70.62,22.06,27.3,57.15,7.4,132.62,Black Gram (Urd Beans)(Whole)
10.55,59.96,22.19,28.05,55.76,5.56,84.45,Mango
14.56,37.11,21.88,32.92,47.38,5.51,82.36,Mango
71.13,31.42,32.15,22.11,68.77,6.49,64.28,Apple
81.41,40.1,38.2,21.23,68.14,6.82,77.69,Apple
75.6,48.51,46.54,28.46,69.41,6.03,105.04,Bhindi(Ladies Finger)
20.53,55.62,29.55,30.93,57.22,5.39,97.5,Mango
85.1,64.31,52.31,23.08,67.64,6.52,86.85,Bhindi(Ladies Finger)
60.75,49.41,42.06,26.59,84.77,6.51,282.38,Rice
2.44,32.83,25.28,25.45,53.69,5.73,91.15,Mango
35.06,58.62,21.5,27.67,66.82,7.0,54.45,Green Gram (Moong)(Whole)
30.74,59.48,22.22,26.26,62.47,7.2,48.61,Green Gram (Moong)(Whole)
78.58,61.58,40.74,29.02,71.23,6.19,99.31,Bhindi(Ladies Finger)
22.12,57.72,15.69,29.29,60.04,7.1,79.65,Green Gram (Moong)(Whole)
14.29,26.52,37.28,19.78,91.97,5.69,111.01,Pomegranate
73.6,49.54,43.45,22.49,85.59,7.45,234.34,Rice
68.69,39.1,42.11,22.42,82.93,6.82,234.89,Rice
32.74,50.84,15.48,25.78,83.81,7.1,73.59,Green Gram (Moong)(Whole)
7.26,52.58,24.32,32.53,51.11,6.05,87.35,Mango
74.49,46.65,33.29,24.69,65.48,6.34,88.81,Apple
103.34,78.0,41.02,25.16,81.08,6.44,121.2,Banana
102.38,88.84,41.31,23.49,76.87,7.23,93.44,Banana
38.97,62.95,26.05,16.12,21.92,6.35,95.17,Arhar (Tur/Red Gram)(Whole)
25.6,52.13,23.86,33.91,75.39,7.26,71.66,Green Gram (Moong)(Whole)
90.32,89.39,46.43,28.49,76.79,6.41,197.09,Banana
98.02,60.35,45.91,23.29,79.37,5.81,224.73,Banana
87.91,69.8,48.41,28.18,81.21,6.59,185.91,Banana
9.78,24.28,31.04,18.54,90.45,6.05,117.09,Pomegranate
7.64,23.1,31.59,18.75,94.33,5.69,113.62,Pomegranate
3.5,16.2,36.19,19.95,91.17,6.01,102.09,Pomegranate
25.52,59.56,18.39,25.89,76.58,6.98,79.03,Green Gram (Moong)(Whole)
70.25,52.77,42.67,25.56,86.16,7.4,260.96,Rice
9.8,27.34,36.79,21.09,88.16,6.36,105.92,Pomegranate
31.5,59.0,18.8,28.84,60.09,6.68,56.89,Green Gram (Moong)(Whole)
39.51,74.13,22.06,24.47,28.29,6.36,94.95,Arhar (Tur/Red Gram)(Whole)
20.76,125.89,207.04,29.24,84.54,6.0,60.52,Grapes
27.88,56.53,24.03,32.41,47.52,4.89,93.23,Mango
11.96,133.61,186.38,29.75,77.99,6.15,68.45,Grapes
76.97,50.75,37.68,25.6,79.49,6.21,84.05,Bhindi(Ladies Finger)
14.65,63.56,38.06,28.27,51.94,5.52,83.45,Arhar (Tur/Red Gram)(Whole)
99.58,31.39,27.47,22.5,52.06,5.82,78.77,Apple
71.82,50.86,36.94,28.89,70.0,6.23,91.66,Bhindi(Ladies Finger)
10.98,43.88,32.86,27.62,46.54,4.86,93.48,Mango
71.45,53.12,29.21,23.84,57.0,5.65,62.07,Apple
88.61,49.74,34.78,22.37,55.74,6.26,68.82,Apple
66.53,47.05,40.94,23.8,80.75,6.64,204.11,Rice
24.7,146.78,199.44,28.31,83.24,6.49,75.17,Grapes
47.49,74.51,29.43,19.53,30.63,7.22,145.51,Black Gram (Urd Beans)(Whole)
60.85,38.81,42.74,21.1,80.15,6.95,233.89,Rice
26.36,79.56,57.12,17.58,41.1,7.26,96.29,Black Gram (Urd Beans)(Whole)
13.09,31.93,22.09,26.73,53.66,6.45,85.53,Mango
92.46,80.57,41.45,24.3,79.2,6.26,209.5,Banana
79.85,59.15,26.98,21.42,55.38,6.08,78.31,Apple
16.77,126.56,208.24,30.82,75.24,6.26,78.61,Grapes
94.55,79.02,47.22,28.89,78.54,6.83,187.52,Banana
47.1,72.08,35.66,22.65,21.96,7.42,107.24,Black Gram (Urd Beans)(Whole)
65.38,48.35,42.2,22.47,83.75,7.03,288.36,Rice
88.78,82.6,44.21,28.33,84.22,7.19,182.93,Banana
15.8,55.37,23.0,28.49,67.93,6.9,66.91,Green Gram (Moong)(Whole)
38.93,51.9,16.98,25.19,67.07,6.66,56.26,Green Gram (Moong)(Whole)
66.67,49.62,42.97,23.02,81.57,7.27,244.13,Rice
12.69,57.24,25.55,30.62,58.13,4.78,96.37,Mango
19.24,144.46,207.6,30.55,83.98,6.08,64.87,Grapes
39.7,20.57,34.61,30.77,54.73,5.2,95.0,Mango
88.28,46.05,35.43,29.19,67.42,6.3,109.17,Bhindi(Ladies Finger)
70.49,59.55,44.6,27.56,73.87,6.43,94.17,Bhindi(Ladies Finger)
8.95,15.8,30.06,15.59,85.99,5.55,105.66,Pomegranate
10.99,49.4,25.47,31.32,55.25,4.58,91.46,Mango
75.29,50.44,37.52,29.7,69.56,6.56,93.23,Bhindi(Ladies Finger)
79.6,36.24,40.67,20.98,81.17,6.32,246.93,Rice
83.6,50.67,49.62,22.43,79.18,6.36,89.46,Bhindi(Ladies Finger)
33.72,66.99,33.98,29.86,24.36,6.3,90.63,Arhar (Tur/Red Gram)(Whole)
23.64,124.55,191.6,31.36,84.16,6.04,61.87,Grapes
3.37,21.55,38.94,23.14,88.66,5.6,114.02,Pomegranate
86.87,57.15,35.48,29.36,78.35,6.48,80.98,Bhindi(Ladies Finger)
75.51,46.99,43.84,23.17,66.1,7.47,83.58,Bhindi(Ladies Finger)
14.73,142.54,196.05,31.09,80.09,6.47,64.41,Grapes
5.52,28.49,39.22,20.72,86.34,5.83,113.16,Pomegranate
22.42,68.72,37.15,27.23,50.81,7.03,65.42,Black Gram (Urd Beans)(Whole)
49.85,76.55,58.11,23.12,29.15,6.66,83.84,Black Gram (Urd Beans)(Whole)
88.96,73.55,43.68,21.73,82.67,7.28,99.32,Banana
85.87,64.49,45.24,25.5,77.91,6.26,219.02,Banana
47.83,75.19,46.15,25.48,24.1,7.12,141.88,Black Gram (Urd Beans)(Whole)
30.09,70.05,39.22,18.39,37.3,5.99,101.84,Arhar (Tur/Red Gram)(Whole)
27.59,50.28,24.1,27.28,60.79,7.1,45.11,Green Gram (Moong)(Whole)
69.97,49.86,44.02,21.21,83.41,6.69,289.25,Rice
86.71,92.43,45.15,20.39,81.06,6.15,135.3,Banana
78.83,60.72,36.0,22.08,71.75,6.27,82.38,Bhindi(Ladies Finger)
63.9,50.28,41.81,23.41,85.91,7.44,260.78,Rice
98.07,70.44,43.75,23.93,78.28,6.03,179.99,Banana
72.7,30.68,25.24,23.93,52.07,6.8,90.01,Apple
